episode,reward,avg_reward,q0,steps
1,-110.034707107561,-110.034707107561,-3.51672242686618e-05,40
2,-136.369136962497,-123.201922035029,-3.51672242686618e-05,55
3,-67.9466188005617,-104.78348762354,-3.51672242686618e-05,85
4,-33.1838570867598,-86.8835799893448,-3.51672242686618e-05,85
5,-38.4578401783044,-77.1984320271367,-3.51672242686618e-05,85
6,-87.3500086900516,-78.8903614709559,-3.51672242686618e-05,85
7,-87.501924741135,-80.1205847952672,-3.51672242686618e-05,85
8,21.9562016700899,-67.3609864870975,-3.51672242686618e-05,85
9,-5.23984630690088,-60.4586375781868,-3.51672242686618e-05,85
10,-26.4919379790117,-57.0619676182693,-3.51672242686618e-05,85
11,-136.60275901631,-64.2929486544548,-3.51672242686618e-05,85
12,-213.227347322226,-76.7041485434357,-3.51672242686618e-05,85
13,-66.4749960199117,-75.9172906570108,-3.51672242686618e-05,85
14,-31.8909076071919,-72.7725490105952,-3.51672242686618e-05,85
15,-128.592846596896,-76.4939021830152,-3.51672242686618e-05,85
16,-72.9275341957403,-76.2710041838105,-3.51672242686618e-05,85
17,-22.1945972142837,-73.090039067956,-3.51672242686618e-05,85
18,-173.952940588689,-78.6935335968856,-3.51672242686618e-05,85
19,-122.612791993484,-81.005073512496,-3.51672242686618e-05,75
20,-124.901105674236,-83.199875120583,-3.51672242686618e-05,85
21,16.8430912062875,-78.435924343113,-3.51672242686618e-05,85
22,-73.5839051311847,-78.215378015298,-3.51672242686618e-05,85
23,-80.3994651675311,-78.3103383262647,-3.51672242686618e-05,85
24,-128.044521468749,-80.3825959572015,-3.51672242686618e-05,85
25,-22.7679917015055,-78.0780117869737,-3.51672242686618e-05,85
26,-165.308813101795,-80.2889760267431,-16.2785224914551,85
27,-110.778873215802,-79.2653654768753,-16.2785224914551,85
28,-176.167642009102,-83.5942064052169,-16.2785224914551,85
29,-62.4494284007434,-84.7648292577762,-16.2785224914551,85
30,-57.9204349331257,-85.5433330479691,-16.2785224914551,85
31,-97.3981681729101,-85.9452594272834,-16.2785224914551,85
32,-94.2810538881635,-86.2164245931645,-16.2785224914551,85
33,-77.6061806364925,-90.1989198854278,-16.2785224914551,85
34,-37.3654171859306,-91.483942720589,-16.2785224914551,85
35,-88.0816356587566,-93.9475306277788,-16.2785224914551,85
36,-82.9305480611047,-91.8006421895706,-16.2785224914551,85
37,-79.6455685419909,-86.4573710383612,-16.2785224914551,57
38,-115.915554122997,-88.4349933624846,-16.2785224914551,85
39,-86.9154193862537,-90.6359738336471,-16.2785224914551,56
40,-86.7891618278636,-88.9638264428858,-16.2785224914551,43
41,-47.7090891011508,-87.9550886391023,-16.2785224914551,85
42,-105.308940236109,-91.2796623599753,-16.2785224914551,85
43,-121.987548895432,-89.201046692245,-16.2785224914551,85
44,-108.291680766389,-88.6282022431612,-16.2785224914551,43
45,-264.756877656445,-94.2224331224496,-16.2785224914551,85
46,-54.8598891979982,-97.090552338621,-16.2785224914551,85
47,-60.1052625272849,-96.551406634465,-16.2785224914551,85
48,-86.781206892487,-96.8066763034633,-16.2785224914551,85
49,-38.4424791721815,-93.2225946116006,-16.2785224914551,85
50,-34.8771977941261,-93.7069628553054,-16.2785224914551,85
51,-162.868830263047,-93.6093635417555,-16.2785224914551,85
52,-88.9302199223039,-92.7354174100156,-26.8719005584717,85
53,-54.5495428721411,-87.8706934445372,-26.8719005584717,85
54,-79.8438503583566,-88.5664703228417,-26.8719005584717,85
55,-80.0164523661463,-89.4503110201625,-26.8719005584717,85
56,-183.657469889578,-92.9006830888292,-26.8719005584717,85
57,-77.3700370186892,-92.2242424140502,-26.8719005584717,85
58,-43.712118771793,-90.8684799394622,-26.8719005584717,85
59,-249.307492601602,-99.3461629560891,-26.8719005584717,85
60,-68.3773831226827,-98.5579928546462,-26.8719005584717,85
61,-92.7545964607484,-98.9509547906319,-26.8719005584717,85
62,-87.4455513793638,-99.2629541041268,-26.8719005584717,85
63,-86.9045997132653,-98.1025159277376,-26.8719005584717,85
64,-78.4989369324153,-97.765856629584,-26.8719005584717,85
65,-155.117761539453,-100.499000618048,-26.8719005584717,85
66,-129.48107960331,-103.769880238134,-26.8719005584717,85
67,-124.930439539939,-104.554740210287,-26.8719005584717,48
68,-59.0500085202274,-102.037238595279,-26.8719005584717,85
69,-57.6039528857803,-100.009729480055,-26.8719005584717,85
70,-117.899241448627,-94.1354240317419,-26.8719005584717,73
71,-114.408726754986,-96.5173775340214,-26.8719005584717,85
72,-65.4027668031102,-96.7292777050544,-26.8719005584717,85
73,-3.8576590134551,-93.4123357898931,-26.8719005584717,85
74,-206.029393228972,-100.115812352165,-26.8719005584717,59
75,-118.243529577439,-103.450465623497,-26.8719005584717,46
76,-132.501690208769,-102.235780021326,-26.8719005584717,85
77,-50.6613634327827,-100.705025761745,-34.5853843688965,85
78,-229.381598565625,-107.698307989485,-34.5853843688965,85
79,-83.8834098348183,-107.859890368543,-34.5853843688965,85
80,-65.7117143026709,-107.287700846004,-34.5853843688965,85
81,4.99278667924979,-99.741690583251,-34.5853843688965,85
82,-102.415255325432,-100.743499315521,-34.5853843688965,85
83,-37.3552205006233,-100.489223384674,-34.5853843688965,85
84,-102.568658131032,-94.6196700058511,-34.5853843688965,85
85,-44.5471623235818,-93.666461173887,-34.5853843688965,85
86,-36.5470747748262,-91.4181603064501,-34.5853843688965,85
87,-61.7681170378486,-90.3910629327895,-34.5853843688965,85
88,-68.0765162838703,-89.6379395956137,-34.5853843688965,85
89,-44.2949563245803,-88.2697803713003,-34.5853843688965,85
90,-95.8884247728235,-85.9006069006351,-34.5853843688965,85
91,-133.922367603574,-86.0782584206457,-34.5853843688965,85
92,-79.2141296638215,-84.249606025601,-34.5853843688965,85
93,-80.2312082306307,-85.0968540140171,-34.5853843688965,85
94,-243.942862845994,-92.5504104124256,-34.5853843688965,85
95,-95.2431668382718,-91.6441674280114,-34.5853843688965,85
96,-104.41852443741,-91.2445593353084,-34.5853843688965,85
97,-57.7726441774584,-90.9393544302823,-34.5853843688965,85
98,-127.216493842814,-95.8737078234567,-34.5853843688965,76
99,-108.466519315816,-91.9711928669305,-34.5853843688965,41
100,-70.5460619021356,-90.0632941599183,-34.5853843688965,85
101,-63.9137113618642,-87.3197750060421,-34.5853843688965,85
102,-119.415308891395,-90.0699328243866,-38.5615653991699,84
103,-202.543058334451,-88.9963912151397,-38.5615653991699,70
104,-75.1150814455955,-88.6456580795708,-38.5615653991699,85
105,-60.925459887524,-88.4542079029649,-38.5615653991699,85
106,-88.6172560909654,-92.1986096137735,-38.5615653991699,85
107,-82.5415020780931,-91.40365948388,-38.5615653991699,85
108,-260.995704971361,-100.349278862709,-38.5615653991699,85
109,-58.8603741877293,-98.6009475049774,-38.5615653991699,85
110,-136.774729322997,-102.290050184954,-38.5615653991699,84
111,-147.472807630735,-106.72707949919,-38.5615653991699,85
112,-81.1947530322774,-107.504144938967,-38.5615653991699,85
113,-58.7544064209259,-107.13126054445,-38.5615653991699,85
114,-55.9606768751227,-107.597889366471,-38.5615653991699,85
115,-143.650160713224,-109.508358804087,-38.5615653991699,85
116,-89.7271577861027,-107.740550411389,-38.5615653991699,85
117,-55.0965150150446,-106.775845825438,-38.5615653991699,85
118,-75.8842544388433,-106.601967673766,-38.5615653991699,85
119,-48.3389525067721,-98.7778112601972,-38.5615653991699,85
120,-55.3672992695925,-97.18277655745,-38.5615653991699,85
121,-43.7306406416391,-94.7552612056191,-38.5615653991699,85
122,-39.2398694445776,-94.0139502163039,-38.5615653991699,85
123,-91.6216343242791,-92.5901558355625,-38.5615653991699,85
124,-74.8838366719612,-91.2468485298083,-38.5615653991699,85
125,-70.1029855208092,-91.2291254745553,-38.5615653991699,85
126,-109.572392784094,-93.0554727314445,-42.6343231201172,85
127,-68.6886009246864,-91.0264044127761,-42.6343231201172,85
128,-98.4638081008972,-86.863234403434,-42.6343231201172,44
129,-70.7857257578476,-86.690060175924,-42.6343231201172,85
130,-122.944691590241,-89.1708294440327,-42.6343231201172,85
131,-173.818463829179,-92.5788777535613,-42.6343231201172,85
132,-68.6130394822019,-92.0217392497256,-42.6343231201172,85
133,-19.3854282773455,-82.357328181965,-42.6343231201172,85
134,-116.496598381019,-84.6627771496966,-42.6343231201172,78
135,-66.5948038260873,-81.8555801298202,-42.6343231201172,85
136,-62.4762108852869,-78.4557162600023,-42.6343231201172,85
137,-105.014974450908,-79.4085251167475,-42.6343231201172,85
138,-125.691928344397,-82.0860259936863,-42.6343231201172,83
139,-86.8803795940796,-83.3228141024446,-42.6343231201172,85
140,-116.560614327235,-82.239232247005,-42.6343231201172,85
141,-76.0446997188818,-81.6919339243162,-42.6343231201172,85
142,-178.303130030413,-86.6201985249309,-42.6343231201172,85
143,-47.92423404714,-85.5017977092628,-42.6343231201172,85
144,-84.1074184263684,-86.9325363460466,-42.6343231201172,85
145,-55.6830743217214,-86.9451673481318,-42.6343231201172,85
146,-167.288232251191,-91.8874710125139,-42.6343231201172,85
147,-91.190105167832,-93.965480441444,-42.6343231201172,85
148,-106.37712006367,-94.5556998710197,-42.6343231201172,85
149,-99.5034751046992,-95.5404854083292,-42.6343231201172,85
150,-41.1077085782106,-94.3806743306252,-42.6343231201172,85
151,-64.3166743571856,-92.5704455935489,-50.2953414916992,85
152,-25.7589938871655,-90.8532613120481,-50.2953414916992,85
153,-39.5807041232278,-88.4979371529413,-50.2953414916992,85
154,-155.940320322593,-91.9041209355311,-50.2953414916992,85
155,-148.443262032224,-92.9240637532105,-50.2953414916992,50
156,-99.8038373402242,-89.9634786936523,-50.2953414916992,85
157,-80.0288711812296,-90.4201119616134,-50.2953414916992,85
158,-147.524652530259,-95.5456809317299,-50.2953414916992,49
159,-95.0096291052364,-94.6862021606987,-50.2953414916992,85
160,-87.4685716922875,-95.5211528753467,-50.2953414916992,85
161,38.3429861930093,-91.4883849922148,-50.2953414916992,85
162,-45.6203913987545,-89.1126016701287,-50.2953414916992,85
163,-38.8019937426299,-85.637004286058,-50.2953414916992,85
164,-164.690557379471,-88.7494113974737,-50.2953414916992,74
165,-22.7308111305894,-84.9962192696078,-50.2953414916992,85
166,6.49017851894969,-81.6948241400946,-50.2953414916992,85
167,-48.1439196114341,-76.4884557233354,-50.2953414916992,85
168,-55.3973664112189,-76.7873810178986,-50.2953414916992,85
169,-58.6834733856244,-75.7704232162688,-50.2953414916992,85
170,-53.7709084454351,-75.6939365812174,-50.2953414916992,85
171,-43.8049087704302,-70.7546036419869,-50.2953414916992,85
172,-37.9900434246848,-68.6266011722611,-50.2953414916992,85
173,-59.4173453537027,-66.7482101838624,-50.2953414916992,85
174,-146.401672360682,-68.6241380741017,-50.2953414916992,85
175,-8.57237537297715,-67.3227247458924,-50.2953414916992,85
176,-127.205775547639,-69.8382887935105,-55.0728378295898,80
177,-91.6023269764699,-72.4720221170827,-55.0728378295898,85
178,-5.15547331314993,-71.0950128846795,-55.0728378295898,85
179,-67.5033804963989,-67.5575352916318,-55.0728378295898,85
180,-35.8246796626627,-63.0527919968493,-55.0728378295898,85
181,-30.684015963193,-60.2879991417681,-55.0728378295898,85
182,-14.6368578909084,-57.6723186101552,-55.0728378295898,85
183,-169.69956529768,-58.5593151208521,-55.0728378295898,85
184,-77.1748412228036,-57.8459236055548,-55.0728378295898,85
185,-15.1331477743681,-54.952506648838,-55.0728378295898,85
186,-79.1614055546333,-59.6526823187437,-55.0728378295898,85
187,-75.4311718699707,-60.8451135375923,-55.0728378295898,85
188,-56.934491121603,-61.5704134327513,-55.0728378295898,85
189,-80.4956580761969,-58.2026174606203,-55.0728378295898,85
190,-78.8171725568636,-60.4460719176713,-55.0728378295898,85
191,-117.018184303685,-65.3864064305767,-55.0728378295898,70
192,-77.0742187015729,-66.5436183941822,-55.0728378295898,85
193,2.6859489074143,-64.2202857814369,-55.0728378295898,85
194,-151.550344325547,-67.9349606190338,-55.0728378295898,53
195,-47.5875321373502,-67.6876255667104,-55.0728378295898,85
196,-65.8119609303142,-68.5679076531058,-55.0728378295898,85
197,-66.4391290827618,-69.7058710794288,-55.0728378295898,85
198,-85.6692707458059,-70.755948095113,-55.0728378295898,85
199,-64.3057579886266,-67.4721115202307,-55.0728378295898,85
200,-32.9777587878467,-68.4483268568255,-55.0728378295898,85
201,-134.065228893021,-68.7227049906408,-57.2606163024902,85
202,-170.456296241202,-71.8768637612301,-57.2606163024902,85
203,-102.491870068804,-75.7703196314562,-57.2606163024902,85
204,22.814065405332,-72.157621795387,-57.2606163024902,85
205,-50.6838670618113,-72.751989291353,-57.2606163024902,85
206,-30.1495513403477,-72.7306107064392,-57.2606163024902,85
207,-63.5508447528762,-74.6871701809179,-57.2606163024902,85
208,-95.5499520016915,-71.7211856490783,-57.2606163024902,79
209,-144.82932913608,-74.4273651656094,-57.2606163024902,84
210,-103.071886215131,-77.9449147032399,-57.2606163024902,81
211,-95.8422250574635,-78.6121474833531,-57.2606163024902,85
212,-89.8068310866804,-79.1871738520215,-57.2606163024902,85
213,-39.2257289450725,-78.4788233649602,-57.2606163024902,85
214,-0.162830510327624,-75.2655102623255,-57.2606163024902,85
215,-51.6880164581104,-74.1803440183754,-57.2606163024902,85
216,-56.1078674328175,-71.7439313435406,-57.2606163024902,85
217,-132.210824437916,-73.9493955729944,-57.2606163024902,84
218,-143.475731426162,-79.7958627863374,-57.2606163024902,85
219,-82.9554626520015,-77.0520675193956,-57.2606163024902,85
220,-98.576365286938,-79.0916208453791,-57.2606163024902,85
221,-80.5984749771701,-79.6830814072534,-57.2606163024902,85
222,-53.1906308906724,-79.1531414795698,-57.2606163024902,85
223,78.0766057132271,-72.6033064212085,-57.2606163024902,85
224,-54.2774254909782,-72.2021731213025,-57.2606163024902,85
225,1.19998482735343,-70.8350633766945,-58.7666435241699,85
226,58.4576053458473,-63.1341500071398,-58.7666435241699,85
227,19.7803317690555,-55.5246848867295,-58.7666435241699,85
228,-71.4025771523843,-54.2811131700727,-58.7666435241699,85
229,-115.424424299407,-59.8106527582622,-58.7666435241699,75
230,-47.056832221573,-59.6655713646527,-58.7666435241699,85
231,-11.3268857507457,-58.9126647410686,-58.7666435241699,85
232,-29.6341120940078,-57.5559954347139,-58.7666435241699,85
233,-33.082409169451,-55.0572937214243,-58.7666435241699,85
234,-38.0567348591001,-50.7863899503451,-58.7666435241699,85
235,-28.2536771672276,-47.7936615884289,-58.7666435241699,85
236,-69.215564557603,-46.7285951684345,-58.7666435241699,85
237,-46.0794540273913,-44.9795000860629,-58.7666435241699,85
238,-88.1495309747587,-46.9364521672504,-58.7666435241699,60
239,-70.3634450404904,-49.7444767484569,-58.7666435241699,85
240,0.207252337169936,-47.6686659966457,-58.7666435241699,85
241,-140.082267388465,-51.0276419948716,-58.7666435241699,84
242,-34.3287582539601,-47.1123593475133,-58.7666435241699,85
243,-55.0871722575705,-43.5768169807697,-58.7666435241699,85
244,-27.7481973746216,-41.3685263696745,-58.7666435241699,85
245,-39.7875057389875,-39.0169719877565,-58.7666435241699,85
246,-26.9045446579715,-36.8692147749885,-58.7666435241699,85
247,-56.9902112671259,-37.0211979900467,-58.7666435241699,85
248,100.326196705677,-36.1312143503487,-58.7666435241699,85
249,-107.392965605619,-38.2558359549343,-57.7763061523438,84
250,-117.009190857415,-42.9842029823251,-57.7763061523438,72
251,-30.6705902291262,-46.549330805324,-57.7763061523438,85
252,-137.098992067773,-52.8245037587971,-57.7763061523438,79
253,63.3366917881871,-47.4349330011743,-57.7763061523438,85
254,-38.8770695765468,-44.3730388122599,-57.7763061523438,85
255,-0.631888357618183,-42.5160410577017,-57.7763061523438,85
256,-104.826559448955,-46.25602800563,-57.7763061523438,62
257,-8.0833220378617,-45.3939964033842,-57.7763061523438,85
258,-75.9784036373028,-47.1098361820983,-57.7763061523438,85
259,-90.5540442393355,-49.2097285573077,-57.7763061523438,85
260,99.1420904953478,-44.1138978508047,-57.7763061523438,85
261,-65.7887260454587,-43.9768243103189,-57.7763061523438,85
262,-70.2090550876888,-44.9420083527308,-57.7763061523438,85
263,-24.7866780179174,-42.4074942344571,-57.7763061523438,85
264,-87.7322055331647,-43.1022446541641,-57.7763061523438,85
265,-78.6150431590161,-46.2551364740116,-57.7763061523438,85
266,-29.6405443740549,-41.8374675534352,-57.7763061523438,85
267,0.176407821263307,-40.4572609104262,-57.7763061523438,85
268,-77.8730025744769,-41.3686941231025,-57.7763061523438,85
269,-94.3182516689823,-44.0314962948769,-57.7763061523438,85
270,-43.8634666214821,-44.1945347301767,-57.7763061523438,85
271,-121.660167785958,-47.9847596552961,-57.7763061523438,74
272,-32.7353018628348,-47.0145632791245,-57.7763061523438,85
273,-111.647914044229,-55.4935277091207,-57.7763061523438,73
274,-49.568719093006,-53.1805578486162,-54.7392883300781,85
275,-4.31960587092884,-48.6729744491567,-54.7392883300781,85
276,-85.7841292136055,-50.8775160085359,-54.7392883300781,85
277,-38.4078310275602,-46.9298695669274,-54.7392883300781,85
278,-12.3043576127904,-49.9555115429665,-54.7392883300781,85
279,-72.3647589967863,-51.2950191197761,-54.7392883300781,85
280,84.6592323878272,-47.8833742899583,-54.7392883300781,85
281,-63.6205656130833,-46.2351345365234,-54.7392883300781,85
282,-46.0882149376652,-47.7553302525156,-54.7392883300781,85
283,-38.2764506195992,-46.2472521318074,-54.7392883300781,85
284,-105.394331459109,-46.8408636205983,-54.7392883300781,79
285,11.7628647544402,-50.3360326502346,-54.7392883300781,85
286,-47.3409949372661,-49.5981234059069,-54.7392883300781,85
287,-49.9953270222351,-48.7895742832888,-54.7392883300781,85
288,-9.23536579035856,-48.1675217941864,-54.7392883300781,85
289,-15.6194727777381,-45.2830124839694,-54.7392883300781,85
290,-24.3174674787077,-43.111109456757,-54.7392883300781,85
291,17.089493821768,-41.2419079289241,-54.7392883300781,85
292,-135.051883613447,-46.6510395863125,-54.7392883300781,85
293,-56.9262180949176,-45.8131682071301,-54.7392883300781,85
294,38.993128628773,-40.4807129952199,-54.7392883300781,85
295,38.2966096852926,-37.1943099429489,-54.7392883300781,85
296,99.7624182153424,-28.3374065028969,-54.7392883300781,85
297,95.4647557992642,-23.209404196413,-54.7392883300781,85
298,-41.2042656674524,-20.3916582613419,-47.1552276611328,85
299,-23.9896508043015,-19.3684955297938,-47.1552276611328,85
300,-35.8477438585451,-20.6296210492984,-47.1552276611328,85
301,-73.6633568939413,-20.1447901565118,-47.1552276611328,85
302,14.5598318282547,-18.0260836422792,-47.1552276611328,85
303,-22.3560437703047,-18.4281510885798,-47.1552276611328,85
304,-30.5594480237838,-16.7559386496597,-47.1552276611328,85
305,-34.8856418627635,-21.5377336196833,-47.1552276611328,85
306,38.0027492964345,-17.4728010233026,-47.1552276611328,85
307,85.1109814202404,-12.2248331689864,-47.1552276611328,85
308,38.3350855838638,-9.16037172084788,-47.1552276611328,85
309,-28.9180631675161,-6.10132098918419,-47.1552276611328,85
310,-61.0478429481103,-9.01374929728621,-47.1552276611328,85
311,-4.79676486459233,-7.31198009437926,-47.1552276611328,85
312,93.3885034758444,-1.57662687445608,-47.1552276611328,85
313,32.8410739623597,0.106430715652654,-47.1552276611328,85
314,-43.8397263574078,-1.02237942753414,-47.1552276611328,85
315,-42.6449684859504,-1.75547946782384,-47.1552276611328,85
316,27.259141514828,-1.34869356010144,-47.1552276611328,85
317,44.107109106315,5.81766614868904,-47.1552276611328,85
318,-37.0512898591505,6.61266327811972,-47.1552276611328,85
319,-13.5637375993022,4.51038862899671,-47.1552276611328,85
320,-57.3595130786585,0.684143718438667,-47.1552276611328,85
321,-42.0693483018875,-4.98912694225053,-47.1552276611328,85
322,-130.972301179072,-14.046609221384,-33.4295043945312,85
323,47.3011438542886,-10.5063928405143,-33.4295043945312,85
324,52.4880804721734,-7.44728358945533,-33.4295043945312,85
325,83.2110575084357,-2.68493153477611,-33.4295043945312,85
326,-54.8628108838387,-1.932909694372,-33.4295043945312,85
327,-29.2741669995777,-3.6862696474853,-33.4295043945312,85
328,-42.4590622927285,-4.49039038838225,-33.4295043945312,85
329,-32.8972852481799,-4.58390387735809,-33.4295043945312,85
330,12.2703099067683,-2.69766580657682,-33.4295043945312,85
331,-132.534613258404,-9.51916030877037,-33.4295043945312,84
332,-86.5461301460117,-16.3854447714205,-33.4295043945312,85
333,41.1374113626274,-16.2733517402699,-33.4295043945312,85
334,10.3574517064553,-14.7023311453111,-33.4295043945312,85
335,53.5437587909842,-10.1186670757473,-33.4295043945312,85
336,108.81670646569,-5.574128222536,-33.4295043945312,85
337,-32.4067101592289,-10.6059367679389,-33.4295043945312,85
338,32.5955033719472,-10.6157595915554,-33.4295043945312,85
339,-133.411808237359,-14.1986428667535,-33.4295043945312,85
340,-164.965788383015,-19.091475662636,-33.4295043945312,85
341,15.9916135637149,-19.5421767806806,-33.4295043945312,85
342,-4.55012500188054,-21.4884661450084,-33.4295043945312,85
343,16.1214860633961,-19.3615551081065,-33.4295043945312,85
344,13.6104778718396,-18.2745864892608,-33.4295043945312,85
345,74.8159782850451,-12.9875668347127,-33.4295043945312,85
346,38.372278015781,-9.76990178200596,-24.6267204284668,85
347,37.0340861684384,-3.04964628810555,-24.6267204284668,85
348,-79.8931251571094,-8.13741704856148,-24.6267204284668,85
349,15.8992256613671,-9.60097124099373,-24.6267204284668,85
350,-34.9493174462783,-14.3273862391823,-24.6267204284668,85
351,30.3798309624773,-10.9176805653296,-24.6267204284668,85
352,-123.906377118178,-14.7029689700737,-24.6267204284668,85
353,59.6759579487499,-10.6175681604145,-24.6267204284668,85
354,-38.5280940848865,-10.8428005138828,-24.6267204284668,85
355,5.46137549170553,-11.1151578904853,-24.6267204284668,85
356,6.52062789052475,-5.55294824452815,-24.6267204284668,85
357,-7.68600104466626,-2.39854308047433,-24.6267204284668,85
358,-13.4333737321286,-4.58137448426457,-24.6267204284668,85
359,-14.9420207224616,-5.59335338142125,-24.6267204284668,85
360,59.1038361061977,-5.37095028881271,-24.6267204284668,85
361,-1.70012618669666,-9.79162359490816,-24.6267204284668,85
362,35.7779551290542,-7.06423698337683,-24.6267204284668,85
363,19.9025173748049,-7.57195642326253,-24.6267204284668,85
364,0.790611824964453,-2.20385962076959,-24.6267204284668,85
365,127.927018622414,9.51185265944757,-24.6267204284668,85
366,76.3075253568297,11.9244891311722,-24.6267204284668,85
367,20.5492081728064,12.9284624581596,-24.6267204284668,85
368,78.4649709725026,15.4222018545239,-24.6267204284668,85
369,-37.2845014300163,13.3864026824497,-24.6267204284668,85
370,-39.1541038339784,8.82759939768872,-17.4807910919189,85
371,5.85144293344438,7.52676599439526,-17.4807910919189,85
372,-14.3716814571624,5.47053528937122,-17.4807910919189,85
373,31.3973498695057,9.92215429043583,-17.4807910919189,85
374,3.27057756640614,9.41700836663739,-17.4807910919189,85
375,42.5158204730632,12.5156138834111,-17.4807910919189,85
376,46.0184023143733,13.1411567374869,-17.4807910919189,85
377,-38.8473120785201,16.5435193390732,-17.4807910919189,85
378,16.3415181864071,14.8101417485795,-17.4807910919189,85
379,46.0738771817699,18.1942205992458,-17.4807910919189,85
380,63.8023690494331,20.5278603415549,-17.4807910919189,85
381,59.4808551430131,22.6462694316544,-17.4807910919189,85
382,-21.4743328957415,22.0947361576114,-17.4807910919189,85
383,99.5670203635761,26.6147519214396,-17.4807910919189,85
384,44.2491377574838,28.9823982606374,-17.4807910919189,85
385,11.6618339130702,27.0847181729123,-17.4807910919189,85
386,4.19799014318395,27.3206428261075,-17.4807910919189,85
387,2.4283812982594,25.9866598728757,-17.4807910919189,85
388,136.622145815556,30.6554450105058,-17.4807910919189,85
389,43.0142429759225,32.3443902565441,-17.4807910919189,85
390,18.7939629077331,27.9790680279568,-17.4807910919189,85
391,45.7328165104313,26.7560796741009,-17.4807910919189,85
392,-35.1019003230403,24.530035334267,-17.4807910919189,85
393,-40.2872916873512,19.7799448278729,-17.4807910919189,85
394,75.5878530682881,24.2948390078051,-5.98476934432983,85
395,-72.5960036550441,22.9571630149624,-5.98476934432983,85
396,39.7822300768256,24.3143945006977,-5.98476934432983,85
397,2.96911586744275,25.0080263936819,-5.98476934432983,85
398,-20.2249986818886,22.9431324516261,-5.98476934432983,85
399,-21.5146648937961,21.951722753218,-5.98476934432983,85
400,104.947571545677,24.4489927961226,-5.98476934432983,85
401,-43.9595938174833,20.8498729508483,-5.98476934432983,85
402,-14.4685745289636,21.8250224528306,-5.98476934432983,85
403,106.664079960036,25.4379249237757,-5.98476934432983,85
404,19.6062917299909,24.3792215057046,-5.98476934432983,85
405,-24.7731854119173,20.8361993272505,-5.98476934432983,85
406,43.6808601521049,20.2041995276142,-5.98476934432983,85
407,62.0017322900674,23.5432421350466,-5.98476934432983,85
408,-42.3654277345186,17.8659442111228,-5.98476934432983,85
409,39.3436410912936,17.6697243444752,-5.98476934432983,85
410,38.4782395947828,18.7423805717437,-5.98476934432983,85
411,88.6520512756712,22.1205430170432,-5.98476934432983,85
412,29.3991312354641,23.1993730145314,-5.98476934432983,85
413,65.4996978226955,20.3544750948169,-5.98476934432983,85
414,-6.60211218807682,18.369820888257,-5.98476934432983,85
415,73.6643037537878,20.5646345220992,-5.98476934432983,85
416,110.495996505663,23.1551617219084,-5.98476934432983,85
417,-32.3121892297626,23.2667501656395,-5.98476934432983,85
418,50.6168564549666,26.9029160913322,1.3790694475174,85
419,26.1496390362765,24.9253875300518,1.3790694475174,85
420,109.444003035976,32.2069877976926,1.3790694475174,85
421,88.8792845128302,34.1708699751327,1.3790694475174,85
422,80.2409849933151,37.2617447401676,1.3790694475174,85
423,45.0516842456379,39.8728120572687,1.3790694475174,85
424,12.8351973446019,41.2468065468046,1.3790694475174,85
425,100.765807243874,41.0795359747325,1.3790694475174,85
426,66.7451907125942,45.5077273559356,1.3790694475174,85
427,19.0573897949719,46.8487659288931,1.3790694475174,85
428,-6.44897857633178,42.3242435874383,1.3790694475174,85
429,122.145147284353,46.4257978096128,1.3790694475174,85
430,82.767111885247,50.7274097014994,1.3790694475174,85
431,62.4934549622945,51.479913493907,1.3790694475174,85
432,47.5583300442785,50.9021774040754,1.3790694475174,85
433,43.2880390271193,54.328316074541,1.3790694475174,85
434,45.8797167939124,54.5897591026457,1.3790694475174,85
435,64.38307321884,55.625952447608,1.3790694475174,85
436,-18.4394968814575,51.3422905213229,1.3790694475174,85
437,48.9913361981615,52.1259787198307,1.3790694475174,85
438,-12.0536975405491,49.023842905301,1.3790694475174,85
439,9.95883455426844,49.6862807749948,1.3790694475174,85
440,54.6614246370386,48.9261656103248,1.3790694475174,85
441,104.550258934568,48.688336107481,1.3790694475174,85
442,30.780860442087,51.212058094355,6.38830518722534,85
443,124.015106167873,54.1479880828713,6.38830518722534,85
444,96.1270579364304,56.9470848388774,6.38830518722534,85
445,35.9148052554596,54.0059169276568,6.38830518722534,85
446,-17.3681313636249,49.7560202925985,6.38830518722534,85
447,-2.62733415117726,46.4412875268189,6.38830518722534,85
448,-1.23031724229274,44.5900074673016,6.38830518722534,85
449,76.0736966900502,47.1195474411196,6.38830518722534,85
450,50.2946022955125,45.1006992431851,6.38830518722534,85
451,2.86538761082678,42.5455071191144,6.38830518722534,85
452,-10.5107755570277,41.3627805050344,6.38830518722534,85
453,59.8064024134417,44.0129957446253,6.38830518722534,85
454,19.1723955839178,39.8940856766079,6.38830518722534,85
455,37.6835020418317,38.0907412828713,6.38830518722534,85
456,43.5219113333251,37.3318795377125,6.38830518722534,85
457,-62.7153610745843,32.920931892958,6.38830518722534,85
458,41.8151244497907,32.8620153098649,6.38830518722534,85
459,7.07493556580693,31.3098240607407,6.38830518722534,85
460,91.2812324975363,32.3857504318885,6.38830518722534,85
461,109.873858501434,37.5182846472042,6.38830518722534,85
462,-28.2469151653016,34.4287545926657,6.38830518722534,85
463,51.4617467020568,36.9693723623699,6.38830518722534,85
464,-30.8106605835065,35.3385925568589,6.38830518722534,85
465,-20.8271100956072,32.3190511675531,6.38830518722534,85
466,70.783640632188,30.9683864354579,7.46607255935669,85
467,26.2329614885528,30.7864704773165,7.46607255935669,85
468,116.025380760758,30.4668814610319,7.46607255935669,85
469,43.7982038059167,28.3737272958113,7.46607255935669,85
470,52.906195325428,29.0533828986101,7.46607255935669,85
471,1.69513226918461,29.8159134439225,7.46607255935669,85
472,-30.6663062088252,28.6943545616165,7.46607255935669,85
473,45.8651036433598,30.5781713970426,7.46607255935669,85
474,12.8819556091321,28.0505017538059,7.46607255935669,85
475,25.8821160495543,27.0740023039676,7.46607255935669,85
476,30.3958845430539,28.1752221812567,7.46607255935669,85
477,-53.3528347808278,26.4615398123047,7.46607255935669,85
478,20.8662672863612,24.9039344072214,7.46607255935669,85
479,34.1943067892636,25.5048108554353,7.46607255935669,85
480,138.270601782436,29.5282948450595,7.46607255935669,85
481,36.0885707751767,29.2309612227335,7.46607255935669,85
482,56.6120138538175,34.0040562198696,7.46607255935669,85
483,76.042683548799,35.3731585838299,7.46607255935669,85
484,83.6446236382019,38.4359461067257,7.46607255935669,85
485,45.9033053441121,36.6208290205888,7.46607255935669,85
486,57.7839597631689,34.5372330710581,7.46607255935669,85
487,108.104386872835,39.9912851525836,7.46607255935669,85
488,-46.4143420039546,36.0762416043432,7.46607255935669,85
489,96.8616228269143,41.18313294076,7.46607255935669,85
490,81.3386051510828,45.2697615506276,10.2396364212036,85
491,65.5080076854491,45.058736232758,10.2396364212036,85
492,88.0581333767244,47.5317431082849,10.2396364212036,85
493,58.4222068532389,45.2276161519842,10.2396364212036,85
494,69.8956270538927,46.2715130819032,10.2396364212036,85
495,107.514205698817,48.4558334968387,10.2396364212036,85
496,80.7265565969787,51.6170904699505,10.2396364212036,85
497,76.3439588506502,55.8975010723295,10.2396364212036,85
498,25.7982547919572,55.0948271182734,10.2396364212036,85
499,58.8356610318116,56.9329753351806,10.2396364212036,85
500,122.644564336129,60.8034732666436,10.2396364212036,85
501,7.29450573173634,59.8794181141909,10.2396364212036,85
502,28.8448910749493,63.1673271484219,10.2396364212036,85
503,0.577764304189882,62.3557870291351,10.2396364212036,85
504,12.6835250031989,61.4953557576925,10.2396364212036,85
505,49.5513209463267,57.9465845242481,10.2396364212036,85
506,51.8907017577226,58.57866976355,10.2396364212036,85
507,75.0300743556325,59.3153921836226,10.2396364212036,85
508,84.7250600035402,59.6626872418122,10.2396364212036,85
509,29.5720259812711,57.499783335535,10.2396364212036,85
510,121.159655619207,60.5100373465388,10.2396364212036,85
511,72.8374495757358,61.1121769390415,10.2396364212036,85
512,-0.0175779530855134,56.7872983460046,10.2396364212036,85
513,32.1530138781785,59.92999258129,10.2396364212036,85
514,-12.0164501677115,55.5748696615049,13.5832862854004,85
515,65.1588832239703,54.9276807844204,13.5832862854004,85
516,105.269366432836,56.5181351343159,13.5832862854004,85
517,16.6648177520051,53.6624025093271,13.5832862854004,85
518,78.665554948875,54.4721364331525,13.5832862854004,85
519,74.1491290519711,54.6422765130757,13.5832862854004,85
520,22.0306688534443,51.2229350392608,13.5832862854004,85
521,103.27644693403,52.1249306527429,13.5832862854004,85
522,0.911741615224997,49.1076419633258,13.5832862854004,85
523,-7.63305001158205,47.7703897711843,13.5832862854004,85
524,14.3906377047934,45.9925888381036,13.5832862854004,85
525,12.6938887046551,41.5945618128446,13.5832862854004,85
526,63.1327738360773,43.8280925370182,13.5832862854004,85
527,-25.550270119533,41.6522860892389,13.5832862854004,85
528,53.0440440072769,43.7509372773624,13.5832862854004,85
529,-6.37661080542779,42.9885318450174,13.5832862854004,85
530,58.8690256226764,43.3612400320714,13.5832862854004,85
531,121.348585334594,46.1395553751462,13.5832862854004,85
532,89.986154269823,46.7377985717138,13.5832862854004,85
533,53.2463008576635,45.4786482058788,13.5832862854004,85
534,79.3212799160338,47.4686183632693,13.5832862854004,85
535,-7.22539173575705,42.3332164690707,13.5832862854004,85
536,70.3446153308905,42.2335030992769,13.5832862854004,85
537,52.1022725909992,44.3182971210403,13.5832862854004,85
538,118.029164739423,47.7533431554901,16.0762157440186,85
539,31.7139307740383,49.5025583931601,16.0762157440186,85
540,60.9681472123778,49.3349289526964,16.0762157440186,85
541,85.6015064409065,48.5482145530192,16.0762157440186,85
542,110.949138605527,52.3195873871601,16.0762157440186,85
543,0.949083978388917,49.2109285483406,16.0762157440186,85
544,8.34238261603302,46.5786586909031,16.0762157440186,85
545,27.0632185919209,46.7799606804422,16.0762157440186,85
546,77.6575184883414,45.7552035426146,16.0762157440186,85
547,51.0423194399298,47.7604266556028,16.0762157440186,85
548,13.4592765759667,48.6041197191048,16.0762157440186,85
549,61.2276321565333,50.4775994971744,16.0762157440186,85
550,68.1023810487263,52.6939391909372,16.0762157440186,85
551,75.224247747904,53.1775981474103,16.0762157440186,85
552,67.3441212274976,56.8933738012915,16.0762157440186,85
553,58.135413808632,57.0970285933457,16.0762157440186,85
554,114.202634675008,61.9201984125631,16.0762157440186,85
555,62.4705709020818,62.0642602237393,16.0762157440186,85
556,128.170649889039,62.3371428059171,16.0762157440186,85
557,73.1332166099418,61.6630252995219,16.0762157440186,85
558,44.4160571795881,61.3098155523988,16.0762157440186,85
559,50.3943506493922,60.1527383817332,16.0762157440186,85
560,48.7055206597733,62.3899748775544,16.0762157440186,85
561,58.2241442264717,61.9051560333776,16.0762157440186,85
562,51.2759098863901,61.8721015251933,20.9137763977051,85
563,90.7389137023286,60.7804914837095,20.9137763977051,85
564,69.6482350700243,62.2978636555489,20.9137763977051,85
565,96.667777917145,63.7258488837396,20.9137763977051,85
566,73.1689716806613,63.2285474933298,20.9137763977051,85
567,67.6040067561102,61.4947422193531,20.9137763977051,85
568,100.406327575315,65.4730319632302,20.9137763977051,85
569,105.40543726794,69.3555541493064,20.9137763977051,85
570,90.5578292006523,71.8953385736557,20.9137763977051,85
571,66.0075370828288,71.4293393174352,20.9137763977051,85
572,50.1807850050576,71.3948779400403,20.9137763977051,85
573,87.9107489640026,74.3729368355618,20.9137763977051,85
574,65.8663351909282,74.5584849569375,20.9137763977051,85
575,44.8985511073194,73.6303317592813,20.9137763977051,85
576,73.7409844946817,73.5710012291524,20.9137763977051,85
577,56.2804815448983,73.1284556418484,20.9137763977051,85
578,125.918135307298,75.8397645017951,20.9137763977051,85
579,33.1610611347601,72.5981015601852,20.9137763977051,85
580,35.7825221620648,71.5305796105845,20.9137763977051,85
581,85.1005823124422,69.8077769075206,20.9137763977051,85
582,40.3445475223912,68.4962301440186,20.9137763977051,85
583,92.1659277547909,70.4062249670267,20.9137763977051,85
584,100.617634014325,72.415156301624,20.9137763977051,85
585,71.5810528046296,73.3301775874183,20.9137763977051,85
586,110.517810197943,75.4219242262771,22.6257247924805,85
587,21.8468599610642,74.2447622292641,22.6257247924805,85
588,99.3912068759017,74.590853956207,22.6257247924805,85
589,58.6603895412238,74.151340135055,22.6257247924805,85
590,87.1062136651844,73.7688775649766,22.6257247924805,85
591,62.0272708425065,73.3232095314504,22.6257247924805,85
592,71.7636327678027,73.4895945719181,22.6257247924805,85
593,70.0631177470986,72.2758661787894,22.6257247924805,85
594,46.1022457716315,69.9037385189371,22.6257247924805,85
595,93.3459412037885,70.0152629990625,22.6257247924805,85
596,88.4882008190876,70.9144895485129,22.6257247924805,85
597,24.7134657981504,69.8957967802366,22.6257247924805,85
598,75.2250794521543,69.3883699997627,22.6257247924805,85
599,85.0893606958122,70.157291019958,22.6257247924805,85
600,109.239730381768,72.730938190936,22.6257247924805,85
601,105.827145243566,74.0143846208914,22.6257247924805,85
602,95.5944826485283,75.5869446650366,22.6257247924805,85
603,79.1650431368699,73.7168209782194,22.6257247924805,85
604,100.529337276177,76.4115520238761,22.6257247924805,85
605,78.8005582652174,78.1322734680022,22.6257247924805,85
606,55.1922668557395,76.9359408497341,22.6257247924805,85
607,30.4736887997597,76.5411065008288,22.6257247924805,85
608,100.907254604163,76.8907595748037,22.6257247924805,85
609,46.7474424884968,74.7359519137706,22.6257247924805,85
610,110.758728208385,76.3030589299208,25.2172470092773,85
611,93.5083100716305,75.6226789248683,25.2172470092773,85
612,93.9802863672714,78.5080159811166,25.2172470092773,85
613,125.709063935852,79.5607302635146,25.2172470092773,85
614,56.4536896523625,79.4724622679602,25.2172470092773,85
615,69.7122522740038,78.776703812313,25.2172470092773,85
616,105.229371559148,80.5047878409786,25.2172470092773,85
617,108.362964717186,81.968761118954,25.2172470092773,85
618,121.844314860543,84.0400090034917,25.2172470092773,85
619,74.4791368859118,85.1750846480629,25.2172470092773,85
620,35.318495414742,82.8539868165011,25.2172470092773,85
621,-16.6697223884348,78.6476698882002,25.2172470092773,85
622,105.775880211032,81.8901664647155,25.2172470092773,85
623,116.327498122298,83.5342632115212,25.2172470092773,85
624,105.629118551547,84.3558535257506,25.2172470092773,85
625,-8.52603351394756,79.6452229699219,25.2172470092773,85
626,85.0812218969157,78.815386036056,25.2172470092773,85
627,75.5513099839487,78.0136591294728,25.2172470092773,85
628,12.6540412108202,75.3532190524308,25.2172470092773,85
629,21.0591422202064,72.1744112501919,25.2172470092773,85
630,74.5165592860379,72.0030512910248,25.2172470092773,85
631,63.744899607945,72.345156601113,25.2172470092773,85
632,31.0303899957022,72.3674246489507,25.2172470092773,85
633,97.2329694155781,72.2204532414073,25.2172470092773,85
634,76.4802666657948,73.4097662084992,27.4810371398926,85
635,41.715285941796,70.6480285178356,27.4810371398926,85
636,114.398135321321,71.4836215278232,27.4810371398926,85
637,100.716081061161,71.7530533155788,27.4810371398926,85
638,61.8586123673918,69.1990352528405,27.4810371398926,85
639,75.7871697186789,69.9723744554931,27.4810371398926,85
640,54.0639598545531,69.3464427587151,27.4810371398926,85
641,82.8908469089785,68.4529017727083,27.4810371398926,85
642,154.303411701971,70.2905196520997,27.4810371398926,85
643,17.5892374184843,66.1203165544173,27.4810371398926,85
644,80.526757490745,66.3622213786106,27.4810371398926,85
645,75.9052657035907,67.9856921901646,27.4810371398926,85
646,98.3185635685912,72.5852236284456,27.4810371398926,85
647,31.7349159440531,69.6235850577665,27.4810371398926,85
648,105.130748552389,69.1757150749701,27.4810371398926,85
649,140.688448479695,70.5780882720961,27.4810371398926,85
650,81.8200973570068,74.1919335069342,27.4810371398926,85
651,98.2433870383945,74.7184201125934,27.4810371398926,85
652,79.6747047258153,74.8833559022681,27.4810371398926,85
653,101.941650007545,78.454860254137,27.4810371398926,85
654,56.7343842707369,79.8818699361582,27.4810371398926,85
655,65.3090133421702,79.5135680984035,27.4810371398926,85
656,123.003173314867,81.8838990466804,27.4810371398926,85
657,61.3411362013159,83.096328894905,27.4810371398926,85
658,55.9868913192801,81.446485771053,30.9941558837891,85
659,82.5700467459745,81.6900769742602,30.9941558837891,85
660,69.4239967944706,82.7984254083672,30.9941558837891,85
661,91.3226685900917,81.875406739118,30.9941558837891,85
662,111.440778777336,82.304394647765,30.9941558837891,85
663,2.75786362516296,79.9403646980759,30.9941558837891,85
664,75.7171718197413,79.9375647821184,30.9941558837891,85
665,51.6272529234594,79.8400965048747,30.9941558837891,85
666,109.708229310958,80.9127918009538,30.9941558837891,85
667,100.973142143529,78.7795810186162,30.9941558837891,85
668,74.2577910632233,81.0463231644057,30.9941558837891,85
669,-8.63834142318817,77.4797192078484,30.9941558837891,85
670,128.192540660581,79.571210206128,30.9941558837891,85
671,101.241867906252,79.6881423796345,30.9941558837891,85
672,84.4947894603413,81.798537320286,30.9941558837891,85
673,76.7709816558449,80.6641466444243,30.9941558837891,85
674,54.5050672129915,77.2168113937561,30.9941558837891,85
675,59.0038226162427,76.3041604041255,30.9941558837891,85
676,98.9881186965734,76.3339496704527,30.9941558837891,85
677,24.4784378031965,74.1260989935479,30.9941558837891,85
678,70.8318735645234,72.8817079358271,30.9941558837891,85
679,115.600250078468,75.2363425681363,30.9941558837891,85
680,103.008413240053,76.7443185640516,30.9941558837891,85
681,101.752084580718,75.8942750146857,30.9941558837891,85
682,107.002476997502,77.7207286465331,30.539701461792,85
683,112.015003179551,79.961853120944,30.539701461792,85
684,38.6271276139716,78.2041363556638,30.539701461792,85
685,125.102508757743,80.4312768341948,30.539701461792,85
686,150.063064719986,82.7808926793905,30.539701461792,85
687,95.2465544010649,82.1331237043397,30.539701461792,85
688,27.4683963602816,83.1215450137444,30.539701461792,85
689,93.2919241202659,83.8245351057654,30.539701461792,85
690,28.6212843459682,82.9042963626658,30.539701461792,85
691,90.5931431417161,82.1396929158961,30.539701461792,85
692,87.920901556314,81.6176032924074,30.539701461792,85
693,94.6759625705286,82.4343301526997,30.539701461792,85
694,78.50730619568,85.9201560574544,30.539701461792,85
695,12.1604559819026,81.2788726703072,30.539701461792,85
696,22.5265322106735,78.1302592424841,30.539701461792,85
697,105.220472939127,78.9592865816355,30.539701461792,85
698,130.315311846477,81.1010597892608,30.539701461792,85
699,67.765215359086,81.6314657151046,30.539701461792,85
700,93.3840435026669,83.0066745505615,30.539701461792,85
701,64.6743667334168,81.6341244720353,30.539701461792,85
702,125.62626539827,85.6800375758382,30.539701461792,85
703,50.322579810394,84.8596658256731,30.539701461792,85
704,212.857917088876,88.7499725060894,30.539701461792,85
705,86.3098668538839,88.0820306506426,30.539701461792,85
706,77.6508442457322,87.1179810372432,34.0999069213867,85
707,153.061275196528,88.9603329652042,34.0999069213867,85
708,-9.55824794994015,84.0974029200246,34.0999069213867,85
709,75.3402414458524,85.5659274732998,34.0999069213867,85
710,137.902264356368,86.0779176972448,34.0999069213867,85
711,87.0953170112347,83.5592077888948,34.0999069213867,85
712,92.4009336429758,83.4453829585712,34.0999069213867,85
713,125.704584793154,87.3748304958861,34.0999069213867,85
714,64.3197982460014,86.2159454609155,34.0999069213867,85
715,78.0055414499306,88.191315745074,34.0999069213867,85
716,116.454899436944,89.2257859968831,34.0999069213867,85
717,103.960618949342,89.8673746926042,34.0999069213867,85
718,138.168916990975,91.6070928694221,34.0999069213867,85
719,81.7922574417793,91.7384909192661,34.0999069213867,85
720,89.2698357836402,94.8228661113356,34.0999069213867,85
721,127.818736524544,99.0345542838904,34.0999069213867,85
722,125.811927371186,99.8582124611727,34.0999069213867,85
723,97.1445801620152,98.5313831937942,34.0999069213867,85
724,109.542838964264,100.202488138001,34.0999069213867,85
725,107.791523789769,100.778787349485,34.0999069213867,85
726,108.353065949524,102.52593531813,34.0999069213867,85
727,78.7729231172787,100.65180162689,34.0999069213867,85
728,14.5272017443739,99.2199865042493,34.0999069213867,85
729,69.0382829472906,93.4672011385859,34.0999069213867,85
730,104.500477939006,94.1948255819908,36.2480354309082,85
731,100.831986414187,95.1220712687289,36.2480354309082,85
732,121.700801889486,93.8676523364473,36.2480354309082,85
733,119.029721708905,99.0111711228011,36.2480354309082,85
734,120.585302432252,100.820973562257,36.2480354309082,85
735,132.163775480956,100.591434007241,36.2480354309082,85
736,111.742360356192,101.577315741039,36.2480354309082,85
737,68.6578686237443,100.62759314027,36.2480354309082,85
738,84.5124845995056,98.9799091325236,36.2480354309082,85
739,56.8645682020265,98.6816999307646,36.2480354309082,85
740,68.619049463835,98.3062402513208,36.2480354309082,85
741,81.2326165403009,96.8973489354551,36.2480354309082,85
742,111.722425429808,97.2078211946737,36.2480354309082,85
743,111.00456083412,96.1212469483995,36.2480354309082,85
744,142.163360261012,98.5360910611688,36.2480354309082,85
745,151.275589149112,101.016321195788,36.2480354309082,85
746,104.737419053605,100.09306849695,36.2480354309082,85
747,62.3693971433195,97.5553672878355,36.2480354309082,85
748,88.1975627462857,97.1974865912063,36.2480354309082,85
749,103.392393967954,96.9514687913539,36.2480354309082,85
750,37.6316269980907,94.1450729196868,36.2480354309082,85
751,72.502478219775,92.7110494104969,36.2480354309082,85
752,75.365316411155,92.5747451422519,36.2480354309082,85
753,130.233814977715,97.2030096715856,36.2480354309082,85
754,-27.7363171132569,93.3320256691637,38.2173461914062,85
755,107.770662360324,93.4628330460164,38.2173461914062,85
756,99.4601644726423,93.4079601683546,38.2173461914062,85
757,90.4277921153573,92.1570397773895,38.2173461914062,85
758,103.727367829982,91.5449456222325,38.2173461914062,85
759,81.0106238840723,89.9619584803053,38.2173461914062,85
760,142.535174131994,90.3768144263468,38.2173461914062,85
761,45.9064592102064,87.7433783805074,38.2173461914062,85
762,120.009100133956,89.7974276409159,38.2173461914062,85
763,-31.9841759734235,85.1375612179987,38.2173461914062,85
764,142.961748104842,88.5814484141114,38.2173461914062,85
765,124.208655880954,90.8050326707961,38.2173461914062,85
766,102.301055834928,91.6477702425812,38.2173461914062,85
767,109.649329253795,91.5648463955407,38.2173461914062,85
768,123.315935806801,92.057301394448,38.2173461914062,85
769,191.189235425472,94.0183364010264,38.2173461914062,85
770,84.433046885771,91.3446347104928,38.2173461914062,85
771,128.984203952985,92.3145061064679,38.2173461914062,85
772,141.804488903464,95.4919097768737,38.2173461914062,85
773,120.571629250274,96.7868724370333,38.2173461914062,85
774,107.439364391187,96.9487512539626,38.2173461914062,85
775,134.860703303941,100.837914306197,38.2173461914062,85
776,126.585824046237,103.001248139255,38.2173461914062,85
777,148.705898063893,105.934871405365,38.2173461914062,85
778,81.7927274481301,103.997227904181,41.4508666992188,85
779,65.4277035402857,107.723788730323,41.4508666992188,85
780,77.1830919407337,106.500285913539,41.4508666992188,85
781,165.392877986764,109.137594454104,41.4508666992188,85
782,133.035479894968,110.841901965289,41.4508666992188,85
783,134.419207226423,112.069575541146,41.4508666992188,85
784,94.0954506362394,112.592968611233,41.4508666992188,85
785,108.208507260376,111.219901936368,41.4508666992188,85
786,81.959828120014,112.66203669276,41.4508666992188,85
787,116.075802409151,112.504704783768,41.4508666992188,85
788,108.063396936091,118.106607700149,41.4508666992188,85
789,122.317200586156,117.280825799401,41.4508666992188,85
790,158.937968362103,118.669998298647,41.4508666992188,85
791,124.366848450514,119.552630003271,41.4508666992188,85
792,100.89733502563,119.202550234144,41.4508666992188,85
793,108.444598243319,118.607696731605,41.4508666992188,85
794,101.17985737576,115.007321609616,41.4508666992188,85
795,43.754602978463,113.380183853324,41.4508666992188,85
796,120.840947163322,113.054453581738,41.4508666992188,85
797,127.681439774244,112.489531616569,41.4508666992188,85
798,203.202877821957,115.794781559436,41.4508666992188,85
799,79.7517226036587,114.687275887935,41.4508666992188,85
800,100.884191081544,113.328215399039,41.4508666992188,85
801,110.924900585491,112.701778460609,41.4508666992188,85
802,75.0672245370981,109.756231519537,42.3444290161133,85
803,86.0600195965572,109.926923205474,42.3444290161133,85
804,95.0883445806747,111.11334884709,42.3444290161133,85
805,96.8257498143999,111.899055162037,42.3444290161133,85
806,105.539979068457,109.504939205304,42.3444290161133,85
807,106.536352245928,108.444974099343,42.3444290161133,85
808,116.902695256316,107.744313620539,42.3444290161133,85
809,86.5387069344637,107.442043872467,42.3444290161133,85
810,92.9937186474096,106.833452327949,42.3444290161133,85
811,103.528015842367,107.696179836843,42.3444290161133,85
812,65.3120552572671,105.665629950768,42.3444290161133,85
813,110.763234559751,105.773623455714,42.3444290161133,85
814,169.879170504897,107.676102252464,42.3444290161133,85
815,186.012180296814,108.759070729852,42.3444290161133,85
816,108.03949312744,108.105976516929,42.3444290161133,85
817,199.825487909494,112.063102632284,42.3444290161133,85
818,89.7154335427862,111.313936044262,42.3444290161133,85
819,136.941298016384,112.744393669887,42.3444290161133,85
820,74.4100877449693,113.970613060548,42.3444290161133,85
821,106.89979833942,113.412967107592,42.3444290161133,85
822,130.227802172078,113.514821603505,42.3444290161133,85
823,103.88628936966,109.542158065413,42.3444290161133,85
824,114.850233461136,110.946098499712,42.3444290161133,85
825,79.6889715071144,110.098289716735,42.3444290161133,85
826,141.248271868437,111.311224568053,41.9494018554688,85
827,107.156822162198,112.594808473057,41.9494018554688,85
828,92.652694530693,112.858515470422,41.9494018554688,85
829,173.289685913053,115.986569123717,41.9494018554688,85
830,77.664738689747,115.220128678731,41.9494018554688,85
831,115.841913961421,115.63220607445,41.9494018554688,85
832,96.2500663641032,115.220754639177,41.9494018554688,85
833,139.177240477321,116.111736448017,41.9494018554688,85
834,84.9045818491561,116.046371444605,41.9494018554688,85
835,102.502846849114,116.426736572673,41.9494018554688,85
836,115.383709171973,116.900964305857,41.9494018554688,85
837,115.14542556503,118.894299118168,41.9494018554688,85
838,121.643322890591,119.329502651401,41.9494018554688,85
839,204.590587586278,120.717959334656,41.9494018554688,85
840,117.080722247841,117.960701012698,41.9494018554688,85
841,95.3648805556145,117.453716509825,41.9494018554688,85
842,116.378332121769,114.115830278316,41.9494018554688,85
843,114.685644007031,115.114638696885,41.9494018554688,85
844,139.262653602272,115.207492920321,41.9494018554688,85
845,120.831258732759,117.064339759832,41.9494018554688,85
846,166.472725745426,119.447256856073,41.9494018554688,85
847,147.939732812033,120.155734081671,41.9494018554688,85
848,108.06006878542,120.322685258301,41.9494018554688,85
849,165.205408972668,122.336892278763,41.9494018554688,85
850,169.454940375828,125.927531033511,47.682315826416,85
851,120.590118409814,125.101204895166,47.682315826416,85
852,157.279849950237,127.106126006688,47.682315826416,85
853,110.759837934158,127.830411742826,47.682315826416,85
854,123.471504296058,125.837684478147,47.682315826416,85
855,111.937870757199,127.208609760845,47.682315826416,85
856,130.14880026897,127.780885213147,47.682315826416,85
857,117.677268014394,128.637973279158,47.682315826416,85
858,140.643909772989,128.696640050985,47.682315826416,85
859,134.223402910517,130.669392893439,47.682315826416,85
860,99.6350782909554,130.554682151113,47.682315826416,85
861,155.013164077815,132.139860347347,47.682315826416,85
862,145.498747845456,133.353993238564,47.682315826416,85
863,123.316923334871,133.420937256335,47.682315826416,85
864,192.636483104079,132.942773077047,47.682315826416,85
865,142.223003748469,133.948464337072,47.682315826416,85
866,91.2379760763405,133.783388157901,47.682315826416,85
867,75.4921722418076,132.147941762703,47.682315826416,85
868,171.061640559611,134.402981624806,47.682315826416,85
869,116.281567722163,133.483738189601,47.682315826416,85
870,132.289973498592,133.942086780235,47.682315826416,85
871,151.240261331327,133.332788203671,47.682315826416,85
872,107.995103456895,131.735003029465,47.682315826416,85
873,117.259238879187,132.102969833216,47.682315826416,85
874,139.858239321132,131.089083047155,52.774055480957,85
875,84.7768752095544,127.701960440504,52.774055480957,85
876,106.670848284228,127.14518963548,52.774055480957,85
877,139.586730827293,126.437464870562,52.774055480957,85
878,83.0805743922778,125.330294328887,52.774055480957,85
879,128.257134487277,125.521719536536,52.774055480957,85
880,80.2119572515681,124.252682996311,52.774055480957,85
881,108.750507844652,123.396751299338,52.774055480957,85
882,153.662765939653,124.836171216348,52.774055480957,85
883,120.541661131778,124.0320812707,52.774055480957,85
884,92.0470192532088,122.345025924408,52.774055480957,85
885,120.446931857385,123.177500067065,52.774055480957,85
886,117.011467550597,121.657432205976,52.774055480957,85
887,95.9872485801482,119.676972235364,52.774055480957,85
888,167.396785236377,121.440166711424,52.774055480957,85
889,127.026417910969,118.8157641037,52.774055480957,85
890,129.737650759024,118.316349984122,52.774055480957,85
891,67.6054911011247,117.371050585113,52.774055480957,85
892,70.175120882592,117.158368530744,52.774055480957,85
893,129.007751475935,115.476212967397,52.774055480957,85
894,214.384050023473,119.40031225945,52.774055480957,85
895,111.593618072534,118.572458042408,52.774055480957,85
896,138.080733550345,118.046076931168,52.774055480957,85
897,79.047690209253,116.888180401263,52.774055480957,85
898,116.568666770967,116.860557516934,56.1395378112793,85
899,138.331395409682,116.799483760476,56.1395378112793,85
900,156.946375032764,119.686263753404,56.1395378112793,85
901,122.71359253755,120.327973523537,56.1395378112793,85
902,132.399042759919,120.040466000842,56.1395378112793,85
903,110.783831802007,121.148596297231,56.1395378112793,85
904,150.405918872909,122.034547672657,56.1395378112793,85
905,86.6935179728148,122.293810101506,56.1395378112793,85
906,71.8402827759484,120.817401098758,56.1395378112793,85
907,122.378187524349,119.566017962146,56.1395378112793,85
908,125.440668377038,119.761978251957,56.1395378112793,85
909,159.885158532568,122.475503823131,56.1395378112793,85
910,164.325988639926,124.230666094433,56.1395378112793,85
911,123.115848831429,124.474841345666,56.1395378112793,85
912,169.575123160861,127.418356328894,56.1395378112793,85
913,144.122061827883,126.487367392555,56.1395378112793,85
914,199.327373353236,129.379405610245,56.1395378112793,85
915,148.905504063491,130.146119742424,56.1395378112793,85
916,152.055203762756,133.524108248889,56.1395378112793,85
917,102.90251967747,134.833204200684,56.1395378112793,85
918,164.516028695592,136.253535289471,56.1395378112793,85
919,162.003308507035,134.158305628813,56.1395378112793,85
920,227.547691244512,138.796468555692,56.1395378112793,85
921,146.922493512216,139.150138954167,56.1395378112793,85
922,139.858510039942,141.582571747395,58.2663116455078,85
923,200.753345889607,144.94995891214,58.2663116455078,85
924,160.011579214441,145.817166264331,58.2663116455078,85
925,141.155185311737,145.18551867549,58.2663116455078,85
926,151.143422317843,146.322711866701,58.2663116455078,85
927,162.31176737675,147.519220851374,58.2663116455078,85
928,205.439997976457,151.305467498352,58.2663116455078,85
929,172.224195365219,152.178198558045,58.2663116455078,85
930,104.089021969564,152.874018717915,58.2663116455078,85
931,157.100694432518,156.284435184178,58.2663116455078,85
932,153.224414800949,157.518284275242,58.2663116455078,85
933,201.742014629179,160.570338125327,58.2663116455078,85
934,169.985637921894,160.9743573009,58.2663116455078,85
935,146.362925931806,160.255834792575,58.2663116455078,85
936,123.389235163667,160.266770245865,58.2663116455078,85
937,164.079228769777,160.046934470222,58.2663116455078,85
938,167.299632024787,160.974037278098,58.2663116455078,85
939,103.884506767152,157.156322614654,58.2663116455078,85
940,125.373827133982,156.215055537474,58.2663116455078,85
941,160.108522332417,156.537188280261,58.2663116455078,85
942,167.812825892553,159.133600528864,58.2663116455078,85
943,195.464683354795,160.371546715232,58.2663116455078,85
944,130.045652477809,159.093240474063,58.2663116455078,85
945,107.124951227491,154.276330873382,58.2663116455078,85
946,185.314114825959,155.811995725932,65.8756103515625,85
947,93.9005694692642,153.973678103105,65.8756103515625,85
948,100.132367102813,149.948838951633,65.8756103515625,85
949,159.847653458239,149.942281921385,65.8756103515625,85
950,165.527299700032,150.917166496917,65.8756103515625,85
951,133.994490200319,150.231209212216,65.8756103515625,85
952,175.765769549741,150.769369299135,65.8756103515625,85
953,114.793694890882,147.143517175712,65.8756103515625,85
954,139.986275647629,145.854000387009,65.8756103515625,85
955,113.621449822131,146.235297501111,65.8756103515625,85
956,113.214457083295,144.479848007143,65.8756103515625,85
957,137.933698252238,143.868219345194,65.8756103515625,85
958,165.25676218133,142.40880924728,65.8756103515625,85
959,115.734732141069,140.238773016047,65.8756103515625,85
960,235.138631670621,143.7898012456,65.8756103515625,85
961,122.685373464882,143.761646777648,65.8756103515625,85
962,188.316781842711,144.731148900566,65.8756103515625,85
963,192.698842522119,145.747117320459,65.8756103515625,85
964,182.566080285362,148.894380261187,65.8756103515625,85
965,128.958107662426,149.037751482325,65.8756103515625,85
966,130.280938205777,147.84464811726,65.8756103515625,85
967,144.628903023721,146.917291202506,65.8756103515625,85
968,95.4605529709332,142.917125987152,65.8756103515625,85
969,116.531457891784,142.376558203711,65.8756103515625,85
970,182.471177335525,145.390407248032,72.1191787719727,85
971,173.979713885647,144.93703121042,72.1191787719727,85
972,173.24511627979,148.110813082841,72.1191787719727,85
973,109.670805430291,148.49235061594,72.1191787719727,85
974,148.018507696912,148.019184785487,72.1191787719727,85
975,191.621893214774,149.062968526076,72.1191787719727,85
976,243.696747942788,153.451058835775,72.1191787719727,85
977,177.184899239418,153.507824023362,72.1191787719727,85
978,178.529452360273,156.057254322138,72.1191787719727,85
979,176.353236695788,157.511932764064,72.1191787719727,85
980,154.999315805176,159.167047403386,72.1191787719727,85
981,217.049305726898,163.32044134913,72.1191787719727,85
982,173.763554696326,164.753635606894,72.1191787719727,85
983,186.778441575309,165.614502782653,72.1191787719727,85
984,194.707480575974,168.773412720049,72.1191787719727,85
985,180.063265765496,166.570398083844,72.1191787719727,85
986,185.042302228237,169.064675234378,72.1191787719727,85
987,198.956877331126,169.490279053915,72.1191787719727,85
988,93.6297131619349,165.527513879507,72.1191787719727,85
989,144.40982257942,164.00126357127,72.1191787719727,85
990,199.768718924391,166.833688021748,72.1191787719727,85
991,215.428617306752,170.239595185787,72.1191787719727,85
992,187.354461718155,171.948617533565,72.1191787719727,85
993,201.132336891929,176.175488890405,72.1191787719727,85
994,167.088363589707,178.197765118321,82.4797592163086,85
995,171.972414865419,177.777814619517,82.4797592163086,85
996,141.951950680949,176.496704091329,82.4797592163086,85
997,207.160233585162,177.853308783544,82.4797592163086,85
998,193.109421496558,181.190853426195,82.4797592163086,85
999,181.431958811873,182.527391470793,82.4797592163086,85
1000,206.627666011383,183.127622382658,82.4797592163086,85
1001,153.789922469984,179.531349363746,82.4797592163086,85
1002,232.524721658105,181.744942260493,82.4797592163086,85
1003,138.939745143768,180.161353971833,82.4797592163086,85
1004,231.022367625743,182.348119209031,82.4797592163086,85
1005,165.472966622024,182.767065241705,82.4797592163086,85
1006,166.09331510496,180.728825616827,82.4797592163086,85
1007,241.774451100349,183.449261472988,82.4797592163086,85
1008,178.26756804737,183.108826531871,82.4797592163086,85
1009,161.597903479075,181.784443447995,82.4797592163086,85
1010,168.304050418834,181.314074834128,82.4797592163086,85
1011,232.228633467235,183.201528083688,82.4797592163086,85
1012,226.940216916928,184.32086166712,82.4797592163086,85
1013,207.703165462144,188.883799759129,82.4797592163086,85
1014,240.339180190975,192.720974063591,82.4797592163086,85
1015,129.420191459933,189.907032965013,82.4797592163086,85
1016,156.071022450728,187.532729170772,82.4797592163086,85
1017,153.896497028441,186.194410583183,82.4797592163086,85
1018,162.738722552849,184.65866600962,92.6228866577148,85
1019,171.885129915069,184.850536662634,92.6228866577148,85
1020,227.449224846873,187.069609061893,92.6228866577148,85
1021,158.268453643154,187.722269180381,92.6228866577148,85
1022,223.081891425461,188.359135493993,92.6228866577148,85
1023,81.1111958300421,183.879206467332,92.6228866577148,85
1024,200.090250507042,184.625538135139,92.6228866577148,85
1025,121.467757632534,181.219141799985,92.6228866577148,85
1026,178.913729257934,182.224094071503,92.6228866577148,85
1027,167.880980561696,179.638344427646,92.6228866577148,85
1028,149.847612169458,180.074659108674,92.6228866577148,85
1029,195.499671298763,178.653751255595,92.6228866577148,85
1030,102.572408133516,176.137728916055,92.6228866577148,85
1031,180.612830577764,176.718509534967,92.6228866577148,85
1032,191.518950637939,174.70828951647,92.6228866577148,85
1033,186.278534490236,175.028728174185,92.6228866577148,85
1034,113.671842885361,173.111685750436,92.6228866577148,85
1035,205.486347368379,174.598977628418,92.6228866577148,85
1036,188.565962671386,172.852470796584,92.6228866577148,85
1037,162.042951150155,170.256580165913,92.6228866577148,85
1038,198.631728932324,169.893722704721,92.6228866577148,85
1039,213.457019138769,168.818436262632,92.6228866577148,85
1040,156.436482209331,169.899087892608,92.6228866577148,85
1041,161.876290790546,170.131298626201,92.6228866577148,85
1042,179.831617674751,171.168703452053,100.805755615234,85
1043,158.98888995171,171.018710148008,100.805755615234,85
1044,174.936641850045,171.140770625407,100.805755615234,85
1045,153.079305841704,168.1659738652,100.805755615234,85
1046,182.165609386482,169.121860094933,100.805755615234,85
1047,146.424810284348,166.055576849289,100.805755615234,85
1048,151.050758431679,168.853159353354,100.805755615234,85
1049,242.646560447966,170.555411750991,100.805755615234,85
1050,167.88475530017,172.412091657696,100.805755615234,85
1051,169.340887692745,172.029177995089,100.805755615234,85
1052,227.462269407134,174.412429548906,100.805755615234,85
1053,224.648045082057,177.40444686541,100.805755615234,85
1054,198.946197464057,177.542307912022,100.805755615234,85
1055,182.763307497463,180.74994388658,100.805755615234,85
1056,132.41015447462,178.821836842454,100.805755615234,85
1057,158.083309616971,177.484411201616,100.805755615234,85
1058,139.516331225577,175.613923071029,100.805755615234,85
1059,231.294802793174,180.318841467342,100.805755615234,85
1060,189.283898306773,179.670743504877,100.805755615234,85
1061,215.39854796883,180.744046916775,100.805755615234,85
1062,247.163104599232,184.148853054738,100.805755615234,85
1063,210.044583965224,184.605367256054,100.805755615234,85
1064,187.313307689345,183.559618798077,100.805755615234,85
1065,215.928396474819,185.939295368697,100.805755615234,85
1066,286.855101446765,190.938447794946,103.978607177734,85
1067,226.111283905309,192.789634444168,103.978607177734,85
1068,264.686691622086,197.017546510983,103.978607177734,85
1069,197.36566493981,197.914707434574,103.978607177734,85
1070,179.109278760964,198.955906351344,103.978607177734,85
1071,237.20326028894,201.157412387442,103.978607177734,85
1072,190.006092605707,202.900663680297,103.978607177734,85
1073,251.924536410912,206.935614799466,103.978607177734,85
1074,267.129579821764,207.914935574418,103.978607177734,85
1075,149.743844565082,207.189299145014,103.978607177734,85
1076,149.975530971991,206.414684876184,103.978607177734,85
1077,200.46208245265,205.334677398005,103.978607177734,85
1078,137.427911134618,201.845872040107,103.978607177734,85
1079,168.621400510247,200.632880161955,103.978607177734,85
1080,242.494049838853,203.022109855611,103.978607177734,85
1081,206.480187217576,205.984911165329,103.978607177734,85
1082,135.907721769837,205.097887651443,103.978607177734,85
1083,150.758133905643,205.547559758646,103.978607177734,85
1084,260.698073177715,206.723690574028,103.978607177734,85
1085,197.216456641061,207.040992907399,103.978607177734,85
1086,124.764421453143,203.415627846772,103.978607177734,85
1087,155.582222084175,199.752392546169,103.978607177734,85
1088,126.999330103282,196.430582391692,103.978607177734,85
1089,146.750721909349,194.808078960492,103.978607177734,85
1090,174.673456139813,193.157881347092,112.683807373047,85
1091,113.265339091778,186.214290852892,112.683807373047,85
1092,163.956567963187,183.728102215207,112.683807373047,85
1093,197.099876733432,181.024629619661,112.683807373047,85
1094,134.854936214168,178.524200470635,112.683807373047,85
1095,214.232811816152,179.929141792843,112.683807373047,85
1096,237.980634902541,179.960236777387,112.683807373047,85
1097,208.6982510253,180.707923114171,112.683807373047,85
1098,117.781982968996,175.342220976494,112.683807373047,85
1099,141.821327038448,170.329890865161,112.683807373047,85
1100,143.091049087851,170.063779046072,112.683807373047,85
1101,118.567211299073,168.807446259156,112.683807373047,85
1102,86.8090168390395,164.261323634611,112.683807373047,85
1103,163.291642259243,165.295872879596,112.683807373047,85
1104,149.15975474611,164.517407049031,112.683807373047,85
1105,185.714302162938,162.246217141994,112.683807373047,85
1106,101.097634143553,158.030915019033,112.683807373047,85
1107,192.430520907463,160.291826984538,112.683807373047,85
1108,140.970356423858,159.900315885267,112.683807373047,85
1109,197.358042607023,157.366714662439,112.683807373047,85
1110,188.323406777813,157.010992667909,112.683807373047,85
1111,230.521809426142,161.241288186829,112.683807373047,85
1112,234.151311548236,164.384051765392,112.683807373047,85
1113,167.693460852403,166.011816995356,112.683807373047,85
1114,202.380453458305,168.237006257315,113.501129150391,85
1115,212.733485308302,169.759407424054,113.501129150391,85
1116,204.89921699372,173.424762540132,113.501129150391,85
1117,192.661758083023,174.572970144925,113.501129150391,85
1118,223.674878191129,175.635970203233,113.501129150391,85
1119,150.27448621182,176.252752203139,113.501129150391,85
1120,253.036901460535,177.804915788915,113.501129150391,85
1121,250.659966136576,178.312089038276,113.501129150391,85
1122,167.936658380751,176.681625332494,113.501129150391,85
1123,239.955819839595,181.568578807318,113.501129150391,85
1124,208.153577057903,184.221868808096,113.501129150391,85
1125,194.886696011651,186.293694685048,113.501129150391,85
1126,256.544266598659,191.812776897032,113.501129150391,85
1127,109.562310411191,192.722908639918,113.501129150391,85
1128,181.338902812979,193.444799062067,113.501129150391,85
1129,181.138197492077,194.723936771906,113.501129150391,85
1130,219.807838898537,196.08767824133,113.501129150391,85
1131,262.261584854028,202.534236269749,113.501129150391,85
1132,210.115121768347,203.241620304184,113.501129150391,85
1133,196.248415309004,205.45274265959,113.501129150391,85
1134,252.825593922707,207.671444712217,113.501129150391,85
1135,186.752622139077,207.608613326668,113.501129150391,85
1136,199.891858059191,206.38341527199,113.501129150391,85
1137,233.708637586014,206.365708313501,113.501129150391,85
1138,140.994285157633,205.29774128571,113.429862976074,85
1139,239.074946788118,206.765521018903,113.429862976074,85
1140,191.070223337747,205.89899054008,113.429862976074,85
1141,199.702502547778,205.691121962243,113.429862976074,85
1142,199.62912211537,205.969816523537,113.429862976074,85
1143,216.476084811166,205.681864788338,113.429862976074,85
1144,185.057603674076,207.073189486828,113.429862976074,85
1145,190.712400767947,204.580209459125,113.429862976074,85
1146,228.287631545079,203.685316075465,113.429862976074,85
1147,194.943194214503,204.765577508815,113.429862976074,85
1148,170.736569749638,201.996807505217,113.429862976074,85
1149,242.331154706897,203.363910611176,113.429862976074,85
1150,166.024541794304,202.209424442483,113.429862976074,85
1151,165.543283398565,198.569385114479,113.429862976074,85
1152,253.274488187301,204.317872225523,113.429862976074,85
1153,144.680176293034,202.851523164725,113.429862976074,85
1154,225.460064971612,204.624397863907,113.429862976074,85
1155,205.603311951065,204.056216786008,113.429862976074,85
1156,174.179816618042,200.532946056569,113.429862976074,85
1157,223.596166369825,201.072187840628,113.429862976074,85
1158,243.566114207129,202.964895796553,113.429862976074,85
1159,268.381008374717,203.587112374633,113.429862976074,85
1160,137.132844469001,201.60232126783,113.429862976074,85
1161,239.266951602025,203.177325009543,113.429862976074,85
1162,138.873036288014,199.383900957623,116.585716247559,85
1163,142.7499085798,199.45412589451,116.585716247559,85
1164,175.276572548257,196.902190924916,116.585716247559,85
1165,205.957185335814,197.497669404838,116.585716247559,85
1166,240.776183873502,199.140616657867,116.585716247559,85
1167,181.638596438606,198.420995630797,116.585716247559,85
1168,142.409670472826,195.458339057263,116.585716247559,85
1169,141.964856806225,193.734629182549,116.585716247559,85
1170,122.88098525423,191.021372562001,116.585716247559,85
1171,215.724111865032,190.518831774799,116.585716247559,85
1172,130.726159023964,187.950150367177,116.585716247559,85
1173,207.372762052943,189.415598059309,116.585716247559,85
1174,167.494421673664,186.42212873798,116.585716247559,85
1175,207.005397763301,188.06136297674,116.585716247559,85
1176,152.608311420378,187.543964097612,116.585716247559,85
1177,157.413418303341,183.709521302254,116.585716247559,85
1178,254.192353845037,188.090008404334,116.585716247559,85
1179,177.363677317077,186.166152898153,116.585716247559,85
1180,258.735696555144,188.291448282316,116.585716247559,85
1181,276.551519022683,192.386316378502,116.585716247559,85
1182,214.912902199827,192.038985811702,116.585716247559,85
1183,278.207055543755,193.424623465167,116.585716247559,85
1184,245.722764510961,192.518293710616,116.585716247559,85
1185,187.942052517914,194.550662032573,116.585716247559,85
1186,198.162040002644,192.906465568598,121.193717956543,85
1187,179.010491510009,194.511963777477,121.193717956543,85
1188,255.78907676583,199.033530504919,121.193717956543,85
1189,180.691564260737,199.250130173418,121.193717956543,85
1190,214.871299494494,199.606694739765,121.193717956543,85
1191,248.963776160697,199.934198431253,121.193717956543,85
1192,157.525040894627,198.969656209494,121.193717956543,85
1193,208.17067330949,201.60009632296,121.193717956543,85
1194,222.917138042119,204.838187572396,121.193717956543,85
1195,191.053117788358,207.565072873761,121.193717956543,85
1196,145.553401605138,204.758244463365,121.193717956543,85
1197,267.335164022072,210.22260466329,121.193717956543,85
1198,195.975858009345,209.766728501546,121.193717956543,85
1199,225.862709341423,212.101460008256,121.193717956543,85
1200,160.323869617348,210.234198882418,121.193717956543,85
1201,173.767088387938,211.08054996112,121.193717956543,85
1202,245.854074119885,214.618176193782,121.193717956543,85
1203,205.017726093458,212.651191083719,121.193717956543,85
1204,201.129989885398,213.601843586452,121.193717956543,85
1205,218.327534178227,211.985517091375,121.193717956543,85
1206,196.396776209812,208.77932737886,121.193717956543,85
1207,208.285440272555,208.514228901769,121.193717956543,85
1208,177.13149905814,204.471206642345,121.193717956543,85
1209,254.582915975522,204.825612700927,121.193717956543,85
1210,149.491158729936,203.287576949408,122.73851776123,85
1211,240.125588778069,204.966118900425,122.73851776123,85
1212,194.626572481715,205.590762139293,122.73851776123,85
1213,229.752044255532,204.549280838881,122.73851776123,85
1214,143.742785860375,203.071329702867,122.73851776123,85
1215,189.355588843537,202.050701276829,122.73851776123,85
1216,218.430256724829,200.829360499394,122.73851776123,85
1217,176.876171343287,201.60340571734,122.73851776123,85
1218,190.347314130682,200.890471350188,122.73851776123,85
1219,187.434694678794,199.471173615655,122.73851776123,85
1220,279.885894811776,203.024484696592,122.73851776123,85
1221,240.076958441708,206.805426970055,122.73851776123,85
1222,256.851051294555,206.386062460954,122.73851776123,85
1223,228.530765963603,207.688258779124,122.73851776123,85
1224,285.138569860411,210.059293199884,122.73851776123,85
1225,164.536969365248,210.2278171898,122.73851776123,85
1226,231.146129719899,212.522978843078,122.73851776123,85
1227,178.524138010787,209.829781398714,122.73851776123,85
1228,231.657303278474,210.895364486115,122.73851776123,85
1229,135.344667731835,208.263951599972,122.73851776123,85
1230,234.793791344075,208.922601886606,122.73851776123,85
1231,169.498741579784,207.846680501405,122.73851776123,85
1232,172.401014145361,206.411303456317,122.73851776123,85
1233,156.655662744403,205.592270003768,122.73851776123,85
1234,256.732029055532,205.678234526968,125.605316162109,85
1235,214.482716686137,208.277896845216,125.605316162109,85
1236,205.986137548814,206.912318796046,125.605316162109,85
1237,204.295015769689,207.299056527565,125.605316162109,85
1238,178.736032394466,205.258416053123,125.605316162109,85
1239,175.001001990991,206.508744698347,125.605316162109,85
1240,242.343328729145,208.628254293772,125.605316162109,85
1241,211.608389036539,208.35537958624,125.605316162109,85
1242,112.874243765393,205.795302483124,125.605316162109,85
1243,206.297813472787,206.433322456808,125.605316162109,85
1244,205.029353544747,207.137108811446,125.605316162109,85
1245,95.8586129069284,199.776017535252,125.605316162109,85
1246,167.799926147992,196.884936243504,125.605316162109,85
1247,146.73416401688,192.480260752397,125.605316162109,85
1248,148.533858546287,189.280384455704,125.605316162109,85
1249,248.154562751457,187.801024171346,125.605316162109,85
1250,268.359596803487,191.953929268876,125.605316162109,85
1251,202.353549700592,190.802226068103,125.605316162109,85
1252,207.351390446375,191.955316165527,125.605316162109,85
1253,174.934448223587,189.686401963331,125.605316162109,85
1254,216.278216857353,192.923743928352,125.605316162109,85
1255,199.070284234439,191.494803643967,125.605316162109,85
1256,235.235665528639,194.124280601921,125.605316162109,85
1257,222.427180152109,196.125327242191,125.605316162109,85
1258,216.983035529574,198.538422153598,128.379760742188,85
1259,196.226631411775,196.118206247847,128.379760742188,85
1260,182.836962219421,194.852376069179,128.379760742188,85
1261,281.856175647107,197.88717759311,128.379760742188,85
1262,232.794453323673,199.02715509527,128.379760742188,85
1263,181.799072483634,199.149676698836,128.379760742188,85
1264,209.911719525592,200.54610540022,128.379760742188,85
1265,196.818707731011,198.725120560295,128.379760742188,85
1266,232.351060850431,199.554827432851,128.379760742188,85
1267,252.778452535928,205.150995783672,128.379760742188,85
1268,197.463619940153,204.797628042367,128.379760742188,85
1269,151.066525564608,202.639114923161,128.379760742188,85
1270,253.565999671935,208.947410393762,128.379760742188,85
1271,237.762134781416,211.745898739099,128.379760742188,85
1272,253.587096038961,216.020016019982,128.379760742188,85
1273,209.701015465923,218.466702296767,128.379760742188,85
1274,182.876838013003,215.855593307229,128.379760742188,85
1275,180.404343779488,212.337383186269,128.379760742188,85
1276,262.08779615898,214.726753044605,128.379760742188,85
1277,212.54334834237,214.934431360445,128.379760742188,85
1278,263.543305597486,218.4787856554,128.379760742188,85
1279,237.109390260082,219.31203259151,128.379760742188,85
1280,199.547700636147,219.331129247578,128.379760742188,85
1281,186.613905725688,217.38625885546,128.379760742188,85
1282,214.459410890068,217.067548084978,127.793617248535,85
1283,226.364486180229,217.442806111005,127.793617248535,85
1284,220.647645835144,218.419646687939,127.793617248535,85
1285,225.621701260773,220.131036249593,127.793617248535,85
1286,235.344927397866,218.270586319624,127.793617248535,85
1287,212.653247623555,217.464938091619,127.793617248535,85
1288,201.858193974532,218.267302951255,127.793617248535,85
1289,301.044132393666,221.912599465978,127.793617248535,85
1290,241.390241028153,223.695460797864,127.793617248535,85
1291,208.951229496473,222.759467543705,127.793617248535,85
1292,278.530638231795,223.78955497154,127.793617248535,85
1293,281.307426359418,227.143307228311,127.793617248535,85
1294,202.165216595077,229.187254869529,127.793617248535,85
1295,261.709948473516,229.513012821592,127.793617248535,85
1296,232.928237576555,229.319656933398,127.793617248535,85
1297,203.936080298242,227.333616303769,127.793617248535,85
1298,211.916588209172,227.422239213499,127.793617248535,85
1299,263.5143031813,230.647737820231,127.793617248535,85
1300,215.556043472027,232.053805807933,127.793617248535,85
1301,260.3150547076,231.982896149877,127.793617248535,85
1302,151.037073497243,229.522645156072,127.793617248535,85
1303,217.560568013423,227.68333565271,127.793617248535,85
1304,204.229706083409,226.368148285643,127.793617248535,85
1305,230.405174023982,227.602447221156,127.793617248535,85
1306,221.375778073671,228.992922115076,136.372894287109,85
1307,190.478050163646,228.033667686019,136.372894287109,85
1308,208.518029059863,227.319809401204,136.372894287109,85
1309,275.553567611706,229.516046272266,136.372894287109,85
1310,247.777717875982,230.402286936875,136.372894287109,85
1311,222.833309470498,229.90182221978,136.372894287109,85
1312,282.064394617607,232.678268099542,136.372894287109,85
1313,225.271866982489,233.614815019861,136.372894287109,85
1314,200.858582039313,229.607393005686,136.372894287109,85
1315,295.022902806637,231.752699476826,136.372894287109,85
1316,270.249755912167,234.204640533454,136.372894287109,85
1317,189.648266752411,230.649345674278,136.372894287109,85
1318,203.744468881958,227.54682737518,136.372894287109,85
1319,150.997957723852,225.500137020331,136.372894287109,85
1320,197.607852609887,222.936053185786,136.372894287109,85
1321,243.740055977841,223.368525921837,136.372894287109,85
1322,248.24088761383,225.140718214461,136.372894287109,85
1323,234.381350536307,226.039308707546,136.372894287109,85
1324,195.843455492601,223.332474799998,136.372894287109,85
1325,305.716971444533,226.938911918898,136.372894287109,85
1326,187.738398332187,224.035845663882,136.372894287109,85
1327,288.709693236685,229.542750453459,136.372894287109,85
1328,264.421434445495,231.417185110742,136.372894287109,85
1329,252.385021308484,233.343397719745,136.372894287109,85
1330,254.622087769171,234.312074269553,144.22184753418,85
1331,270.64826023848,236.282973556145,144.22184753418,85
1332,266.940643818186,239.341477302327,144.22184753418,85
1333,240.481374669155,240.620011126699,144.22184753418,85
1334,249.094239198384,239.561637990166,144.22184753418,85
1335,274.606697238612,240.634797164671,144.22184753418,85
1336,207.247503381632,240.011364921116,144.22184753418,85
1337,244.708070311147,238.517111948858,144.22184753418,85
1338,296.729189897883,241.375404865474,144.22184753418,85
1339,258.770682053035,243.691888866022,144.22184753418,85
1340,210.050049720105,240.292974742561,144.22184753418,85
1341,221.659913274342,238.349381037048,144.22184753418,85
1342,223.96148690744,239.721909843249,144.22184753418,85
1343,210.655318563077,239.998343830494,144.22184753418,85
1344,209.130966698752,242.32366418949,144.22184753418,85
1345,197.1053160816,242.303562728359,144.22184753418,85
1346,229.528016086694,241.735081132713,144.22184753418,85
1347,202.18329947688,239.892777607235,144.22184753418,85
1348,226.794631186914,239.589308833259,144.22184753418,85
1349,248.883737602678,241.710920117662,144.22184753418,85
1350,255.892938574405,239.717958802857,144.22184753418,85
1351,214.40040279674,240.784438981439,144.22184753418,85
1352,258.829834969896,239.589244650768,144.22184753418,85
1353,208.307546139977,237.344689118547,144.22184753418,85
1354,257.696384213554,237.55714363475,150.442367553711,85
1355,305.749828121561,239.602253248845,150.442367553711,85
1356,182.865335203136,236.090936247431,150.442367553711,85
1357,214.36112033171,233.987755307972,150.442367553711,85
1358,250.343491207387,234.382239969502,150.442367553711,85
1359,260.494760463473,234.838260820105,150.442367553711,85
1360,272.443638899481,234.75173848654,150.442367553711,85
1361,266.538118704343,237.123363099448,150.442367553711,85
1362,268.462690477115,238.073547906087,150.442367553711,85
1363,224.301483079166,235.176439633338,150.442367553711,85
1364,273.654724469237,235.771801329987,150.442367553711,85
1365,267.224199942972,238.058767338901,150.442367553711,85
1366,243.987202807352,238.951858920222,150.442367553711,85
1367,192.656995850653,237.69967927795,150.442367553711,85
1368,248.554101269513,239.215630586207,150.442367553711,85
1369,220.027232267838,239.651481208971,150.442367553711,85
1370,191.449410067142,239.425244968393,150.442367553711,85
1371,229.123741854756,239.409073999115,150.442367553711,85
1372,183.184521611373,238.649122884495,150.442367553711,85
1373,162.734919196699,236.086734404886,150.442367553711,85
1374,284.805544141913,237.523606666456,150.442367553711,85
1375,233.6901752401,236.635496133083,150.442367553711,85
1376,260.396519851187,238.475340815261,150.442367553711,85
1377,170.654983039412,234.948346738042,150.442367553711,85
1378,226.786483230525,235.687504221664,151.203491210938,85
1379,239.018199828773,234.940376846273,151.203491210938,85
1380,249.261083287823,232.680827052923,151.203491210938,85
1381,194.170368928142,233.133028401923,151.203491210938,85
1382,249.170525975552,234.525404627677,151.203491210938,85
1383,219.304090482084,233.283828598665,151.203491210938,85
1384,158.195015071096,229.19183878297,151.203491210938,85
1385,182.62193005361,225.598970429135,151.203491210938,85
1386,227.280102583283,224.028649784293,151.203491210938,85
1387,174.61949299934,220.274921885182,151.203491210938,85
1388,198.656140045539,219.249108163837,151.203491210938,85
1389,290.073234095313,219.90584854888,151.203491210938,85
1390,169.844325887475,216.01065358666,151.203491210938,85
1391,270.383209614463,217.066493858944,151.203491210938,85
1392,257.171941978648,219.647091704064,151.203491210938,85
1393,276.88975044874,220.780517671233,151.203491210938,85
1394,266.495911024016,222.63926482148,151.203491210938,85
1395,291.553461730252,226.643426888005,151.203491210938,85
1396,267.551784597295,228.180548597706,151.203491210938,85
1397,208.689016879268,229.200728408422,151.203491210938,85
1398,238.282561326719,232.222634093623,151.203491210938,85
1399,204.95824762715,229.028742233032,151.203491210938,85
1400,216.474032141421,228.340096509085,151.203491210938,85
1401,245.929216822992,227.761404387957,151.203491210938,85
1402,209.271383782089,229.306060417664,155.388809204102,85
1403,283.561342411457,231.577054784902,155.388809204102,85
1404,214.449976586963,230.594325855229,155.388809204102,85
1405,242.887287792034,230.339374035398,155.388809204102,85
1406,165.868735425007,229.207308695272,155.388809204102,85
1407,269.357512478403,230.014788155386,155.388809204102,85
1408,247.613652468826,231.147170634856,155.388809204102,85
1409,309.465911959098,237.198006510376,155.388809204102,85
1410,242.834930155206,239.60652651444,155.388809204102,85
1411,210.798081111047,238.947245655551,155.388809204102,85
1412,234.182020519703,241.329746756365,155.388809204102,85
1413,190.748937963452,241.013458673082,155.388809204102,85
1414,232.030394252088,238.691745079353,155.388809204102,85
1415,250.671101292677,241.924816095561,155.388809204102,85
1416,255.749369502461,241.339462491081,155.388809204102,85
1417,272.428993391757,241.949744547605,155.388809204102,85
1418,262.785250992176,241.385564569342,155.388809204102,85
1419,253.764432668401,240.876305435118,155.388809204102,85
1420,202.809569770806,237.32654975674,155.388809204102,85
1421,203.364727064112,234.759067455413,155.388809204102,85
1422,217.548921290477,235.113463631861,155.388809204102,85
1423,236.825216725182,235.055169847799,155.388809204102,85
1424,272.643471947054,237.762578820596,155.388809204102,85
1425,256.187958696354,239.351135882793,155.388809204102,85
1426,248.927928413991,239.471084346433,159.031280517578,85
1427,240.989198165584,240.739796921773,159.031280517578,85
1428,281.319816015818,240.650135865947,159.031280517578,85
1429,203.162736036972,240.198646243948,159.031280517578,85
1430,229.401736390945,239.659224187904,159.031280517578,85
1431,173.887805018281,239.979986971635,159.031280517578,85
1432,318.650017616998,241.951687177179,159.031280517578,85
1433,254.935499172967,242.244561045344,159.031280517578,85
1434,267.887309095737,240.58141693081,159.031280517578,85
1435,213.103092475923,239.392143423639,159.031280517578,85
1436,276.076553332532,242.003282312498,159.031280517578,85
1437,302.148436429264,244.72193894888,159.031280517578,85
1438,228.761328640816,246.242434575975,159.031280517578,85
1439,291.96091320726,248.639655334182,159.031280517578,85
1440,274.132676409097,249.578118338839,159.031280517578,85
1441,269.988370969342,250.147678397514,159.031280517578,85
1442,182.910322381163,246.56693155709,159.031280517578,85
1443,239.88959531498,245.651105330002,159.031280517578,85
1444,209.960788314154,243.898959555832,159.031280517578,85
1445,207.072037835837,244.069458278434,159.031280517578,85
1446,257.956908830225,246.253145549078,159.031280517578,85
1447,144.952364356114,243.349283271704,159.031280517578,85
1448,187.981774887304,241.395545598188,159.031280517578,85
1449,159.189584462611,236.857390098811,159.031280517578,85
1450,274.381454833079,237.58512994428,161.499206542969,85
1451,202.15570405665,235.714240969986,161.499206542969,85
1452,207.84076464735,234.388303629257,161.499206542969,85
1453,217.768085478338,231.846234407758,161.499206542969,85
1454,174.743163484483,230.709451505658,161.499206542969,85
1455,211.93638293041,230.010837367237,161.499206542969,85
1456,238.055756649234,232.577555432475,161.499206542969,85
1457,249.759796982425,229.821946607092,161.499206542969,85
1458,231.96053736326,228.902948134703,161.499206542969,85
1459,233.323267693301,227.520386478606,161.499206542969,85
1460,174.85615209538,225.990508863384,161.499206542969,85
1461,266.679613118974,225.614631254842,161.499206542969,85
1462,279.169636858713,224.69547927202,161.499206542969,85
1463,253.309814952189,225.677418724475,161.499206542969,85
1464,258.631894202743,224.344257964294,161.499206542969,85
1465,264.454372899581,223.957125823914,161.499206542969,85
1466,277.982448057363,224.276888907434,161.499206542969,85
1467,294.02774280306,228.72158572431,161.499206542969,85
1468,271.304980971837,229.978201150585,161.499206542969,85
1469,247.649397070971,231.485745500857,161.499206542969,85
1470,261.160168946195,233.649270745272,161.499206542969,85
1471,232.613920868899,232.635551226819,161.499206542969,85
1472,273.378231948151,237.7725859305,161.499206542969,85
1473,242.077244102855,239.936404699122,161.499206542969,85
1474,240.042563324751,243.170523853608,166.285568237305,85
1475,249.636247044923,242.180715542081,166.285568237305,85
1476,248.76084254421,244.044921081584,166.285568237305,85
1477,245.527036195241,245.552371943499,166.285568237305,85
1478,251.375399281948,246.896664495644,166.285568237305,85
1479,206.602784674171,248.171049343231,166.285568237305,85
1480,285.861689944261,251.128061623785,166.285568237305,85
1481,282.034142096997,252.887197041696,166.285568237305,85
1482,240.616196728434,252.521453031536,166.285568237305,85
1483,273.350973686911,254.177070484482,166.285568237305,85
1484,232.371520860009,254.139000611151,166.285568237305,85
1485,304.111785566842,259.309225950009,166.285568237305,85
1486,259.261120793544,259.012486256992,166.285568237305,85
1487,282.324562917161,259.13868329933,166.285568237305,85
1488,269.378225319856,259.781419714037,166.285568237305,85
1489,284.525767399778,260.817174641918,166.285568237305,85
1490,257.776032222619,260.550041014839,166.285568237305,85
1491,261.252664148927,259.880849658502,166.285568237305,85
1492,209.199900486921,256.487735965857,166.285568237305,85
1493,250.760078833715,255.665939880332,166.285568237305,85
1494,260.523002131,256.180884082733,166.285568237305,85
1495,292.142939708321,257.420194913218,166.285568237305,85
1496,234.436885892309,257.493113514154,166.285568237305,85
1497,226.009991212921,255.598383884745,166.285568237305,85
1498,279.573801807746,257.098246192941,168.874389648438,85
1499,236.848384701755,256.970479048021,168.874389648438,85
1500,179.600741469315,254.169058824997,168.874389648438,85
1501,248.30548542539,254.150844540244,168.874389648438,85
1502,227.124574993847,253.414746092188,168.874389648438,85
1503,234.574036524718,252.742691581899,168.874389648438,85
1504,245.183315510729,254.285912815361,168.874389648438,85
1505,253.611414757871,252.995901807905,168.874389648438,85
1506,181.717075989894,248.983219163621,168.874389648438,85
1507,233.749126477304,248.708536353576,168.874389648438,85
1508,277.596446643367,248.878355271834,168.874389648438,85
1509,166.466007026905,246.24213471851,168.874389648438,85
1510,235.877332582532,243.512756599138,168.874389648438,85
1511,265.63596458268,243.767750350703,168.874389648438,85
1512,209.410397713656,240.851183742563,168.874389648438,85
1513,248.287176273097,240.007541780693,168.874389648438,85
1514,289.89185144332,240.222185142434,168.874389648438,85
1515,234.433569134255,239.2884866189,168.874389648438,85
1516,265.603262511982,239.462510553422,168.874389648438,85
1517,246.289715684275,240.946103161316,168.874389648438,85
1518,245.26790040442,240.726416024144,168.874389648438,85
1519,296.630745435949,242.170725756342,168.874389648438,85
1520,288.435546366227,242.022430022659,168.874389648438,85
1521,267.435178488315,243.342361726499,168.874389648438,85
1522,283.845595736415,245.655785907439,169.911117553711,85
1523,263.591687821935,245.016501348006,169.911117553711,85
1524,290.157122085511,247.148850843356,169.911117553711,85
1525,261.04179788687,250.406493100059,169.911117553711,85
1526,253.959634277364,250.632659054138,169.911117553711,85
1527,250.788172308399,251.57920294672,169.911117553711,85
1528,267.635615582911,252.901666109047,169.911117553711,85
1529,250.005702661206,253.094561595066,169.911117553711,85
1530,289.555098691137,254.532308952397,169.911117553711,85
1531,255.462906463688,257.482142171349,169.911117553711,85
1532,265.114086992458,258.736740591955,169.911117553711,85
1533,289.709436534125,259.221260187585,169.911117553711,85
1534,261.993296167431,263.042351753206,169.911117553711,85
1535,320.210079249209,266.415661619873,169.911117553711,85
1536,249.51098917774,265.770662603676,169.911117553711,85
1537,191.841022757521,265.06788760543,169.911117553711,85
1538,249.357193089248,265.110688278076,169.911117553711,85
1539,304.88463394537,265.710399578158,169.911117553711,85
1540,270.064535164677,267.135638219375,169.911117553711,85
1541,317.268628777097,269.20225286998,169.911117553711,85
1542,270.54196194872,270.172342720558,169.911117553711,85
1543,279.704829562985,271.5498198869,169.911117553711,85
1544,297.041032565441,271.56623137208,169.911117553711,85
1545,233.636539059622,269.374271079816,169.911117553711,85
1546,272.393991702732,269.572623608392,177.917068481445,85
1547,287.082116255586,269.702084429159,177.917068481445,85
1548,290.50489496116,270.778612714728,177.917068481445,85
1549,278.001614572284,270.292392414199,177.917068481445,85
1550,266.427491387217,270.507820154213,177.917068481445,85
1551,310.871997184219,272.784314670487,177.917068481445,85
1552,306.36867199824,275.007534658081,177.917068481445,85
1553,291.05117677739,275.94415710586,177.917068481445,85
1554,268.217574478947,276.67263197857,177.917068481445,85
1555,289.220164167432,276.659234597622,177.917068481445,85
1556,212.087035898464,274.924199775013,177.917068481445,85
1557,309.667938941875,276.706353852989,177.917068481445,85
1558,310.427173423147,277.53506332855,177.917068481445,85
1559,274.985999040514,278.054771443474,177.917068481445,85
1560,261.572891488768,275.709283933056,177.917068481445,85
1561,318.286584364653,278.460307740532,177.917068481445,85
1562,266.003888361266,281.426822364682,177.917068481445,85
1563,310.730419113928,283.881751405669,177.917068481445,85
1564,270.921510141725,282.523226453524,177.917068481445,85
1565,312.758889041572,284.231000608599,177.917068481445,85
1566,274.862057971504,282.534737776376,177.917068481445,85
1567,255.766474847816,281.943718292339,177.917068481445,85
1568,298.593192142903,282.699252795536,177.917068481445,85
1569,268.700442622405,281.565629197815,177.917068481445,85
1570,260.432620945987,282.637472473269,187.672027587891,85
1571,263.350373702247,282.27572775325,187.672027587891,85
1572,284.097131120467,282.156328347845,187.672027587891,85
1573,305.012023434322,282.736613486772,187.672027587891,85
1574,262.520731613991,282.11737816844,187.672027587891,85
1575,297.051312423764,283.342331009902,187.672027587891,85
1576,313.273648015647,283.438397043159,187.672027587891,85
1577,293.539812631435,282.925242668487,187.672027587891,85
1578,273.449952760601,282.221193707815,187.672027587891,85
1579,267.644849969075,282.19828472742,187.672027587891,85
1580,230.430717830119,279.846706873928,187.672027587891,85
1581,258.660147781698,281.709631349257,187.672027587891,85
1582,313.302451369379,281.855011846357,187.672027587891,85
1583,314.364257955957,282.01249522767,187.672027587891,85
1584,239.708898579422,280.601411209226,187.672027587891,85
1585,250.947513009365,280.17639607005,187.672027587891,85
1586,277.609032228379,278.549293984599,187.672027587891,85
1587,275.689662100382,278.936724934164,187.672027587891,85
1588,289.944906035233,278.105304411016,187.672027587891,85
1589,236.104220465225,276.712612823956,187.672027587891,85
1590,284.31273386488,275.574766616888,187.672027587891,85
1591,287.120122052247,276.065089180118,187.672027587891,85
1592,261.46341587912,276.29296682137,187.672027587891,85
1593,253.607232196313,274.493528423506,187.672027587891,85
1594,266.390106499907,274.401114978606,191.870300292969,85
1595,252.260360936228,274.074224578216,191.870300292969,85
1596,309.772586465264,275.931113088737,191.870300292969,85
1597,233.673309989111,273.914160243483,191.870300292969,85
1598,287.153085939611,273.199802743694,191.870300292969,85
1599,324.068171506053,275.661700339377,191.870300292969,85
1600,301.064264120489,275.822218407246,191.870300292969,85
1601,313.595139721842,275.835078075493,191.870300292969,85
1602,217.548967459772,272.795444268627,191.870300292969,85
1603,243.388083071606,271.592969481067,191.870300292969,85
1604,279.378614386675,272.062320057771,191.870300292969,85
1605,296.480644046576,274.704317106429,191.870300292969,85
1606,285.038419795672,275.759447986988,191.870300292969,85
1607,329.608921967321,276.411706810906,191.870300292969,85
1608,274.937914826977,274.834653085747,191.870300292969,85
1609,306.574303278966,277.509269273728,191.870300292969,85
1610,278.774335344604,278.622342167138,191.870300292969,85
1611,269.136374186954,278.283435845481,191.870300292969,85
1612,306.60349518383,279.519989168819,191.870300292969,85
1613,239.484284628581,277.501564312553,191.870300292969,85
1614,266.698438506421,278.725333034201,191.870300292969,85
1615,293.767960639811,279.103542105198,191.870300292969,85
1616,295.700304864768,279.446749417699,191.870300292969,85
1617,316.523066252433,281.649135432631,191.870300292969,85
1618,275.120834968572,282.509679543522,197.526794433594,85
1619,288.963983009592,283.412634603909,197.526794433594,85
1620,277.351621163925,284.416285013017,197.526794433594,85
1621,216.199268440499,280.673352292026,197.526794433594,85
1622,305.341190356044,283.540067506704,197.526794433594,85
1623,265.343441982248,282.667681748409,197.526794433594,85
1624,269.986370596202,280.504409712015,197.526794433594,85
1625,278.146692140371,279.58770683281,197.526794433594,85
1626,288.289385810629,278.575476676362,197.526794433594,85
1627,268.581202342612,280.616766071675,197.526794433594,85
1628,278.422090211356,282.018126357266,197.526794433594,85
1629,273.193738253224,281.770731311928,197.526794433594,85
1630,320.168247278262,282.718235441195,197.526794433594,85
1631,317.213003450576,284.005218787391,197.526794433594,85
1632,307.491727755266,283.120531018909,197.526794433594,85
1633,290.769492503319,283.753794125963,197.526794433594,85
1634,255.568986209734,281.713581443193,197.526794433594,85
1635,235.510626676831,279.983033096482,197.526794433594,85
1636,304.018203140042,281.378306254606,197.526794433594,85
1637,279.631826339544,280.299439500834,197.526794433594,85
1638,241.780062865147,280.391270630297,197.526794433594,85
1639,241.894800043954,279.399125091798,197.526794433594,85
1640,318.740265728307,280.398017295338,197.526794433594,85
1641,288.693074558572,280.11772808309,197.526794433594,85
1642,324.164461646962,280.423383898872,200.971405029297,85
1643,217.580548303069,278.121772432251,200.971405029297,85
1644,273.063978406978,277.485772248147,200.971405029297,85
1645,286.474425139057,277.850684407152,200.971405029297,85
1646,305.423390925379,281.419649306547,200.971405029297,85
1647,315.298675704097,281.817948720469,200.971405029297,85
1648,262.748379072506,281.71414620408,200.971405029297,85
1649,321.640678079591,283.780318503415,200.971405029297,85
1650,332.116372443197,285.939105715528,200.971405029297,85
1651,344.941065652219,288.205172909192,200.971405029297,85
1652,275.259240294168,288.472294427254,200.971405029297,85
1653,273.026335240457,288.256464228418,200.971405029297,85
1654,288.052306767946,288.850806969007,200.971405029297,85
1655,301.360521246907,288.098497927753,200.971405029297,85
1656,328.265427790735,288.540594901359,200.971405029297,85
1657,213.678944860391,284.788083585564,200.971405029297,85
1658,257.427583333847,283.454407218785,200.971405029297,85
1659,240.751134334595,282.86169314378,200.971405029297,85
1660,297.467047596501,285.339949980567,200.971405029297,85
1661,276.619305223207,284.243994063893,200.971405029297,85
1662,297.996456016471,284.97857925097,200.971405029297,85
1663,213.255481495233,283.837595996174,200.971405029297,85
1664,288.25473921052,285.691993562836,200.971405029297,85
1665,313.567064572026,285.485065516585,200.971405029297,85
1666,286.182883306559,285.384657866505,204.1533203125,85
1667,241.855784040307,282.092310762238,204.1533203125,85
1668,297.924154309889,285.306055002511,204.1533203125,85
1669,220.884884454891,283.218891244428,204.1533203125,85
1670,290.231081387998,283.369157494385,204.1533203125,85
1671,284.034828625534,282.513615002392,204.1533203125,85
1672,290.99079513062,281.541299779453,204.1533203125,85
1673,303.613639525099,283.175910197556,204.1533203125,85
1674,272.907144825975,281.226568867412,204.1533203125,85
1675,258.857791945292,278.296225647496,204.1533203125,85
1676,216.842783483654,273.172294360753,204.1533203125,85
1677,237.733254113268,271.671254913517,204.1533203125,85
1678,281.220109267845,271.999005874612,204.1533203125,85
1679,298.249583748863,272.406896953849,204.1533203125,85
1680,315.589732715794,272.976065412605,204.1533203125,85
1681,298.77203740144,271.796329797033,204.1533203125,85
1682,289.234891654983,274.818567668816,204.1533203125,85
1683,305.473085438388,276.740387752998,204.1533203125,85
1684,273.915065270298,278.066944990426,204.1533203125,85
1685,283.958071083059,277.526585929888,204.1533203125,85
1686,293.338367140839,278.195348406594,204.1533203125,85
1687,283.596389855134,277.61934576014,204.1533203125,85
1688,297.833159842625,281.002452894036,204.1533203125,85
1689,316.045615039872,282.11408792721,204.1533203125,85
1690,315.760363746787,282.2018198942,206.338668823242,85
1691,294.274758015496,282.525494882558,206.338668823242,85
1692,312.203341469097,285.33939717971,206.338668823242,85
1693,315.138867106437,286.027985691571,206.338668823242,85
1694,273.42265475918,288.129496503743,206.338668823242,85
1695,264.191126116111,287.087898292868,206.338668823242,85
1696,303.435360922321,287.863919584739,206.338668823242,85
1697,295.366710121093,288.038956184358,206.338668823242,85
1698,267.878047277477,286.609532494453,206.338668823242,85
1699,316.521955577752,288.354124924524,206.338668823242,85
1700,263.588376784509,288.543348318093,206.338668823242,85
1701,284.813033788241,291.262158330276,206.338668823242,85
1702,332.630331447187,295.058041423633,206.338668823242,85
1703,329.098085697095,296.973160480803,206.338668823242,85
1704,290.512454625894,296.663675315884,206.338668823242,85
1705,312.554695957254,296.542273845543,206.338668823242,85
1706,257.063214799652,294.873920941471,206.338668823242,85
1707,296.331913958217,295.157801833601,206.338668823242,85
1708,276.798794678712,294.010830203214,206.338668823242,85
1709,255.625854828521,293.279261785542,206.338668823242,85
1710,318.997863271957,294.680853473098,206.338668823242,85
1711,242.662809399374,292.65383116344,206.338668823242,85
1712,282.667283170846,292.616666896068,206.338668823242,85
1713,244.744018679237,290.493101249533,206.338668823242,85
1714,278.666904628099,288.997952833062,205.961563110352,85
1715,291.971105779014,288.046382514351,205.961563110352,85
1716,276.030661426218,287.31661865078,205.961563110352,85
1717,288.884770100562,286.383875796038,205.961563110352,85
1718,305.59057970429,286.001944299952,205.961563110352,85
1719,309.127376758944,287.430133179943,205.961563110352,85
1720,210.919667999343,285.299274855272,205.961563110352,85
1721,317.676806199356,285.868932666354,205.961563110352,85
1722,271.428545925824,284.911406098543,205.961563110352,85
1723,275.642059288096,285.221966578968,205.961563110352,85
1724,260.437703010824,282.978596476291,205.961563110352,85
1725,300.173867843795,284.442016118662,205.961563110352,85
1726,258.282715478792,283.380803386284,205.961563110352,85
1727,241.669648227651,279.742376057503,205.961563110352,85
1728,305.850662165524,278.81247911624,205.961563110352,85
1729,258.423734492941,277.528930310922,205.961563110352,85
1730,320.070015999086,277.829543112595,205.961563110352,85
1731,282.774372228282,278.85798940974,205.961563110352,85
1732,310.323500125645,279.417652856437,205.961563110352,85
1733,302.994801201066,280.465493117331,205.961563110352,85
1734,318.469716265424,282.979247574808,205.961563110352,85
1735,295.031074035185,282.020576005337,205.961563110352,85
1736,335.925014605204,285.75106421357,205.961563110352,85
1737,320.598976160789,287.268331933168,205.961563110352,85
1738,305.166128807677,289.685216338305,207.133041381836,85
1739,325.404205836848,291.554708386655,207.133041381836,85
1740,292.372635590915,291.570769579131,207.133041381836,85
1741,298.729303349082,292.478715256046,207.133041381836,85
1742,301.592410138697,292.987020857571,207.133041381836,85
1743,295.339041591584,292.576959333063,207.133041381836,85
1744,303.351255195394,292.345914470521,207.133041381836,85
1745,295.273126577252,295.720052813637,207.133041381836,85
1746,309.580264108365,295.396191129998,207.133041381836,85
1747,290.099683243658,296.143036622711,207.133041381836,85
1748,321.047510817896,297.959254683903,207.133041381836,85
1749,301.300008550313,299.593746905483,207.133041381836,85
1750,301.594075987717,299.65055523124,207.133041381836,85
1751,327.268513440459,302.409987149706,207.133041381836,85
1752,304.196201384972,304.911049275999,207.133041381836,85
1753,274.552039677049,303.65910437646,207.133041381836,85
1754,324.147593133436,306.28805872208,207.133041381836,85
1755,281.864914886455,304.759854677575,207.133041381836,85
1756,288.138802250089,304.974431878447,207.133041381836,85
1757,300.058560203415,304.563834281558,207.133041381836,85
1758,290.027297909562,304.045134149898,207.133041381836,85
1759,329.670525956764,304.493166537551,207.133041381836,85
1760,303.702923852958,304.840040530262,207.133041381836,85
1761,321.232008369418,304.252320280831,207.133041381836,85
1762,310.285628650322,303.839786380412,211.788345336914,85
1763,316.90149330856,304.309200960447,211.788345336914,85
1764,298.54026019792,303.23464313489,211.788345336914,85
1765,297.299031459069,303.431698969616,211.788345336914,85
1766,297.24420454211,303.372295017337,211.788345336914,85
1767,287.381312328477,302.803851104929,211.788345336914,85
1768,326.203351024313,304.038423482238,211.788345336914,85
1769,314.493683295666,304.484120606249,211.788345336914,85
1770,282.863154018649,303.987721703905,211.788345336914,85
1771,277.344498081973,302.698291062849,211.788345336914,85
1772,285.978553540502,302.533445874723,211.788345336914,85
1773,280.141543897354,300.897207197901,211.788345336914,85
1774,330.700937191616,302.073244343553,211.788345336914,85
1775,281.868315177819,301.284213911157,211.788345336914,85
1776,284.389138673849,299.569038920493,211.788345336914,85
1777,310.567582346247,299.823894158944,211.788345336914,85
1778,267.802911176747,299.553929018932,211.788345336914,85
1779,298.277684457083,298.519132671878,211.788345336914,85
1780,239.099244948996,296.808505874379,211.788345336914,85
1781,287.27268214485,296.77386107017,211.788345336914,85
1782,343.690896308235,298.519154514362,211.788345336914,85
1783,297.552693606977,298.820170342259,211.788345336914,85
1784,326.997914474145,298.713265882954,211.788345336914,85
1785,312.536219042735,299.066597690545,211.788345336914,85
1786,277.035028046364,297.298718477623,215.090591430664,85
1787,238.477128971329,294.426378490463,215.090591430664,85
1788,318.253914145872,294.480475323956,215.090591430664,85
1789,321.977274553232,295.417955898168,215.090591430664,85
1790,316.104857783875,296.170188951161,215.090591430664,85
1791,286.481196648515,295.739668635417,215.090591430664,85
1792,327.18485225763,297.331810232583,215.090591430664,85
1793,312.227814429621,296.772788768795,215.090591430664,85
1794,256.975360424665,294.472055853955,215.090591430664,85
1795,294.113451552129,294.922067755294,215.090591430664,85
1796,336.260443729358,297.27870558119,215.090591430664,85
1797,326.073332217707,298.882496728278,215.090591430664,85
1798,282.132075264164,298.96211798295,215.090591430664,85
1799,327.459282942991,298.832451813005,215.090591430664,85
1800,334.280449500282,300.928937185904,215.090591430664,85
1801,266.486167717652,300.212818347656,215.090591430664,85
1802,298.192190460402,299.717802672222,215.090591430664,85
1803,242.343007755716,298.699406535381,215.090591430664,85
1804,315.650286930595,299.394310634321,215.090591430664,85
1805,279.578294489083,301.013472615925,215.090591430664,85
1806,318.356926336506,302.256842383591,215.090591430664,85
1807,290.234073332423,300.118569464559,215.090591430664,85
1808,233.924609579877,297.573446103475,215.090591430664,85
1809,313.263716990516,297.02407820413,215.090591430664,85
1810,322.312338891429,297.415122998077,217.553405761719,85
1811,310.250067188513,298.743724563763,217.553405761719,85
1812,299.661380287813,301.191094616423,217.553405761719,85
1813,298.962628658094,300.419443196911,217.553405761719,85
1814,302.732144089804,299.649637978374,217.553405761719,85
1815,317.68227784744,299.712734780917,217.553405761719,85
1816,268.355644227583,298.98771268408,217.553405761719,85
1817,281.666992098382,297.16699827771,217.553405761719,85
1818,195.039231580256,292.479454963735,217.553405761719,85
1819,281.618515765642,293.465181177374,217.553405761719,85
1820,320.259035800081,294.511004547292,217.553405761719,85
1821,293.783032160341,292.811908084532,217.553405761719,85
1822,298.781603084013,291.720238919184,217.553405761719,85
1823,287.340778484048,291.928587047979,217.553405761719,85
1824,317.83643081929,291.543672963031,217.553405761719,85
1825,308.452507446446,290.510555280878,217.553405761719,85
1826,301.776688246483,291.922176102031,217.553405761719,85
1827,332.69022372633,293.302097432668,217.553405761719,85
1828,268.342791145039,294.342088768241,217.553405761719,85
1829,327.250716893115,294.806105966742,217.553405761719,85
1830,291.511041313143,295.283415839704,217.553405761719,85
1831,295.853627821263,294.383283899095,217.553405761719,85
1832,325.07161797006,295.7767856846,217.553405761719,85
1833,299.741423933766,298.409458258756,217.553405761719,85
1834,311.635851076283,298.344343622186,219.953979492188,85
1835,311.955109777492,297.930054457629,219.953979492188,85
1836,282.212426868368,296.808548844823,219.953979492188,85
1837,311.964929055388,297.300690795526,219.953979492188,85
1838,316.592329643318,298.005878834935,219.953979492188,85
1839,256.480984691581,296.155832459006,219.953979492188,85
1840,324.12486975984,296.413536135502,219.953979492188,85
1841,324.645065347814,298.665112980311,219.953979492188,85
1842,272.011440637194,298.278890921864,219.953979492188,85
1843,327.23267152786,303.566628519768,219.953979492188,85
1844,304.257415755486,304.472184519362,219.953979492188,85
1845,315.914751979601,304.298413166543,219.953979492188,85
1846,299.466696138837,304.525759725682,219.953979492188,85
1847,301.476826421979,304.633568659201,219.953979492188,85
1848,267.284847215633,303.831331408464,219.953979492188,85
1849,299.868670616537,303.112621000354,219.953979492188,85
1850,293.735071596288,302.523923566348,219.953979492188,85
1851,304.680998432703,302.640095973797,219.953979492188,85
1852,318.750906452944,302.082523282861,219.953979492188,85
1853,284.243409575192,302.718548020067,219.953979492188,85
1854,284.953768508402,301.026670084679,219.953979492188,85
1855,266.549486530615,300.028207893378,219.953979492188,85
1856,327.387572137862,301.289565666042,219.953979492188,85
1857,314.181653085515,300.85396707066,219.953979492188,85
1858,311.890150053443,301.339916115447,220.476959228516,85
1859,289.566414351455,300.457138646454,220.476959228516,85
1860,330.14154290775,301.184595971664,220.476959228516,85
1861,280.100180009274,301.100106097301,220.476959228516,85
1862,284.978016639539,300.020629600667,220.476959228516,85
1863,294.033008209557,299.118256743316,220.476959228516,85
1864,324.027598740008,301.820121305253,220.476959228516,85
1865,291.083563502398,300.498469054955,220.476959228516,85
1866,317.940277150443,300.230277527061,220.476959228516,85
1867,330.588750381228,302.573369916822,220.476959228516,85
1868,334.366829800733,302.858736247737,220.476959228516,85
1869,326.432784742472,303.745751007216,220.476959228516,85
1870,318.629630790873,303.854346159667,220.476959228516,85
1871,332.997019979743,305.195559113303,220.476959228516,85
1872,274.445941190921,304.114323704061,220.476959228516,85
1873,307.361475943394,305.717388853172,220.476959228516,85
1874,312.084263686009,306.20601257595,220.476959228516,85
1875,326.15977269435,307.503000619873,220.476959228516,85
1876,326.39844283721,308.371698396053,220.476959228516,85
1877,344.942566364649,309.419364792521,220.476959228516,85
1878,304.109558115434,310.214010734131,220.476959228516,85
1879,314.038346557528,311.377393856096,220.476959228516,85
1880,305.52338180779,312.936349667183,220.476959228516,85
1881,311.829644183141,312.314032548994,220.476959228516,85
1882,336.721562084117,313.215628908938,222.781723022461,85
1883,314.517976531265,313.320741968051,222.781723022461,85
1884,321.095134595609,314.581890777818,222.781723022461,85
1885,284.401949241133,312.752307031153,222.781723022461,85
1886,312.136016746102,314.033740500626,222.781723022461,85
1887,330.247355079237,315.844514038214,222.781723022461,85
1888,291.148881585375,315.729148973247,222.781723022461,85
1889,302.964896580071,314.886640886849,222.781723022461,85
1890,334.763475654313,316.633837372926,222.781723022461,85
1891,303.861998276893,316.070706217984,222.781723022461,85
1892,330.977366113675,316.086250847282,222.781723022461,85
1893,302.341573342411,314.805240588949,222.781723022461,85
1894,308.939617936001,314.10551391669,222.781723022461,85
1895,315.489129325398,313.979893858071,222.781723022461,85
1896,335.469519192508,314.078793826581,222.781723022461,85
1897,301.599840319882,315.16494979174,222.781723022461,85
1898,316.078440316465,315.513628366663,222.781723022461,85
1899,335.875457217992,316.465276107942,222.781723022461,85
1900,337.342944171069,316.912602967011,222.781723022461,85
1901,327.073469175245,316.939604020532,222.781723022461,85
1902,317.077401884193,315.824997441314,222.781723022461,85
1903,305.734654527131,315.890001297782,222.781723022461,85
1904,320.46061026353,316.146891846022,222.781723022461,85
1905,322.292096698423,316.817640441647,222.781723022461,85
1906,305.486833217211,316.56392800301,228.048751831055,85
1907,284.238524247669,314.464606489552,228.048751831055,85
1908,225.379539268325,310.899068999034,228.048751831055,85
1909,306.27427358518,310.306234558617,228.048751831055,85
1910,334.870627438295,312.324981686504,228.048751831055,85
1911,319.298996770153,312.611500887466,228.048751831055,85
1912,329.3848438011,312.57700043634,228.048751831055,85
1913,313.494997375244,313.470845067935,228.048751831055,85
1914,323.660466304935,314.29866785693,228.048751831055,85
1915,312.187023727836,313.39560977987,228.048751831055,85
1916,326.081599656847,314.284393835069,228.048751831055,85
1917,293.326556399877,312.778361446517,228.048751831055,85
1918,273.604399153926,311.628874478977,228.048751831055,85
1919,274.399332829452,310.247263074715,228.048751831055,85
1920,319.293885435507,310.39945331912,228.048751831055,85
1921,327.097995134005,310.06459235678,228.048751831055,85
1922,311.853805817379,310.47475097668,228.048751831055,85
1923,341.802240457533,311.503702982322,228.048751831055,85
1924,339.179643655785,311.635870439834,228.048751831055,85
1925,286.244322832579,309.591925586294,228.048751831055,85
1926,305.666141935736,308.735632496714,228.048751831055,85
1927,327.929596285915,309.169720272783,228.048751831055,85
1928,304.549935120945,309.122331496535,228.048751831055,85
1929,344.913517115442,310.100447770612,228.048751831055,85
1930,319.366536231033,309.983425351916,231.278182983398,85
1931,318.5796837465,310.507139373088,231.278182983398,85
1932,328.598842855606,312.281552117405,231.278182983398,85
1933,301.313625044165,315.318915548439,231.278182983398,85
1934,327.909002893134,316.184304720757,231.278182983398,85
1935,307.51904159345,315.090241286963,231.278182983398,85
1936,342.94197700047,316.035960496176,231.278182983398,85
1937,274.697126025502,313.848451785152,231.278182983398,85
1938,321.262013039089,314.159132411706,231.278182983398,85
1939,334.051833774272,314.574787110479,231.278182983398,85
1940,342.446652358696,315.785172255714,231.278182983398,85
1941,343.868798025716,316.496660190469,231.278182983398,85
1942,321.547874219992,317.625512903273,231.278182983398,85
1943,303.698328339692,318.829270070704,231.278182983398,85
1944,329.122325229088,321.018189766689,231.278182983398,85
1945,351.654020220491,322.312595158089,231.278182983398,85
1946,308.887406856942,321.584171627006,231.278182983398,85
1947,330.717454012552,322.338717554813,231.278182983398,85
1948,331.035084742255,321.908031326202,231.278182983398,85
1949,344.861643196884,322.135311307846,231.278182983398,85
1950,262.513649676349,321.186084381597,231.278182983398,85
1951,335.019946732839,322.360236573481,231.278182983398,85
1952,324.371307152093,322.217905008128,231.278182983398,85
1953,328.262602303041,323.166411695412,231.278182983398,85
1954,353.755832447964,323.520104308713,233.595123291016,85
1955,330.891703174188,323.981110986439,233.595123291016,85
1956,313.024977577717,323.758922739688,233.595123291016,85
1957,316.68345035756,323.282307039766,233.595123291016,85
1958,336.054103633833,324.671926183352,233.595123291016,85
1959,319.793110869859,324.347290502422,233.595123291016,85
1960,310.59771932587,324.470437611718,233.595123291016,85
1961,311.232864633394,323.202073117035,233.595123291016,85
1962,320.701021315406,325.042228928631,233.595123291016,85
1963,294.57203749782,323.974629906981,233.595123291016,85
1964,354.499678969672,324.792543714797,233.595123291016,85
1965,335.613909807331,324.519234012742,233.595123291016,85
1966,342.518435224569,324.465219500696,233.595123291016,85
1967,330.789551589887,324.834886595492,233.595123291016,85
1968,306.850150761294,324.960959492356,233.595123291016,85
1969,313.574793603733,324.339058227342,233.595123291016,85
1970,311.485446141415,322.732315264179,233.595123291016,85
1971,334.129458215488,323.741997318521,233.595123291016,85
1972,328.758848251777,323.66365308809,233.595123291016,85
1973,346.97643625852,324.30130714874,233.595123291016,85
1974,328.266716853889,323.63751009502,233.595123291016,85
1975,308.990537484507,325.496585607347,233.595123291016,85
1976,189.565252586323,319.678397841486,233.595123291016,85
1977,332.044087707521,319.985309063703,233.595123291016,85
1978,244.648991160405,316.640764617998,234.35920715332,85
1979,345.963614261304,316.329075890531,234.35920715332,85
1980,307.141919133415,315.3790845289,234.35920715332,85
1981,306.320501202624,315.110905473897,234.35920715332,85
1982,345.880155043045,316.278773661316,234.35920715332,85
1983,334.793252850848,316.228339629997,234.35920715332,85
1984,336.088690043092,316.880162796926,234.35920715332,85
1985,340.24068570314,318.065881452017,234.35920715332,85
1986,296.754015180663,317.486727473907,234.35920715332,85
1987,316.695590912263,317.326510257782,234.35920715332,85
1988,274.891504964361,316.539288956443,234.35920715332,85
1989,335.887420113601,315.794798602201,234.35920715332,85
1990,316.478017070165,315.029362892714,234.35920715332,85
1991,319.289021344306,314.100186337503,234.35920715332,85
1992,314.631720319721,313.453873086697,234.35920715332,85
1993,340.678703445452,314.807015194063,234.35920715332,85
1994,323.596872284056,315.207898341276,234.35920715332,85
1995,336.995104099471,316.228284659598,234.35920715332,85
1996,303.904880876045,315.01930156602,234.35920715332,85
1997,331.129414801856,315.114124228024,234.35920715332,85
1998,337.973238319042,314.753996310445,234.35920715332,85
1999,316.881142622903,314.298573341205,234.35920715332,85
2000,337.240080960487,315.428555080244,234.35920715332,85
2001,315.495264864086,320.465755571355,234.35920715332,85
2002,343.491767278425,320.923662754191,236.304718017578,85
2003,342.762004322901,324.848183280691,236.304718017578,85
2004,291.270137321788,322.66044420311,236.304718017578,85
2005,333.693749916848,323.722517434448,236.304718017578,85
2006,333.53294619094,324.81101523398,236.304718017578,85
2007,312.199661893691,323.463795508006,236.304718017578,85
2008,344.902320139593,323.868158199556,236.304718017578,85
2009,328.454489253844,323.562790167986,236.304718017578,85
2010,327.430624848996,323.05038773382,236.304718017578,85
2011,309.29927369134,323.552198074247,236.304718017578,85
2012,306.790466267994,323.155993088477,236.304718017578,85
2013,335.103714181387,325.564481457158,236.304718017578,85
2014,294.549267717445,323.910955361311,236.304718017578,85
2015,266.245662812258,321.901661190995,236.304718017578,85
2016,331.994641646752,322.409886003093,236.304718017578,85
2017,340.516778060719,323.445288312733,236.304718017578,85
2018,313.653284084825,322.364271538308,236.304718017578,85
2019,336.557440259943,322.882694257343,236.304718017578,85
2020,308.445236680021,321.740699560565,236.304718017578,85
2021,341.80228064425,323.256595551293,236.304718017578,85
2022,304.172958854313,322.178337313392,236.304718017578,85
2023,308.108089233048,320.983731349952,236.304718017578,85
2024,335.899976735735,321.744484714465,236.304718017578,85
2025,323.435458056095,321.19229979829,236.304718017578,85
2026,353.169154279229,322.699255374895,239.73713684082,85
2027,332.769173670122,322.270351630563,239.73713684082,85
2028,336.702998262081,322.02799138813,239.73713684082,85
2029,334.023843865308,323.738139649871,239.73713684082,85
2030,334.601493729012,323.774449402358,239.73713684082,85
2031,325.279667536888,323.444318256196,239.73713684082,85
2032,356.178260158052,325.20346218677,239.73713684082,85
2033,271.825952075389,322.280407464202,239.73713684082,85
2034,296.940991154649,321.019867540234,239.73713684082,85
2035,335.61794578981,321.347360377867,239.73713684082,85
2036,313.463855337076,321.513943643696,239.73713684082,85
2037,326.657349714845,322.30861898157,239.73713684082,85
2038,311.956759437669,321.382740791821,239.73713684082,85
2039,329.548761002564,322.782720523226,239.73713684082,85
2040,324.140408569841,325.098510353529,239.73713684082,85
2041,331.313689309128,325.071272260025,239.73713684082,85
2042,330.691893363453,324.678276872134,239.73713684082,85
2043,285.063637802485,323.53469102084,239.73713684082,85
2044,335.040043764714,323.473995161031,239.73713684082,85
2045,312.72106235046,323.645028187849,239.73713684082,85
2046,318.949432910606,322.730914278503,239.73713684082,85
2047,334.216490240791,323.932655533962,239.73713684082,85
2048,315.481416428941,324.227588621798,239.73713684082,85
2049,332.719619415849,324.100374329002,239.73713684082,85
2050,313.631644711468,323.708221795217,239.679901123047,85
2051,337.514371215217,323.082030472657,239.679901123047,85
2052,312.795804604271,322.283095710023,239.679901123047,85
2053,342.750530552197,322.524997001627,239.679901123047,85
2054,315.964161927412,321.802609724111,239.679901123047,85
2055,332.023222689677,321.699478882538,239.679901123047,85
2056,340.671488887248,322.315151736552,239.679901123047,85
2057,317.766308244677,320.778673660017,239.679901123047,85
2058,323.967223975531,322.864324536023,239.679901123047,85
2059,311.7228130219,323.455597410713,239.679901123047,85
2060,311.777850639694,322.501993604709,239.679901123047,85
2061,328.650113003181,323.109443911353,239.679901123047,85
2062,308.978961804271,322.40230839493,239.679901123047,85
2063,317.605341414754,322.628251674013,239.679901123047,85
2064,338.788297991504,322.997833153571,239.679901123047,85
2065,330.441891109541,323.249892455159,239.679901123047,85
2066,293.028448031275,321.718482804045,239.679901123047,85
2067,337.868946747954,322.005564939425,239.679901123047,85
2068,314.564635745482,323.185604857145,239.679901123047,85
2069,306.347368722399,322.037897855452,239.679901123047,85
2070,316.284078948994,322.180418519393,239.679901123047,85
2071,351.756977184087,323.492720290332,239.679901123047,85
2072,313.443792295119,322.661812372506,239.679901123047,85
2073,314.444994966718,322.620355514017,239.679901123047,85
2074,352.753472746537,323.421709647244,242.94091796875,85
2075,351.422651643457,324.933349924524,242.94091796875,85
2076,344.727722231755,325.221883965185,242.94091796875,85
2077,325.234804150757,325.719443947045,242.94091796875,85
2078,332.171471660997,325.296281591397,242.94091796875,85
2079,293.491959979446,324.397393513478,242.94091796875,85
2080,320.719742753126,323.945254316016,242.94091796875,85
2081,274.870322911441,321.313207676984,242.94091796875,85
2082,300.316686478241,320.615222806326,242.94091796875,85
2083,339.216669323367,321.22520062024,242.94091796875,85
2084,310.649830431886,321.182281316639,242.94091796875,85
2085,332.292313384752,322.002859826442,242.94091796875,85
2086,313.832727530203,321.410164407522,242.94091796875,85
2087,330.587962961422,322.274524453809,242.94091796875,85
2088,344.262584053112,323.340814159343,242.94091796875,85
2089,345.602684646929,323.61338962556,242.94091796875,85
2090,335.783340818101,323.827047613902,242.94091796875,85
2091,337.33519517222,325.59931749954,242.94091796875,85
2092,295.29950927728,323.896540000713,242.94091796875,85
2093,306.040521232393,323.55557542019,242.94091796875,85
2094,322.083809484243,324.185033050663,242.94091796875,85
2095,337.833112144637,325.046994378489,242.94091796875,85
2096,336.707966252754,324.445033941236,242.94091796875,85
2097,308.690626604465,324.25490731361,242.94091796875,85
2098,341.348566614518,325.331050179522,242.231643676758,85
2099,313.234566312437,323.750293922158,242.231643676758,85
2100,321.273708521553,322.544336197281,242.231643676758,85
2101,325.207442637641,321.763525013517,242.231643676758,85
2102,344.260929955981,322.524570045726,242.231643676758,85
2103,325.088537015187,322.241252659893,242.231643676758,85
2104,330.30213371846,323.713659609454,242.231643676758,85
2105,350.740500736595,324.914489928793,242.231643676758,85
2106,352.486452511374,328.01913511279,242.231643676758,85
2107,332.585980519711,329.309906874449,242.231643676758,85
2108,336.687483015589,329.208739422138,242.231643676758,85
2109,357.67576024303,331.089776614584,242.231643676758,85
2110,357.047930170108,332.080001285998,242.231643676758,85
2111,315.728125421406,332.155817201646,242.231643676758,85
2112,345.09337475392,332.736033673346,242.231643676758,85
2113,344.660713422436,332.751958848119,242.231643676758,85
2114,346.497226423161,332.787740519168,242.231643676758,85
2115,331.990040382712,332.636008501752,242.231643676758,85
2116,333.462739346635,332.481110268729,242.231643676758,85
2117,314.389182682023,333.244697204919,242.231643676758,85
2118,339.935961970827,334.600514834456,242.231643676758,85
2119,320.851068288345,334.55120518662,242.231643676758,85
2120,306.396467432641,333.29373939814,242.231643676758,85
2121,313.872942814819,332.380338460623,242.231643676758,85
2122,326.220412382944,333.081529891762,243.601196289062,85
2123,329.356162672725,332.60183373409,243.601196289062,85
2124,336.018662065162,333.513197564199,243.601196289062,85
2125,331.784635810043,333.933634655739,243.601196289062,85
2126,336.063717959231,334.367885668603,243.601196289062,85
2127,319.441950775039,333.375126501365,243.601196289062,85
2128,313.908241115479,332.927914665377,243.601196289062,85
2129,325.893325563395,332.751562339174,243.601196289062,85
2130,317.745079243228,331.431745479439,243.601196289062,85
2131,316.604990544495,329.996487000764,243.601196289062,85
2132,334.116896618029,330.057723644697,243.601196289062,85
2133,340.777180093213,330.221311527802,243.601196289062,85
2134,311.10966370101,328.358667666121,243.601196289062,85
2135,352.499151709694,328.176716527704,243.601196289062,85
2136,351.905233555546,329.62380085307,243.601196289062,85
2137,340.900730681832,329.456095090187,243.601196289062,85
2138,318.155930389221,328.395903768858,243.601196289062,85
2139,358.474768229237,328.875005441101,243.601196289062,85
2140,354.871966491683,329.79028248546,243.601196289062,85
2141,358.449947089392,330.78977079517,243.601196289062,85
2142,346.617910317816,332.078919900602,243.601196289062,85
2143,348.39286661732,332.417196086462,243.601196289062,85
2144,310.063217021297,331.98568203578,243.601196289062,85
2145,344.573902780132,333.512779449679,243.601196289062,85
2146,321.251054828637,333.807903930232,246.854141235352,85
2147,359.141861383196,335.124761890242,246.854141235352,85
2148,359.895813845929,336.34634793717,246.854141235352,85
2149,336.481067936607,336.364844172028,246.854141235352,85
2150,343.689708855431,336.841047093844,246.854141235352,85
2151,321.400690767066,336.254526006157,246.854141235352,85
2152,335.307041815744,336.889129647785,246.854141235352,85
2153,342.012215018879,338.013288603921,246.854141235352,85
2154,359.409046612055,339.353917445868,246.854141235352,85
2155,347.794795634633,340.555906101524,246.854141235352,85
2156,318.486090410586,340.631150096167,246.854141235352,85
2157,331.456625770946,340.524739262284,246.854141235352,85
2158,335.651485301468,340.319711470614,246.854141235352,85
2159,349.100860421319,341.839359339427,246.854141235352,85
2160,351.882826481925,341.814706330316,246.854141235352,85
2161,346.909855558508,341.614891210434,246.854141235352,85
2162,350.085149093203,341.982267946889,246.854141235352,85
2163,332.178639408219,342.543176307649,246.854141235352,85
2164,318.792797263881,340.955897469035,246.854141235352,85
2165,345.090320289215,340.564631620936,246.854141235352,85
2166,355.276140406219,340.437679353609,246.854141235352,85
2167,334.030945100515,339.934200744917,246.854141235352,85
2168,322.94647735924,338.916345174594,246.854141235352,85
2169,348.657174944561,340.460103491524,246.854141235352,85
2170,343.887081884373,340.432630655694,248.901641845703,85
2171,353.549622690373,341.724573370164,248.901641845703,85
2172,331.985869498735,340.638333694785,248.901641845703,85
2173,342.894224217416,339.958270109645,248.901641845703,85
2174,320.3069512439,339.311305441936,248.901641845703,85
2175,344.152643777213,339.329822838808,248.901641845703,85
2176,357.288668847266,340.765341962015,248.901641845703,85
2177,327.91910427374,340.469824460335,248.901641845703,85
2178,344.535268638017,340.570746605101,248.901641845703,85
2179,350.031501176072,340.195644787662,248.901641845703,85
2180,352.378429938535,340.378990159818,248.901641845703,85
2181,347.464120206348,341.538111351648,248.901641845703,85
2182,353.225478226907,342.408865449887,248.901641845703,85
2183,329.212505882965,342.151306273146,248.901641845703,85
2184,331.95729632618,341.465563709341,248.901641845703,85
2185,316.324525508159,340.04323167039,248.901641845703,85
2186,325.318154245465,339.179563617869,248.901641845703,85
2187,301.179621375699,337.223342509168,248.901641845703,85
2188,350.160607924772,337.942621249831,248.901641845703,85
2189,335.153232612197,338.597038663763,248.901641845703,85
2190,300.087177274675,336.796912943182,248.901641845703,85
2191,324.616629963061,335.570532525455,248.901641845703,85
2192,357.745781901344,336.519125997489,248.901641845703,85
2193,343.629408208826,337.346443231472,248.901641845703,85
2194,359.277644475169,337.771262012696,250.448791503906,85
2195,338.618291745149,337.560510407127,250.448791503906,85
2196,342.606545803749,337.122787331662,250.448791503906,85
2197,354.459406148422,338.02172879765,250.448791503906,85
2198,363.805308352588,338.858172163057,250.448791503906,85
2199,345.118738246341,339.850643643154,250.448791503906,85
2200,350.448603319992,340.102482024866,250.448791503906,85
2201,315.307905889292,338.423251506547,250.448791503906,85
2202,305.693986603029,337.534246799718,250.448791503906,85
2203,339.27727938795,337.323927229715,250.448791503906,85
2204,342.782169818382,337.033953975408,250.448791503906,85
2205,344.282840329342,336.71013039104,250.448791503906,85
2206,339.400293407382,336.387577319082,250.448791503906,85
2207,334.413179255259,335.635085360216,250.448791503906,85
2208,344.532514493663,336.247885704644,250.448791503906,85
2209,332.744684255167,336.279381221803,250.448791503906,85
2210,350.558266212466,337.648730849975,250.448791503906,85
2211,344.191744938282,338.403674477688,250.448791503906,85
2212,335.007813338373,339.756802156195,250.448791503906,85
2213,358.613927495444,340.094934939022,250.448791503906,85
2214,356.646631139243,340.954670880104,250.448791503906,85
2215,300.056678820087,340.95345094192,250.448791503906,85
2216,360.264058239102,342.379348072962,250.448791503906,85
2217,337.632010550573,341.574797218931,250.448791503906,85
2218,351.34267274578,341.883327800409,252.163711547852,85
2219,359.668693471818,341.898969760275,252.163711547852,85
2220,353.362877385068,342.488753185872,252.163711547852,85
2221,287.178248495927,340.271621293559,252.163711547852,85
2222,292.854839945729,337.807438645451,252.163711547852,85
2223,347.95392012221,337.173383116236,252.163711547852,85
2224,315.919397708806,336.005409494735,252.163711547852,85
2225,348.624801981986,335.932457441214,252.163711547852,85
2226,341.180212697267,336.967349713533,252.163711547852,85
2227,343.793008809072,338.491310601775,252.163711547852,85
2228,344.715391117861,338.708835070972,252.163711547852,85
2229,341.924378747517,338.674523428137,252.163711547852,85
2230,362.184044915899,339.390571611599,252.163711547852,85
2231,338.800319480057,339.366572654506,252.163711547852,85
2232,349.842256248342,339.98373573423,252.163711547852,85
2233,359.407637237383,340.578740643978,252.163711547852,85
2234,349.812782305512,341.261464565992,252.163711547852,85
2235,358.821584668163,341.59199730422,252.163711547852,85
2236,354.071908338699,341.987203840237,252.163711547852,85
2237,350.642871305128,342.612606158907,252.163711547852,85
2238,330.460629325119,341.486474232094,252.163711547852,85
2239,348.843618180167,341.174353713731,252.163711547852,85
2240,319.264955552817,341.94268478304,252.163711547852,85
2241,358.193528495706,341.859863593304,252.163711547852,85
2242,351.256463248883,342.404841701237,253.930068969727,85
2243,331.95089478295,341.629170582723,253.930068969727,85
2244,348.445050222051,341.180224852733,253.930068969727,85
2245,337.951992683023,340.563789464651,253.930068969727,85
2246,349.646499514804,343.062519505406,253.930068969727,85
2247,346.622160474369,345.213212326552,253.930068969727,85
2248,363.174692199294,345.822043209635,253.930068969727,85
2249,329.397299437383,346.361159278778,253.930068969727,85
2250,346.432251382159,346.273457254785,253.930068969727,85
2251,345.775534179722,346.457270114083,253.930068969727,85
2252,345.596052961992,346.5293918802,253.930068969727,85
2253,346.787486577332,346.612275698579,253.930068969727,85
2254,347.457122312974,346.833585441197,253.930068969727,85
2255,350.446661901127,346.364090120606,253.930068969727,85
2256,323.359256230437,345.746447590622,253.930068969727,85
2257,352.608201090663,345.857085384314,253.930068969727,85
2258,345.226448269262,345.289837825589,253.930068969727,85
2259,351.521767654024,345.35819723953,253.930068969727,85
2260,354.079545269513,345.168515663584,253.930068969727,85
2261,346.39457555931,344.861422352408,253.930068969727,85
2262,341.211485443757,344.484166917954,253.930068969727,85
2263,340.787112541138,344.897226246594,253.930068969727,85
2264,319.619041033652,343.728243160734,253.930068969727,85
2265,342.742446805601,344.667342810845,253.930068969727,85
2266,344.055163806338,344.10180822327,256.244689941406,85
2267,340.603024280155,343.675670664521,256.244689941406,85
2268,348.08637478938,344.321089864778,256.244689941406,85
2269,350.384601119976,344.398671900695,256.244689941406,85
2270,333.902841075272,344.236705836385,256.244689941406,85
2271,366.941631929523,344.928511132974,256.244689941406,85
2272,342.747975565388,344.773543736615,256.244689941406,85
2273,358.716679445391,344.595223226459,256.244689941406,85
2274,359.122586635512,345.784234714384,256.244689941406,85
2275,341.569407067458,345.589720941796,256.244689941406,85
2276,358.233039389592,346.088021150191,256.244689941406,85
2277,348.053365514247,346.186313652281,256.244689941406,85
2278,341.86147972154,345.989273378049,256.244689941406,85
2279,337.193885518664,345.578743906277,256.244689941406,85
2280,360.082466500415,345.964176090248,256.244689941406,85
2281,343.561997251743,346.772285731101,256.244689941406,85
2282,353.316668932652,346.80062444478,256.244689941406,85
2283,357.248877675507,347.28152162103,256.244689941406,85
2284,362.237271286439,347.710141766326,256.244689941406,85
2285,359.409724211427,347.923348924003,256.244689941406,85
2286,335.671034744445,347.494407291408,256.244689941406,85
2287,355.567075227826,348.068630882771,256.244689941406,85
2288,369.033235886209,349.198475816574,256.244689941406,85
2289,329.838566548075,349.607256837151,256.244689941406,85
2290,344.356342686178,349.671812672374,258.610656738281,85
2291,324.550273113876,348.891617044676,258.610656738281,85
2292,336.904448795658,348.743674025296,258.610656738281,85
2293,351.001529799077,348.860280225684,258.610656738281,85
2294,279.523992074783,346.025855863876,258.610656738281,85
2295,354.916907425815,346.866418517898,258.610656738281,85
2296,334.723225442809,345.577682258429,258.610656738281,85
2297,336.113624432598,345.312308213117,258.610656738281,85
2298,355.203480519359,345.171780256076,258.610656738281,85
2299,357.849092953485,345.120840508795,258.610656738281,85
2300,355.842631308661,345.691769478443,258.610656738281,85
2301,364.19693649782,345.930325362772,258.610656738281,85
2302,346.091741437926,345.851860399719,258.610656738281,85
2303,363.639437366103,346.722978705502,258.610656738281,85
2304,353.385194407584,347.370631061059,258.610656738281,85
2305,334.445508470378,346.345152739857,258.610656738281,85
2306,352.81792737759,346.715389944891,258.610656738281,85
2307,306.234343973405,344.832096946521,258.610656738281,85
2308,340.174705751992,344.149130069581,258.610656738281,85
2309,355.357628040796,343.873944339755,258.610656738281,85
2310,359.392200069625,343.873243374083,258.610656738281,85
2311,351.345386573462,344.500217447244,258.610656738281,85
2312,353.397552736852,344.413436547605,258.610656738281,85
2313,353.864944621773,343.806704897027,258.610656738281,85
2314,354.107737085323,344.777471718517,260.018188476562,85
2315,353.031525876876,345.124479046145,260.018188476562,85
2316,355.073411589224,346.345404585159,260.018188476562,85
2317,351.215492867365,346.917846348027,260.018188476562,85
2318,354.368736406553,347.052534612326,260.018188476562,85
2319,361.78291265069,350.342891435363,260.018188476562,85
2320,305.240050003541,348.355817138472,260.018188476562,85
2321,347.161743157631,348.853357847064,260.018188476562,85
2322,347.82952747978,349.321993968952,260.018188476562,85
2323,349.745088717371,349.103658296872,260.018188476562,85
2324,363.484998141168,349.32909450438,260.018188476562,85
2325,350.791998261281,349.127069182484,260.018188476562,85
2326,370.813444116329,349.391729487225,260.018188476562,85
2327,353.501625479196,349.688124848876,260.018188476562,85
2328,319.232060655282,347.911829780443,260.018188476562,85
2329,350.075242601365,347.779431708194,260.018188476562,85
2330,354.481873214758,348.580886297969,260.018188476562,85
2331,334.251938174876,347.83824672986,260.018188476562,85
2332,367.654603039317,350.295057092497,260.018188476562,85
2333,352.785027488536,350.799469961959,260.018188476562,85
2334,328.661148485367,349.731610779742,260.018188476562,85
2335,336.187297708922,348.803414685313,260.018188476562,85
2336,362.031966247032,349.230877872256,260.018188476562,85
2337,343.584360895629,348.838350198607,260.018188476562,85
2338,346.619250690204,348.548522441345,261.453125,85
2339,341.351682481002,348.038280257172,261.453125,85
2340,350.931542704921,347.954280930294,261.453125,85
2341,337.142422867365,347.237041381419,261.453125,85
2342,335.312153250104,346.600907796729,261.453125,85
2343,358.988336385288,346.785691795878,261.453125,85
2344,359.883587669042,346.709718796612,261.453125,85
2345,353.855605731877,348.654341025746,261.453125,85
2346,332.909539298405,348.084252871377,261.453125,85
2347,349.855110034319,348.165276173558,261.453125,85
2348,343.453408547774,347.913608966774,261.453125,85
2349,358.562406851224,347.716705315177,261.453125,85
2350,357.244932852931,347.974822698843,261.453125,85
2351,343.868988197816,346.897044462102,261.453125,85
2352,296.300302829563,344.608991556117,261.453125,85
2353,347.345941479159,345.733546789072,261.453125,85
2354,361.499495871645,346.190516919883,261.453125,85
2355,336.892012271459,345.486922482151,261.453125,85
2356,348.918885960548,346.073600393578,261.453125,85
2357,340.81440565911,344.99999249837,261.453125,85
2358,366.721668358823,345.557458133181,261.453125,85
2359,339.761925691284,346.001489221418,261.453125,85
2360,362.051013371217,347.03603784791,261.453125,85
2361,365.705225858433,347.182968232366,261.453125,85
2362,344.460567902967,347.218016512659,260.951202392578,85
2363,362.792276959323,347.864937563424,260.951202392578,85
2364,307.714921850006,346.519467138184,260.951202392578,85
2365,337.870796439602,345.997037287571,260.951202392578,85
2366,340.092325832598,346.115033406181,260.951202392578,85
2367,362.284148519564,347.193913216959,260.951202392578,85
2368,363.034099748548,347.35574375149,260.951202392578,85
2369,367.528117715534,347.661524953349,260.951202392578,85
2370,364.988046735932,348.106822593511,260.951202392578,85
2371,347.405386628856,348.686656486729,260.951202392578,85
2372,347.179341515149,348.579625745963,260.951202392578,85
2373,343.434725256454,348.57887841431,260.951202392578,85
2374,323.215273305801,347.164993072493,260.951202392578,85
2375,355.443258065153,347.092926080982,260.951202392578,85
2376,347.93384477103,347.25552034391,260.951202392578,85
2377,358.88691171059,349.758984699151,260.951202392578,85
2378,360.237514974004,350.274647638945,260.951202392578,85
2379,364.528168969669,350.395794562866,260.951202392578,85
2380,328.631336018155,350.065367512734,260.951202392578,85
2381,308.818134813272,348.461337466843,260.951202392578,85
2382,355.59481222967,349.052553729665,260.951202392578,85
2383,356.208617136313,348.632031680765,260.951202392578,85
2384,304.127084779798,347.206638044305,260.951202392578,85
2385,331.788396107164,345.996133353743,260.951202392578,85
2386,345.451195101155,345.185972123452,260.895202636719,85
2387,356.043545712215,345.649291235822,260.895202636719,85
2388,363.704482177769,345.68577944456,260.895202636719,85
2389,372.115588006316,348.261806090812,260.895202636719,85
2390,355.176475034463,348.954033234607,260.895202636719,85
2391,313.542328942075,347.892033358986,260.895202636719,85
2392,360.171458819233,347.807525770973,260.895202636719,85
2393,364.123142522447,347.851087481929,260.895202636719,85
2394,341.469717654359,346.808751479482,260.895202636719,85
2395,343.06904336634,345.931991344698,260.895202636719,85
2396,358.255049229754,346.365977848734,260.895202636719,85
2397,335.668534516401,345.905545568784,260.895202636719,85
2398,367.27694957646,346.859234541584,260.895202636719,85
2399,369.386769060018,348.706094371753,260.895202636719,85
2400,361.68997136809,348.95596290387,260.895202636719,85
2401,354.277061524461,349.209691574008,260.895202636719,85
2402,321.850635024956,347.728240506582,260.895202636719,85
2403,363.73519244796,347.868147605541,260.895202636719,85
2404,351.797668559734,347.358927589143,260.895202636719,85
2405,365.66113865714,348.840119694703,260.895202636719,85
2406,352.747952157119,350.597312388456,260.895202636719,85
2407,351.242380520423,350.423215120087,260.895202636719,85
2408,354.425011309793,350.351870887026,260.895202636719,85
2409,350.401133901735,352.202832851903,260.895202636719,85
2410,360.057622980252,353.333601926827,261.242156982422,85
2411,341.659241523128,353.181923783706,261.242156982422,85
2412,364.301019396604,353.512222731081,261.242156982422,85
2413,346.607147222546,352.828329332872,261.242156982422,85
2414,336.860697093652,351.418133696366,261.242156982422,85
2415,349.374542526938,351.186056396065,261.242156982422,85
2416,351.523660061172,352.705309640829,261.242156982422,85
2417,343.170523187115,352.025272215544,261.242156982422,85
2418,345.581847483633,351.283620413991,261.242156982422,85
2419,340.920445976737,351.261649546886,261.242156982422,85
2420,343.152885428219,351.265003229362,261.242156982422,85
2421,311.139466839123,349.380379933736,261.242156982422,85
2422,360.693295457293,350.381370371372,261.242156982422,85
2423,356.157823508497,349.936605328653,261.242156982422,85
2424,370.166782998545,349.967805886195,261.242156982422,85
2425,352.984756871067,349.619597306314,261.242156982422,85
2426,366.122965587053,350.093433468817,261.242156982422,85
2427,346.953697268081,351.097555958542,261.242156982422,85
2428,363.059129563607,351.070513443168,261.242156982422,85
2429,359.041630750491,351.360271930798,261.242156982422,85
2430,369.992728159147,351.533535510879,261.242156982422,85
2431,335.562860848014,350.846131858515,261.242156982422,85
2432,351.655210080843,350.862645040931,261.242156982422,85
2433,354.884512527685,350.881025089647,261.242156982422,85
2434,363.925566138972,351.422002379137,262.599639892578,85
2435,358.518403759535,351.360433610308,262.599639892578,85
2436,362.047486846967,352.175963423261,262.599639892578,85
2437,354.843445945744,351.797660485227,262.599639892578,85
2438,361.074115030117,352.37633919753,262.599639892578,85
2439,361.225196239709,353.350919163372,262.599639892578,85
2440,359.95472493898,353.774126459854,262.599639892578,85
2441,350.619561051477,353.737962499466,262.599639892578,85
2442,345.569748893773,353.833931527732,262.599639892578,85
2443,369.623328507757,354.795590768697,262.599639892578,85
2444,358.715229621491,355.507382114487,262.599639892578,85
2445,363.712661168471,356.329773144098,262.599639892578,85
2446,367.349820258574,358.578187280876,262.599639892578,85
2447,356.582259573927,358.413745845541,262.599639892578,85
2448,361.569030703471,358.63019413334,262.599639892578,85
2449,352.001071972614,357.903565692303,262.599639892578,85
2450,356.193678867602,358.031922572164,262.599639892578,85
2451,360.40334656754,357.803137811384,262.599639892578,85
2452,355.752293214444,358.155081649238,262.599639892578,85
2453,354.869169048695,357.827483228642,262.599639892578,85
2454,361.758419472993,357.936154777542,262.599639892578,85
2455,352.146411024938,357.222302092173,262.599639892578,85
2456,351.219891034376,357.848583299628,262.599639892578,85
2457,347.57959417736,357.685558663489,262.599639892578,85
2458,361.230409978801,357.939394561533,264.145202636719,85
2459,370.467183844565,358.201059269757,264.145202636719,85
2460,358.621304058816,358.205175281728,264.145202636719,85
2461,354.10385009621,357.887429811698,264.145202636719,85
2462,361.386898796328,358.149167925721,264.145202636719,85
2463,353.586351283073,357.849657375839,264.145202636719,85
2464,338.267120048825,356.931334328204,264.145202636719,85
2465,358.875536051477,356.888166772704,264.145202636719,85
2466,342.366414724088,356.558040919608,264.145202636719,85
2467,353.128903284223,356.860407095226,264.145202636719,85
2468,356.343053944932,356.329196112713,264.145202636719,85
2469,349.583226424194,355.963915984822,264.145202636719,85
2470,357.170272077165,355.702220421169,264.145202636719,85
2471,311.345295159992,353.462039417226,264.145202636719,85
2472,300.734489177728,351.228128601378,264.145202636719,85
2473,357.438475785266,351.06290640465,264.145202636719,85
2474,363.378989208506,351.518023094085,264.145202636719,85
2475,361.805718179653,351.742504666568,264.145202636719,85
2476,362.81698168062,351.839050071091,264.145202636719,85
2477,350.453439819593,351.627095935297,264.145202636719,85
2478,347.178026325169,351.319450226356,264.145202636719,85
2479,360.818837277672,351.281866938543,264.145202636719,85
2480,347.028889293984,351.077166069305,264.145202636719,85
2481,360.672620121562,351.455275232792,264.145202636719,85
2482,355.430201673693,351.769299532645,265.324829101562,85
2483,356.292388826491,351.571778686553,265.324829101562,85
2484,365.107034756256,351.357372723021,265.324829101562,85
2485,369.797965155388,351.804439166884,265.324829101562,85
2486,355.873259944519,351.875215560816,265.324829101562,85
2487,362.130835775039,351.904973039964,265.324829101562,85
2488,360.587777723026,352.185030097563,265.324829101562,85
2489,344.493224757562,352.434074285912,265.324829101562,85
2490,358.902987290271,352.435172335464,265.324829101562,85
2491,364.840184113041,353.334123111022,265.324829101562,85
2492,362.338559189808,353.702509347245,265.324829101562,85
2493,362.50468044742,353.948974407345,265.324829101562,85
2494,365.184660081418,354.573031753634,265.324829101562,85
2495,359.612601042939,354.670724912265,265.324829101562,85
2496,360.057816275354,356.619225756879,265.324829101562,85
2497,356.320609563784,358.842670572321,265.324829101562,85
2498,336.524304493534,358.006103720652,265.324829101562,85
2499,344.041119635786,357.232588937743,265.324829101562,85
2500,350.307451022903,356.772658251473,265.324829101562,85
2501,347.371007813561,356.154819296791,265.324829101562,85
2502,356.483729109276,356.396030868378,265.324829101562,85
2503,352.039674590532,356.590496798993,265.324829101562,85
2504,344.951986145346,355.9558227537,265.324829101562,85
2505,339.793850200934,355.666421189978,265.324829101562,85
2506,364.95406555986,355.83767900751,266.683746337891,85
2507,359.978627881234,356.019616055811,266.683746337891,85
2508,351.876354420952,355.84297467959,266.683746337891,85
2509,366.172741098081,355.885602933263,266.683746337891,85
2510,355.09600071274,355.297524355557,266.683746337891,85
2511,358.17044801572,355.389411878405,266.683746337891,85
2512,352.829883223303,355.017373776335,266.683746337891,85
2513,364.095156442292,355.157668925106,266.683746337891,85
2514,366.031727301304,356.019209026856,266.683746337891,85
2515,356.16620049272,355.909737554954,266.683746337891,85
2516,364.902764672006,355.912240777312,266.683746337891,85
2517,347.826699296896,355.331766381596,266.683746337891,85
2518,356.627305445104,355.096671381503,266.683746337891,85
2519,359.142512937958,354.854985495765,266.683746337891,85
2520,349.932329183737,354.467774621397,266.683746337891,85
2521,362.976351099374,354.584516014358,266.683746337891,85
2522,370.119737271321,355.136481122659,266.683746337891,85
2523,357.027887850091,355.956624456921,266.683746337891,85
2524,362.151879809682,356.681054863877,266.683746337891,85
2525,361.801054276855,357.140798994035,266.683746337891,85
2526,357.760649459292,357.556384659864,266.683746337891,85
2527,355.092534552427,357.500736877591,266.683746337891,85
2528,362.799755044519,357.93114009575,266.683746337891,85
2529,370.105965274744,358.937299260926,266.683746337891,85
2530,337.631796608097,358.850817117212,267.111328125,85
2531,286.508599617792,355.71299847953,267.111328125,85
2532,372.981584957327,356.233116762573,267.111328125,85
2533,311.339088341969,354.611626119414,267.111328125,85
2534,358.888733515908,354.320265816127,267.111328125,85
2535,365.572329767372,354.739318978312,267.111328125,85
2536,331.985653721724,353.691927206553,267.111328125,85
2537,378.301736093554,354.710801321363,267.111328125,85
2538,366.871038460849,354.821836602105,267.111328125,85
2539,354.25176418601,354.350638077493,267.111328125,85
2540,354.044005574698,354.265750280772,267.111328125,85
2541,366.420343039173,354.326453415459,267.111328125,85
2542,367.010119037194,355.093790205071,267.111328125,85
2543,294.828666474353,352.621844646241,267.111328125,85
2544,366.213726276187,352.90469317977,267.111328125,85
2545,365.078237722322,353.510529521313,267.111328125,85
2546,363.96295989564,353.549993873164,267.111328125,85
2547,358.434326143482,353.082577428051,267.111328125,85
2548,367.814874193524,353.514056881788,267.111328125,85
2549,367.640566196233,353.73360433725,267.111328125,85
2550,371.755204268082,354.131770336899,267.111328125,85
2551,361.787495961594,354.292844196991,267.111328125,85
2552,361.933728201408,354.56649194295,267.111328125,85
2553,369.63441598255,354.839878380471,267.111328125,85
2554,359.161569485975,354.402102548921,267.78515625,85
2555,363.925664902716,355.453857280705,267.78515625,85
2556,358.915816330925,358.350145949231,267.78515625,85
2557,304.117240065497,355.595572153557,267.78515625,85
2558,354.160467260784,357.30842731031,267.78515625,85
2559,361.973392918682,357.431813686421,267.78515625,85
2560,369.844987588283,357.602719999257,267.78515625,85
2561,358.414284061167,358.659865212835,267.78515625,85
2562,370.873992602328,358.362755473186,267.78515625,85
2563,358.079634497689,358.01109931466,267.78515625,85
2564,359.500773372145,358.221059682105,267.78515625,85
2565,368.791478071054,358.810958581959,267.78515625,85
2566,348.721446234829,358.103002709786,267.78515625,85
2567,363.927484219057,357.97969731706,267.78515625,85
2568,364.819466980008,360.779329337286,267.78515625,85
2569,367.214034233096,360.819341655563,267.78515625,85
2570,367.360003460077,360.910612285073,267.78515625,85
2571,348.681720400619,360.299362705272,267.78515625,85
2572,361.010593562795,360.402413402045,267.78515625,85
2573,356.980180939174,359.969025671871,267.78515625,85
2574,358.991879151209,359.62307819007,267.78515625,85
2575,290.079664143322,356.356056585079,267.78515625,85
2576,359.565150807504,356.267162778916,267.78515625,85
2577,356.817290116598,356.062505255523,267.78515625,85
2578,321.918871974682,354.153883495209,268.337158203125,85
2579,346.974728761126,353.666409866215,268.337158203125,85
2580,364.081166903564,353.672629946249,268.337158203125,85
2581,369.574767604611,354.098987997196,268.337158203125,85
2582,362.513703582917,356.434846537893,268.337158203125,85
2583,362.245595614727,356.758251672051,268.337158203125,85
2584,320.32587773542,355.09235106472,268.337158203125,85
2585,359.214420305574,354.667128373412,268.337158203125,85
2586,344.318099912972,354.103281007484,268.337158203125,85
2587,357.451062902246,353.566363819481,268.337158203125,85
2588,347.047531421782,353.125079696444,268.337158203125,85
2589,357.544083954919,353.046812119755,268.337158203125,85
2590,345.08202711257,352.098434081416,268.337158203125,85
2591,358.28144758144,352.48083413528,268.337158203125,85
2592,341.458064369963,351.582057341317,268.337158203125,85
2593,370.349698643378,351.803266607851,268.337158203125,85
2594,331.105960070219,350.358943641336,268.337158203125,85
2595,360.284115564284,350.075908125505,268.337158203125,85
2596,368.340359680981,350.862253696719,268.337158203125,85
2597,352.686907206949,350.529306242485,268.337158203125,85
2598,364.223184479245,350.819026384088,268.337158203125,85
2599,339.873219875844,350.054280013074,268.337158203125,85
2600,335.01851240033,351.851833943354,268.337158203125,85
2601,365.512163029063,352.089714432216,268.337158203125,85
2602,359.202408488118,352.185119167077,268.350311279297,85
2603,374.335922619326,354.281801192863,268.350311279297,85
2604,368.383726043858,355.138161084172,268.350311279297,85
2605,289.315640356154,352.147540022276,268.350311279297,85
2606,335.061650337969,350.76701533161,268.350311279297,85
2607,368.39042607309,351.002084231217,268.350311279297,85
2608,361.440706282712,350.969888657936,268.350311279297,85
2609,360.27690051151,352.56792956898,268.350311279297,85
2610,361.804322133843,352.671525642111,268.350311279297,85
2611,353.032830467503,353.020114864292,268.350311279297,85
2612,356.125937391672,352.967109843869,268.350311279297,85
2613,362.238419285822,353.574745358431,268.350311279297,85
2614,362.221980806287,353.761861232485,268.350311279297,85
2615,340.911203388803,353.595028283535,268.350311279297,85
2616,367.571727938284,353.966639497808,268.350311279297,85
2617,328.479559506651,353.447499303276,268.350311279297,85
2618,362.160776437546,353.119942415043,268.350311279297,85
2619,370.56726185963,354.698394486619,268.350311279297,85
2620,369.875436241124,355.082047313693,268.350311279297,85
2621,367.300647334413,355.04045881983,268.350311279297,85
2622,363.797114081626,355.484867094817,268.350311279297,85
2623,364.863605751608,355.510483945711,268.350311279297,85
2624,366.165359905599,356.562169546902,268.350311279297,85
2625,372.143179922687,358.047156247796,268.350311279297,85
2626,373.532683726794,358.367977075705,268.353332519531,85
2627,366.07189016028,358.642756342592,268.353332519531,85
2628,356.616044442946,357.933961215536,268.353332519531,85
2629,360.090153411562,357.602218310245,268.353332519531,85
2630,373.117111292587,360.954277147702,268.353332519531,85
2631,364.652558019782,362.137913454974,268.353332519531,85
2632,358.012254239643,361.722786581637,268.353332519531,85
2633,372.102972120655,362.149277215154,268.353332519531,85
2634,375.955481299104,362.776420446658,268.353332519531,85
2635,367.575435227883,363.00726497042,268.353332519531,85
2636,331.442425973836,362.143648790673,268.353332519531,85
2637,366.647861012425,362.564525735503,268.353332519531,85
2638,374.274333807011,363.045962316351,268.353332519531,85
2639,288.207266454262,360.08537374227,268.353332519531,85
2640,365.863830918076,361.083478843441,268.353332519531,85
2641,372.001157980899,361.260656045145,268.353332519531,85
2642,369.00010330147,362.881477796938,268.353332519531,85
2643,356.640660687647,362.660673166942,268.353332519531,85
2644,338.716862526031,361.386657193598,268.353332519531,85
2645,378.656664119896,361.737906308749,268.353332519531,85
2646,361.350198297489,361.499888347272,268.353332519531,85
2647,360.470352756621,361.366817894272,268.353332519531,85
2648,346.108625587264,360.616618687698,268.353332519531,85
2649,332.268708672149,359.26075263836,268.353332519531,85
2650,359.501032924566,358.755066758435,267.760620117188,85
2651,354.806723315011,358.006028341964,267.760620117188,85
2652,330.468503653848,356.581892881706,267.760620117188,85
2653,362.124494017787,356.8022308647,267.760620117188,85
2654,349.938802319939,356.396176821035,267.760620117188,85
2655,321.085500605879,354.314912393567,267.760620117188,85
2656,330.099455359092,352.932788287139,267.760620117188,85
2657,359.706332605173,353.00055142176,267.760620117188,85
2658,358.531448999821,352.457690496927,267.760620117188,85
2659,346.176659392376,351.266537620658,267.760620117188,85
2660,365.835318856575,351.196932965806,267.760620117188,85
2661,350.061488289022,351.941695458413,267.760620117188,85
2662,367.273279823226,351.966712210845,267.760620117188,85
2663,353.997481873997,351.155638133525,267.760620117188,85
2664,360.79576556325,354.059178097884,267.760620117188,85
2665,316.423273301995,352.081555793241,267.760620117188,85
2666,369.357507864705,351.975809788593,267.760620117188,85
2667,358.303819082058,351.547958419817,267.760620117188,85
2668,378.243689765178,352.412079582918,267.760620117188,85
2669,362.302269740602,353.355495871501,267.760620117188,85
2670,360.938079305242,352.646752478915,267.760620117188,85
2671,355.602677584964,352.416851650414,267.760620117188,85
2672,336.841221990038,351.47168641975,267.760620117188,85
2673,363.344457215103,352.161119684864,267.760620117188,85
2674,348.404707917547,352.80655965468,267.340118408203,85
2675,368.427272538601,353.163609239241,267.340118408203,85
2676,373.706254045898,353.919590468477,267.340118408203,85
2677,360.04234599564,355.102544162148,267.340118408203,85
2678,356.975230928498,354.896573638577,267.340118408203,85
2679,360.630196915151,355.324229422385,267.340118408203,85
2680,375.676664439673,357.507875975737,267.340118408203,85
2681,369.765668544206,359.094524503142,267.340118408203,85
2682,360.189538993762,359.113852758685,267.340118408203,85
2683,367.557507970571,359.474895117515,267.340118408203,85
2684,358.183276558402,359.955159804156,267.340118408203,85
2685,345.234554274115,359.131129220858,267.340118408203,85
2686,369.527017650062,359.909750395299,267.340118408203,85
2687,366.408899769659,359.875175193157,267.340118408203,85
2688,358.842972429193,360.068994815364,267.340118408203,85
2689,372.182124354308,360.524449167007,267.340118408203,85
2690,363.273615863096,362.398462869451,267.340118408203,85
2691,372.475119205867,362.523167323097,267.340118408203,85
2692,357.479734931282,362.490203957066,267.340118408203,85
2693,364.843075660931,361.954179392896,267.340118408203,85
2694,326.427921439088,360.519205460836,267.340118408203,85
2695,299.032682390124,358.042989584231,267.340118408203,85
2696,380.457280303141,359.037173692958,267.340118408203,85
2697,372.400483404165,360.459544149523,267.340118408203,85
2698,367.401145044805,360.621811662711,268.515350341797,85
2699,371.786277927389,361.557074463105,268.515350341797,85
2700,372.338761934146,361.713534038927,268.515350341797,85
2701,367.040718169022,361.446912603852,268.515350341797,85
2702,359.671155690015,361.432064991627,268.515350341797,85
2703,364.771009626158,361.743896139533,268.515350341797,85
2704,370.835277670172,362.152099369734,268.515350341797,85
2705,370.263498012303,361.935572712639,268.515350341797,85
2706,368.461277923026,361.883397087792,268.515350341797,85
2707,361.048639124475,361.917761093021,268.515350341797,85
2708,367.072205506934,361.898348994475,268.515350341797,85
2709,358.623503629982,361.915958077338,268.515350341797,85
2710,370.315337116336,362.919189391027,268.515350341797,85
2711,368.462346141725,362.876602530694,268.515350341797,85
2712,369.765389215651,363.010862108533,268.515350341797,85
2713,366.407541057602,363.31344485367,268.515350341797,85
2714,363.183003319368,362.953480012272,268.515350341797,85
2715,367.78555172937,363.133957446923,268.515350341797,85
2716,345.202623053967,362.043057600847,268.515350341797,85
2717,356.249567774503,361.993850914576,268.515350341797,85
2718,370.998767201968,362.240078576217,268.515350341797,85
2719,360.766187811292,363.613609231105,268.515350341797,85
2720,339.951980473753,365.250381154451,268.515350341797,85
2721,365.805164864814,364.664296536918,268.515350341797,85
2722,363.033634521259,364.289622581601,270.927490234375,85
2723,342.586350293898,363.297030791565,270.927490234375,85
2724,372.445570304899,363.323402486665,270.927490234375,85
2725,348.39268272634,362.365559318353,270.927490234375,85
2726,335.062570379781,361.086433406784,270.927490234375,85
2727,347.970064461597,360.618389757647,270.927490234375,85
2728,363.151387043699,360.553604854349,270.927490234375,85
2729,362.298598234263,360.212137676912,270.927490234375,85
2730,347.648578226046,359.307540885462,270.927490234375,85
2731,362.352700325073,359.063197781544,270.927490234375,85
2732,365.314966255179,359.233850866772,270.927490234375,85
2733,364.954355268939,359.149136857252,270.927490234375,85
2734,327.907882787462,357.920512023551,270.927490234375,85
2735,334.961589553675,356.506362121045,270.927490234375,85
2736,349.699376117677,355.755843320083,270.927490234375,85
2737,359.705227875674,355.353436866484,270.927490234375,85
2738,350.713824587979,354.725688207699,270.927490234375,85
2739,369.761463165583,354.988826601548,270.927490234375,85
2740,354.277858255781,354.448518862604,270.927490234375,85
2741,368.943671854242,355.398160814615,270.927490234375,85
2742,359.060372110381,355.51059298805,270.927490234375,85
2743,373.832211979088,355.623930779135,270.927490234375,85
2744,361.832387952325,355.666578784776,270.927490234375,85
2745,342.811145655015,355.780945392027,270.927490234375,85
2746,358.743833546896,355.49849213931,270.879791259766,85
2747,375.520440883848,355.997964393814,270.879791259766,85
2748,376.484625577847,357.353895405172,270.879791259766,85
2749,371.820948391748,357.328910528646,270.879791259766,85
2750,365.623279914929,358.018134416189,270.879791259766,85
2751,374.408290793272,359.591963232729,270.879791259766,85
2752,374.919850075642,360.669954657291,270.879791259766,85
2753,367.906345391122,360.860152991187,270.879791259766,85
2754,371.183650188101,361.215555069341,270.879791259766,85
2755,367.279850067616,362.000805943004,270.879791259766,85
2756,367.791454660291,362.218356116412,270.879791259766,85
2757,356.010837634974,361.846190971604,270.879791259766,85
2758,369.604873987877,362.032211720362,270.879791259766,85
2759,370.684395387674,363.74327222437,270.879791259766,85
2760,371.280990320895,365.196048255059,270.879791259766,85
2761,376.0469195048,366.249949990544,270.879791259766,85
2762,363.041065573008,366.383383498437,270.879791259766,85
2763,374.409585690832,367.331213942552,270.879791259766,85
2764,367.224414210125,367.229731984333,270.879791259766,85
2765,349.269165997591,367.029384294006,270.879791259766,85
2766,337.494567233754,365.771420109186,270.879791259766,85
2767,372.1316568505,366.294271498791,270.879791259766,85
2768,336.505400588975,364.801199043186,270.879791259766,85
2769,303.371724577315,362.462772508186,270.879791259766,85
2770,360.820375484686,363.183141701373,271.730743408203,85
2771,316.709070073181,361.501751162424,271.730743408203,85
2772,371.729627727842,361.350118636184,271.730743408203,85
2773,358.40183088771,360.626806848578,271.730743408203,85
2774,362.18978421457,360.241560281491,271.730743408203,85
2775,376.565237018536,360.679238565636,271.730743408203,85
2776,308.212141549381,358.03139259588,271.730743408203,85
2777,370.086570608263,357.838061417185,271.730743408203,85
2778,300.710407319082,355.150223894303,271.730743408203,85
2779,359.650559499742,354.688900266769,271.730743408203,85
2780,335.487678519337,353.417213404838,271.730743408203,85
2781,373.747595020256,353.655459019236,271.730743408203,85
2782,371.341947572399,354.268703416733,271.730743408203,85
2783,355.075900541194,353.687544478866,271.730743408203,85
2784,371.917033443719,353.736850001108,271.730743408203,85
2785,339.909570074192,352.48199319124,271.730743408203,85
2786,360.610072825613,351.864519324072,271.730743408203,85
2787,373.801718422472,352.294945438051,271.730743408203,85
2788,371.648482955382,352.184501328633,271.730743408203,85
2789,349.624708124873,351.480513085223,271.730743408203,85
2790,360.547461390545,351.931644900941,271.730743408203,85
2791,356.761145827636,352.702308044696,271.730743408203,85
2792,361.081717733062,352.260310479999,271.730743408203,85
2793,373.525299988527,353.741106455981,271.730743408203,85
2794,370.220951550055,356.41507553489,271.348876953125,85
2795,367.546248515157,356.684110456109,271.348876953125,85
2796,371.644221540059,358.881516514784,271.348876953125,85
2797,361.5766832234,358.475398734607,271.348876953125,85
2798,367.453944758768,358.837483289449,271.348876953125,85
2799,358.736948018284,358.699369841597,271.348876953125,85
2800,358.619793372545,357.981552095758,271.348876953125,85
2801,364.22851936377,360.222207208333,271.348876953125,85
2802,370.054108235764,360.220908713433,271.348876953125,85
2803,351.071247692607,362.235342328374,271.348876953125,85
2804,353.622597630931,361.994223853622,271.348876953125,85
2805,374.277876531151,363.545831774095,271.348876953125,85
2806,366.053690311093,363.238075585728,271.348876953125,85
2807,372.816662805203,363.29706419504,271.348876953125,85
2808,374.362227947196,364.06851729128,271.348876953125,85
2809,349.233678787799,363.161183105043,271.348876953125,85
2810,373.181746671974,364.492070168955,271.348876953125,85
2811,368.752509033719,364.817767617279,271.348876953125,85
2812,372.287085176116,364.757182287425,271.348876953125,85
2813,352.231924935564,363.980519966632,271.348876953125,85
2814,371.167313100536,364.842224165658,271.348876953125,85
2815,376.329361623757,365.473500174987,271.348876953125,85
2816,361.511845957585,365.663528180185,271.348876953125,85
2817,348.016407304824,365.140915763055,271.348876953125,85
2818,366.793222133654,364.87163264886,273.833648681641,85
2819,371.763610710665,364.933339015285,273.833648681641,85
2820,373.724342510648,365.180462775105,273.833648681641,85
2821,368.400931417593,365.050731170206,273.833648681641,85
2822,359.654336398438,364.973837297207,273.833648681641,85
2823,374.926468517692,365.272738247564,273.833648681641,85
2824,378.203650651524,366.051406352894,273.833648681641,85
2825,366.836631410089,366.380079874396,273.833648681641,85
2826,371.79311128811,366.682663551369,273.833648681641,85
2827,367.581899885069,366.583775217342,273.833648681641,85
2828,342.630492813719,366.246145022186,273.833648681641,85
2829,370.961831404052,366.939714373111,273.833648681641,85
2830,366.99647403615,366.648458273311,273.833648681641,85
2831,362.141082259329,366.49195395124,273.833648681641,85
2832,377.89415703797,366.695053720551,273.833648681641,85
2833,367.714524255868,366.429145572898,273.833648681641,85
2834,369.094539681793,367.223580008658,273.833648681641,85
2835,372.08850702534,367.179850422792,273.833648681641,85
2836,382.979640299954,367.748935673442,273.833648681641,85
2837,372.178474190075,367.744591234,273.833648681641,85
2838,374.355932605241,368.629551540787,273.833648681641,85
2839,366.115314676279,368.427471603817,273.833648681641,85
2840,376.642989938753,368.440016736417,273.833648681641,85
2841,359.981372736017,368.378797807554,273.833648681641,85
2842,361.51818131612,368.918868768006,274.760192871094,85
2843,365.327235884219,368.860229318028,274.760192871094,85
2844,355.413557905349,368.206227205816,274.760192871094,85
2845,374.313712855805,368.229802019622,274.760192871094,85
2846,368.466199642681,368.232412748626,274.760192871094,85
2847,374.162623410823,368.812744229121,274.760192871094,85
2848,374.492513409881,368.795386024808,274.760192871094,85
2849,345.470130045839,367.486045200581,274.760192871094,85
2850,367.095773173732,367.496410871127,274.760192871094,85
2851,364.802890647653,367.216802045509,274.760192871094,85
2852,372.577529123756,367.416627215056,274.760192871094,85
2853,374.93626739803,368.708858198428,274.760192871094,85
2854,360.684353733163,368.297759091593,274.760192871094,85
2855,367.118313113552,368.302632654689,274.760192871094,85
2856,354.095023851555,367.980790318378,274.760192871094,85
2857,377.768833281788,367.975777368131,274.760192871094,85
2858,361.83629731577,367.740648290527,274.760192871094,85
2859,375.839666442497,368.010453360955,274.760192871094,85
2860,369.18334909698,367.89424704382,274.760192871094,85
2861,371.328794496071,367.428213211665,274.760192871094,85
2862,374.940445201239,367.538692052112,274.760192871094,85
2863,375.711565377634,367.592917363008,274.760192871094,85
2864,360.363374958918,367.362839774313,274.760192871094,85
2865,376.541862352564,367.358794670866,274.760192871094,85
2866,370.779005208427,367.790699969762,276.398284912109,85
2867,369.105074838905,368.094175710673,276.398284912109,85
2868,366.363253089391,368.13561639888,276.398284912109,85
2869,370.463530328001,368.737615295786,276.398284912109,85
2870,368.058121645684,368.487391647381,276.398284912109,85
2871,374.043110105409,368.710468065891,276.398284912109,85
2872,354.740153424478,367.933569266437,276.398284912109,85
2873,364.971740686921,367.552738357518,276.398284912109,85
2874,374.044957848389,368.69573146962,276.398284912109,85
2875,364.731482777767,368.601159853782,276.398284912109,85
2876,367.034368268096,368.690418958599,276.398284912109,85
2877,372.176831147758,368.67439103956,276.398284912109,85
2878,370.332013466351,368.490220882292,276.398284912109,85
2879,372.905912149511,368.979083218946,276.398284912109,85
2880,364.773954005783,368.885308854636,276.398284912109,85
2881,362.874271275507,369.236478751594,276.398284912109,85
2882,371.163195775047,368.972253251324,276.398284912109,85
2883,373.692303565303,369.446493501305,276.398284912109,85
2884,369.979236144554,369.212076289388,276.398284912109,85
2885,374.664519539349,369.431323107082,276.398284912109,85
2886,359.731515150998,368.967431933279,276.398284912109,85
2887,367.39740755522,368.665710427439,276.398284912109,85
2888,377.905374674568,368.753462799316,276.398284912109,85
2889,375.523333365919,369.359861135596,276.398284912109,85
2890,375.421866306772,369.315061293764,277.371002197266,85
2891,374.89147298504,369.479560004829,277.371002197266,85
2892,377.509606265933,369.81574126191,277.371002197266,85
2893,370.440885932009,369.978846575615,277.371002197266,85
2894,377.305323966588,370.252518321158,277.371002197266,85
2895,371.210504025843,370.378613616365,277.371002197266,85
2896,378.699793378283,370.56488094728,277.371002197266,85
2897,371.282228935346,371.226563967714,277.371002197266,85
2898,366.185785437817,371.27512575775,277.371002197266,85
2899,366.298605752179,370.965271673902,277.371002197266,85
2900,365.114363537221,370.98058690428,277.371002197266,85
2901,373.635663717059,371.244638722238,277.371002197266,85
2902,373.168549301416,371.284307448385,277.371002197266,85
2903,382.421271094464,371.767877753509,277.371002197266,85
2904,363.107062803678,371.375923779676,277.371002197266,85
2905,370.841319112045,371.618618383926,277.371002197266,85
2906,380.123345330413,372.308581346123,277.371002197266,85
2907,373.422112291832,372.398938006794,277.371002197266,85
2908,338.898015680479,371.007166491401,277.371002197266,85
2909,361.080788009369,370.651228565994,277.371002197266,85
2910,369.429499604818,370.441827768612,277.371002197266,85
2911,382.328205921397,371.345695399428,277.371002197266,85
2912,339.093544688576,370.213540884763,277.371002197266,85
2913,369.085665348161,369.860752511706,277.371002197266,85
2914,377.754427285792,369.949996268501,279.120758056641,85
2915,378.984713098153,370.092510140156,279.120758056641,85
2916,365.224676254523,369.705838270936,279.120758056641,85
2917,371.852550794427,369.479556052076,279.120758056641,85
2918,347.442676989446,368.559627694373,279.120758056641,85
2919,373.756087923019,368.41765825263,279.120758056641,85
2920,375.519506029779,368.590018332788,279.120758056641,85
2921,322.328122042545,366.335151479358,279.120758056641,85
2922,376.801296458475,366.555914180283,279.120758056641,85
2923,373.541261718366,366.850133231505,279.120758056641,85
2924,373.12451594392,367.123169639175,279.120758056641,85
2925,370.637152164361,367.344081184261,279.120758056641,85
2926,360.701744892723,366.826724431287,279.120758056641,85
2927,371.831215716639,366.773231087896,279.120758056641,85
2928,374.458946202265,366.454738092208,279.120758056641,85
2929,380.581782559866,367.153726882456,279.120758056641,85
2930,367.065749104541,367.002704082155,279.120758056641,85
2931,366.178089855828,366.444893863172,279.120758056641,85
2932,374.467575088959,366.486712375057,279.120758056641,85
2933,378.973918470595,368.089748486662,279.120758056641,85
2934,377.833865709562,368.759871594669,279.120758056641,85
2935,383.873752628755,369.337641715627,279.120758056641,85
2936,370.393991555472,368.86027314099,279.120758056641,85
2937,357.584194060042,369.599899115849,279.120758056641,85
2938,373.693651287002,369.784218553402,280.247131347656,85
2939,374.451002793106,369.652081573695,280.247131347656,85
2940,367.822378537147,369.205588191254,280.247131347656,85
2941,368.049108997085,369.318565500957,280.247131347656,85
2942,367.99615032259,369.164309482083,280.247131347656,85
2943,373.525021815931,370.207603275143,280.247131347656,85
2944,372.041465704719,370.139018386411,280.247131347656,85
2945,375.818369650671,370.150972931247,280.247131347656,85
2946,369.789038617852,372.049409594259,280.247131347656,85
2947,375.912569846441,372.013860529777,280.247131347656,85
2948,376.806223437727,372.144458998552,280.247131347656,85
2949,366.9584469415,371.897816238455,280.247131347656,85
2950,371.190463258845,371.919948682234,280.247131347656,85
2951,382.699306929488,372.799851163705,280.247131347656,85
2952,373.401724668357,372.862671521774,280.247131347656,85
2953,371.089776018843,372.727904714437,280.247131347656,85
2954,363.378515442901,372.039774029758,280.247131347656,85
2955,375.000612417832,372.35716856229,280.247131347656,85
2956,374.72259790387,372.698948884212,280.247131347656,85
2957,373.151327101877,372.646298964728,280.247131347656,85
2958,384.052018460978,372.849422964344,280.247131347656,85
2959,369.46934916124,372.514842302411,280.247131347656,85
2960,368.660062213077,371.906294685784,280.247131347656,85
2961,374.4617367452,372.069004493373,280.247131347656,85
2962,372.852065045327,372.679719332784,280.827270507812,85
2963,380.411167397532,372.948419977206,280.827270507812,85
2964,376.976890196819,373.049455473354,280.827270507812,85
2965,365.737775187476,372.966071339367,280.827270507812,85
2966,382.657304009776,373.550399139875,280.827270507812,85
2967,371.323134532798,373.683478508283,280.827270507812,85
2968,376.759549638673,373.812859621193,280.827270507812,85
2969,377.417252687358,374.027891100498,280.827270507812,85
2970,370.768071536424,373.825879175929,280.827270507812,85
2971,379.503232192925,374.214446918931,280.827270507812,85
2972,375.70361522499,374.206088734073,280.827270507812,85
2973,384.229644863337,374.503025591098,280.827270507812,85
2974,370.293890930744,374.636443350668,280.827270507812,85
2975,377.567347334641,374.891518713699,280.827270507812,85
2976,375.387046076822,374.599028279593,280.827270507812,85
2977,378.670244168482,374.809769059598,280.827270507812,85
2978,380.240994640278,375.175817804455,280.827270507812,85
2979,367.811715903468,375.353145822878,280.827270507812,85
2980,380.08359261124,375.556465030614,280.827270507812,85
2981,361.194897320936,375.015357007297,280.827270507812,85
2982,381.708979540011,375.357663104822,280.827270507812,85
2983,379.539709397091,375.177170742267,280.827270507812,85
2984,372.223113288858,375.287321307371,280.827270507812,85
2985,380.476226482227,375.759967878137,280.827270507812,85
2986,376.226699251812,375.830566378402,281.743682861328,85
2987,371.910960365087,375.792922191192,281.743682861328,85
2988,352.477593619532,374.675579240072,281.743682861328,85
2989,368.355649946978,374.330729630079,281.743682861328,85
2990,378.110397745578,374.825634532403,281.743682861328,85
2991,363.446917959919,374.057219090408,281.743682861328,85
2992,366.136079175717,373.849736876125,281.743682861328,85
2993,376.043621521251,373.821099751428,281.743682861328,85
2994,366.342744162864,373.378119410448,281.743682861328,85
2995,377.927564418346,373.664499125725,281.743682861328,85
2996,377.36916973174,373.579136627278,281.743682861328,85
2997,379.756615257241,373.741256628568,281.743682861328,85
2998,377.609727768356,373.476459944769,281.743682861328,85
2999,374.2199393612,373.633501881987,281.743682861328,85
3000,375.591823608182,373.554480932929,281.743682861328,85
3001,368.171331398869,373.265852345811,281.743682861328,85
3002,371.108767646686,372.963393284939,281.743682861328,85
3003,382.900329211118,373.069766667772,281.743682861328,85
3004,377.310184406826,373.449705407906,281.743682861328,85
3005,375.235600815328,373.25578573607,281.743682861328,85
3006,374.773761939235,373.798940320802,281.743682861328,85
3007,374.593009583384,373.514301522537,281.743682861328,85
3008,375.930566964963,373.369935825252,281.743682861328,85
3009,375.866442538185,373.515668995225,281.743682861328,85
3010,369.495603382686,373.076444071243,283.002471923828,85
3011,377.044528827227,373.10915725426,283.002471923828,85
3012,373.205980702347,373.16095806775,283.002471923828,85
3013,377.387496058117,374.157354165294,283.002471923828,85
3014,374.372674655694,374.398035153642,283.002471923828,85
3015,374.589186063445,374.257186686357,283.002471923828,85
3016,374.879650034132,374.714495969326,283.002471923828,85
3017,375.802829030756,375.101165963527,283.002471923828,85
3018,378.566440133562,375.20207870802,283.002471923828,85
3019,379.078052818314,375.711491054238,283.002471923828,85
3020,374.74877490744,375.584339473801,283.002471923828,85
3021,382.446492308666,375.787432376878,283.002471923828,85
3022,372.547745354591,375.499077580772,283.002471923828,85
3023,366.53342585917,375.056025504405,283.002471923828,85
3024,373.378482502986,375.022367230076,283.002471923828,85
3025,365.530590208147,374.619917894075,283.002471923828,85
3026,376.086733306283,374.936533970371,283.002471923828,85
3027,377.903947170689,375.208341151332,283.002471923828,85
3028,377.481236079248,374.991577426057,283.002471923828,85
3029,373.268749545838,374.829920031617,283.002471923828,85
3030,375.849258321729,374.854466331873,283.002471923828,85
3031,368.907352991849,374.619809973978,283.002471923828,85
3032,383.034184015965,374.957456951281,283.002471923828,85
3033,364.190083884338,374.487837628056,283.002471923828,85
3034,369.995877303065,374.253015018651,283.705718994141,85
3035,366.918751603882,374.149940947499,283.705718994141,85
3036,369.090830699984,373.831793022409,283.705718994141,85
3037,374.922183888033,373.900441149837,283.705718994141,85
3038,372.237913623986,373.694457852472,283.705718994141,85
3039,382.587765304033,374.023061478405,283.705718994141,85
3040,379.607708762123,374.223802386352,283.705718994141,85
3041,374.2747116584,374.199604851323,283.705718994141,85
3042,378.359240991305,374.301861329745,283.705718994141,85
3043,388.237242246936,374.68869341428,283.705718994141,85
3044,381.095160316009,374.769377714188,283.705718994141,85
3045,364.437924501902,374.356943697966,283.705718994141,85
3046,377.417413051149,374.155780527665,283.705718994141,85
3047,379.699890125549,374.441866318504,283.705718994141,85
3048,382.758534694289,375.090870671909,283.705718994141,85
3049,372.953734952116,375.073880769874,283.705718994141,85
3050,376.395334735807,375.50847055098,283.705718994141,85
3051,372.759978701105,375.375400366773,283.705718994141,85
3052,367.809056108894,374.971604724301,283.705718994141,85
3053,375.756156759149,374.902601551497,283.705718994141,85
3054,381.421380559716,375.228706792053,283.705718994141,85
3055,372.927161911705,375.111822935652,283.705718994141,85
3056,374.788172531887,375.347055717253,283.705718994141,85
3057,375.933719579056,375.063037139777,283.705718994141,85
3058,380.914710790096,375.732022216007,284.325439453125,85
3059,372.635040463635,375.83758874243,284.325439453125,85
3060,378.847360068194,376.314733081002,284.325439453125,85
3061,380.673707650363,376.778048159018,284.325439453125,85
3062,378.455440128602,376.91937840864,284.325439453125,85
3063,376.755400096625,377.100077867546,284.325439453125,85
3064,376.357895693074,376.850883083107,284.325439453125,85
3065,374.646153978848,376.652420891776,284.325439453125,85
3066,381.787997832501,376.95295233874,284.325439453125,85
3067,372.017583732526,376.699286048389,284.325439453125,85
3068,373.325098423057,376.102800295434,284.325439453125,85
3069,370.782721137392,375.690302728289,284.325439453125,85
3070,371.110188342986,375.957193281933,284.325439453125,85
3071,375.360838885331,375.8749303153,284.325439453125,85
3072,372.740432289345,375.596552001852,284.325439453125,85
3073,383.500137199014,375.626216102041,284.325439453125,85
3074,376.641010009074,375.773707104319,284.325439453125,85
3075,373.946437373778,375.675751209838,284.325439453125,85
3076,373.383576958074,375.700695140117,284.325439453125,85
3077,378.434363967372,376.125707454456,284.325439453125,85
3078,369.717183850269,375.884148538101,284.325439453125,85
3079,380.022190524111,375.828180936677,284.325439453125,85
3080,378.10544072298,376.035312089128,284.325439453125,85
3081,372.866957202907,375.958463475968,284.325439453125,85
3082,380.938106213088,376.15863894133,284.657104492188,85
3083,379.944613715461,376.119835058344,284.657104492188,85
3084,381.144721665548,376.460222306421,284.657104492188,85
3085,378.708419058461,376.454664666031,284.657104492188,85
3086,378.113582755423,376.352259670234,284.657104492188,85
3087,379.495804865729,376.393874259719,284.657104492188,85
3088,385.935611735135,376.761082725259,284.657104492188,85
3089,382.116369549064,376.991421679499,284.657104492188,85
3090,379.021928621802,377.166452665217,284.657104492188,85
3091,374.577471158451,376.878031598255,284.657104492188,85
3092,371.151529995619,376.843389448779,284.657104492188,85
3093,371.098837993734,376.754339031606,284.657104492188,85
3094,379.586033215859,377.106471514745,284.657104492188,85
3095,378.268411058754,377.392800423375,284.657104492188,85
3096,388.562203688579,377.920855015505,284.657104492188,85
3097,380.302912171277,378.223354210783,284.657104492188,85
3098,377.948806605477,378.001300987041,284.657104492188,85
3099,377.790592378801,378.04728428183,284.657104492188,85
3100,374.533797088912,378.070778670436,284.657104492188,85
3101,374.562727068783,378.117944674864,284.657104492188,85
3102,379.741723698734,378.170239064118,284.657104492188,85
3103,377.923244774504,378.498481501088,284.657104492188,85
3104,378.978863887406,378.45674843562,284.657104492188,85
3105,383.869544980697,378.687312605928,284.657104492188,85
3106,385.147469938494,379.178533115352,285.291290283203,85
3107,373.513965753875,378.881567496983,285.291290283203,85
3108,380.502643425247,378.903888685375,285.291290283203,85
3109,373.501217454964,378.598148516951,285.291290283203,85
3110,378.179929958923,378.57700895297,285.291290283203,85
3111,368.583260126671,378.19579604782,285.291290283203,85
3112,374.87873715333,378.011113339324,285.291290283203,85
3113,372.666357932023,377.480343187199,285.291290283203,85
3114,383.099813393061,377.519680940959,285.291290283203,85
3115,380.052515468553,377.560904414829,285.291290283203,85
3116,378.575088114729,377.72080909308,285.291290283203,85
3117,386.106264780567,378.318998484478,285.291290283203,85
3118,376.413692734864,378.531592674123,285.291290283203,85
3119,386.000237988192,378.788160865017,285.291290283203,85
3120,377.022580256891,378.738327632942,285.291290283203,85
3121,380.474212557616,378.414807987704,285.291290283203,85
3122,377.237251843554,378.292181574595,285.291290283203,85
3123,381.379200381296,378.429397325627,285.291290283203,85
3124,375.156779784032,378.324044821837,285.291290283203,85
3125,383.224420156666,378.671669744547,285.291290283203,85
3126,379.215817597717,378.857793365704,285.291290283203,85
3127,382.703623167534,378.976269344456,285.291290283203,85
3128,386.698603640186,379.327283699083,285.291290283203,85
3129,382.753551509298,379.478271203959,285.291290283203,85
3130,384.563671867576,379.506036279434,286.077575683594,85
3131,372.974201586804,379.019105545367,286.077575683594,85
3132,379.288584909353,379.250090311586,286.077575683594,85
3133,387.486769190849,379.52945534221,286.077575683594,85
3134,383.521184774852,379.930254035005,286.077575683594,85
3135,370.180933806201,379.610294188896,286.077575683594,85
3136,378.104772309072,379.991154676193,286.077575683594,85
3137,385.503606470557,380.416149448882,286.077575683594,85
3138,366.642127242869,380.175180221315,286.077575683594,85
3139,382.234186102635,380.140555129698,286.077575683594,85
3140,392.212333102671,380.626947835063,286.077575683594,85
3141,381.444387010358,380.741719790888,286.077575683594,85
3142,374.410768756812,380.273899949938,286.077575683594,85
3143,379.289056762282,380.388914511035,286.077575683594,85
3144,384.325725285843,380.321934002941,286.077575683594,85
3145,384.192327601875,380.60872389674,286.077575683594,85
3146,382.934610889292,380.707139830007,286.077575683594,85
3147,378.780457744053,380.768868066027,286.077575683594,85
3148,382.317601305894,380.806404103011,286.077575683594,85
3149,385.185246917978,381.207542788369,286.077575683594,85
3150,380.544433351533,381.100343316164,286.077575683594,85
3151,379.253303673243,381.101842759185,286.077575683594,85
3152,383.499027328406,381.13365892562,286.077575683594,85
3153,383.065480066755,380.988333982682,286.077575683594,85
3154,378.715873891686,380.826826877978,286.843841552734,85
3155,381.791134179218,380.715925370444,286.843841552734,85
3156,353.135627085787,379.922382390403,286.843841552734,85
3157,392.478270050307,380.449969796041,286.843841552734,85
3158,379.299378141491,380.122474154067,286.843841552734,85
3159,377.828675880225,379.894773798282,286.843841552734,85
3160,384.579507527009,380.470716747114,286.843841552734,85
3161,378.324377482951,380.479500954069,286.843841552734,85
3162,371.814398021105,379.931932616091,286.843841552734,85
3163,384.077108787596,380.62933187788,286.843841552734,85
3164,384.929321446785,380.737137291646,286.843841552734,85
3165,375.107565701635,380.052946595605,286.843841552734,85
3166,381.221729283465,380.044040286529,286.843841552734,85
3167,375.799368660335,380.09958428267,286.843841552734,85
3168,382.208126993461,380.216347091917,286.843841552734,85
3169,387.24715428319,380.333204251811,286.843841552734,85
3170,387.503816225471,380.465663796755,286.843841552734,85
3171,379.833717356531,380.341628055444,286.843841552734,85
3172,382.297881697566,380.482325013585,286.843841552734,85
3173,384.367056195658,380.564303209175,286.843841552734,85
3174,360.858522347229,379.591234226345,286.843841552734,85
3175,382.642212969427,379.675145411061,286.843841552734,85
3176,387.342180128262,379.998700469262,286.843841552734,85
3177,375.28972933307,379.670328549449,286.843841552734,85
3178,383.759054326927,379.698071519855,287.276123046875,85
3179,382.156298899843,379.835688520182,287.276123046875,85
3180,382.566502301637,379.866703245079,287.276123046875,85
3181,381.300575706265,380.993301189898,287.276123046875,85
3182,382.610722120357,380.5985992727,287.276123046875,85
3183,377.55162959792,380.528689330957,287.276123046875,85
3184,378.561668126704,380.558009020816,287.276123046875,85
3185,382.655693004599,380.48105643992,287.276123046875,85
3186,376.482912495761,380.407397840432,287.276123046875,85
3187,379.590215843903,380.718430553344,287.276123046875,85
3188,378.329453067963,380.488524324559,287.276123046875,85
3189,387.350921626451,380.585388331745,287.276123046875,85
3190,385.551441787988,381.003143375199,287.276123046875,85
3191,388.631230551,381.299523425901,287.276123046875,85
3192,385.595644208476,381.691374447826,287.276123046875,85
3193,383.814580341024,381.755632581729,287.276123046875,85
3194,385.611385922126,381.690201847286,287.276123046875,85
3195,384.605582163412,381.574272484804,287.276123046875,85
3196,386.570728056394,381.843752912798,287.276123046875,85
3197,388.625350421366,382.096851661751,287.276123046875,85
3198,379.87187002357,381.917044214867,287.276123046875,85
3199,383.04191392707,382.804379878061,287.276123046875,85
3200,380.52286156772,382.719605821992,287.276123046875,85
3201,372.793360844486,382.137653050641,287.276123046875,85
3202,384.066357999977,382.488718197318,288.463653564453,85
3203,378.607926915176,382.282673100848,288.463653564453,85
3204,378.968290662902,382.15515277137,288.463653564453,85
3205,383.657576399268,382.198795735275,288.463653564453,85
3206,368.331301205288,381.680024755236,288.463653564453,85
3207,373.022315651292,381.296488496473,288.463653564453,85
3208,378.691945399514,381.342101128537,288.463653564453,85
3209,388.094273470604,381.723405342293,288.463653564453,85
3210,383.913631937027,381.77372289959,288.463653564453,85
3211,375.660128476884,381.740811538835,288.463653564453,85
3212,382.895240842661,381.873012538786,288.463653564453,85
3213,376.853896580199,381.813990279275,288.463653564453,85
3214,376.757946973443,381.390271293155,288.463653564453,85
3215,381.69410173584,381.235977691069,288.463653564453,85
3216,379.824516383954,380.883709124387,288.463653564453,85
3217,377.384232343676,380.555252649795,288.463653564453,85
3218,387.116011182942,380.687309883472,288.463653564453,85
3219,385.841562076507,380.696516929647,288.463653564453,85
3220,383.527809395832,380.653406018944,288.463653564453,85
3221,379.325658099065,380.363603220651,288.463653564453,85
3222,388.176661412687,380.345655660303,288.463653564453,85
3223,391.155250200309,380.796990867373,288.463653564453,85
3224,391.298539379953,381.127255885488,288.463653564453,85
3225,383.517581563464,381.247044685318,288.463653564453,85
3226,389.260671987305,381.905737131031,288.459503173828,85
3227,386.687852735154,382.010596920438,288.459503173828,85
3228,385.553789128061,382.288431408953,288.459503173828,85
3229,388.189778924883,382.657290939433,288.459503173828,85
3230,382.595486252254,382.614807333552,288.459503173828,85
3231,383.707364737916,383.229849874857,288.459503173828,85
3232,381.594585038838,383.572740650359,288.459503173828,85
3233,387.7707754849,383.935893853774,288.459503173828,85
3234,382.016997363615,383.692802809495,288.459503173828,85
3235,381.700053114416,383.60425965659,288.459503173828,85
3236,386.21478705276,384.026445999625,288.459503173828,85
3237,377.146992826581,383.796516078982,288.459503173828,85
3238,381.667089211667,383.989043784241,288.459503173828,85
3239,383.10642107298,384.242982748222,288.459503173828,85
3240,387.005453492488,384.455436818488,288.459503173828,85
3241,386.701712068442,384.730524645868,288.459503173828,85
3242,384.656918147331,385.021432078014,288.459503173828,85
3243,389.461400828981,385.115247663856,288.459503173828,85
3244,389.023493792219,385.242524932484,288.459503173828,85
3245,358.009517079428,384.221793239828,288.459503173828,85
3246,387.624918878251,384.553763670995,288.459503173828,85
3247,376.63293288662,384.092014529953,288.459503173828,85
3248,391.294330050739,384.09757772397,288.459503173828,85
3249,384.018530592675,383.806377372479,288.459503173828,85
3250,385.656739317836,383.891943682654,289.236175537109,85
3251,386.186188339536,383.768964336743,289.236175537109,85
3252,385.491393166012,383.721105953977,289.236175537109,85
3253,377.510777201982,383.399385476934,289.236175537109,85
3254,374.113774899461,382.836345315917,289.236175537109,85
3255,386.896526182421,383.008386913124,289.236175537109,85
3256,380.952946526133,382.898210184652,289.236175537109,85
3257,383.361809703877,382.968899171254,289.236175537109,85
3258,389.46104969043,383.036510139475,289.236175537109,85
3259,384.376591535887,383.130893906366,289.236175537109,85
3260,382.406892181351,383.159167469044,289.236175537109,85
3261,383.079667012078,383.033762667416,289.236175537109,85
3262,387.387683674855,383.443390301347,289.236175537109,85
3263,387.199220751841,383.664675562954,289.236175537109,85
3264,381.262352371682,383.590912814902,289.236175537109,85
3265,382.581889000656,383.413970235229,289.236175537109,85
3266,381.584632390653,383.209287048118,289.236175537109,85
3267,390.428737661427,383.440159828681,289.236175537109,85
3268,387.43139508706,383.358959599004,289.236175537109,85
3269,389.931417422065,383.395276544198,289.236175537109,85
3270,387.257399614447,384.565191845599,289.236175537109,85
3271,387.311572423359,384.552657987403,289.236175537109,85
3272,386.773510964247,384.958281110509,289.236175537109,85
3273,381.982046106046,384.585789752721,289.236175537109,85
3274,378.705848885414,384.37328248443,290.568084716797,85
3275,392.414461597083,384.6435913756,290.568084716797,85
3276,386.983301307471,384.675475894318,290.568084716797,85
3277,386.145903402638,384.701656303783,290.568084716797,85
3278,386.137643781373,385.046730966958,290.568084716797,85
3279,385.599167584463,385.506146674358,290.568084716797,85
3280,387.273832167493,385.521238913761,290.568084716797,85
3281,386.882476535081,385.758420114119,290.568084716797,85
3282,386.980501817051,385.903167798646,290.568084716797,85
3283,384.186968119781,385.69220453582,290.568084716797,85
3284,381.987447889233,385.596638789954,290.568084716797,85
3285,380.388764410005,385.5159136791,290.568084716797,85
3286,391.362169947659,385.847213796523,290.568084716797,85
3287,384.481401548196,385.730962511457,290.568084716797,85
3288,353.010493796176,384.36341343323,290.568084716797,85
3289,383.244575726184,384.442702367411,290.568084716797,85
3290,383.92175737783,384.496297102498,290.568084716797,85
3291,391.278135333063,384.884037220194,290.568084716797,85
3292,386.418479870158,384.723626908543,290.568084716797,85
3293,389.113457492224,384.79090940475,290.568084716797,85
3294,390.106089739314,384.79789629744,290.568084716797,85
3295,385.546486717938,384.729459781579,290.568084716797,85
3296,384.223207862244,384.605925199135,290.568084716797,85
3297,384.687796038862,384.522496602119,290.568084716797,85
3298,383.221683869084,384.572082112641,291.806060791016,85
3299,385.973801307631,384.862800209529,291.806060791016,85
3300,390.152459619754,384.772320130436,291.806060791016,85
3301,386.125722031065,384.73801695938,291.806060791016,85
3302,388.196659528407,384.820047204411,291.806060791016,85
3303,390.739789502035,385.004133033237,291.806060791016,85
3304,391.644150610774,385.24593235429,291.806060791016,85
3305,385.305276617637,385.167190132296,291.806060791016,85
3306,383.311311363301,385.024343525424,291.806060791016,85
3307,389.625850446169,385.130157470589,291.806060791016,85
3308,384.251526322908,385.132739798714,291.806060791016,85
3309,365.701691934019,384.481309560506,291.806060791016,85
3310,388.287385441639,384.797254401771,291.806060791016,85
3311,387.350263603158,384.636778147991,291.806060791016,85
3312,387.103517756175,384.74166279631,291.806060791016,85
3313,388.374828892838,386.156236200177,291.806060791016,85
3314,383.54404732478,386.16821506412,291.806060791016,85
3315,376.16094846367,385.857782707554,291.806060791016,85
3316,384.475936200574,385.585694742254,291.806060791016,85
3317,386.883016362334,385.604276201941,291.806060791016,85
3318,386.306792007177,385.49200958254,291.806060791016,85
3319,391.3273430591,385.540859715331,291.806060791016,85
3320,381.336576136552,385.372463292076,291.806060791016,85
3321,391.521547061898,385.664396860062,291.806060791016,85
3322,388.936115132517,385.834329623808,292.681671142578,85
3323,390.592117221738,386.129146957914,292.681671142578,85
3324,379.982545759494,385.889496735989,292.681671142578,85
3325,383.837025432064,385.636879368481,292.681671142578,85
3326,384.461630294688,385.570315699026,292.681671142578,85
3327,386.764998436753,385.51304925536,292.681671142578,85
3328,387.652726148112,385.389566721203,292.681671142578,85
3329,370.614589945928,384.548384294609,292.681671142578,85
3330,391.926131338033,384.813218483425,292.681671142578,85
3331,388.0099847673,385.001165419585,292.681671142578,85
3332,391.003379733797,385.05626659109,292.681671142578,85
3333,389.721390332577,385.275061151477,292.681671142578,85
3334,388.295154714772,386.178799662707,292.681671142578,85
3335,382.492454007226,385.94700240533,292.681671142578,85
3336,386.404100074874,385.909155864199,292.681671142578,85
3337,387.580952409065,385.928253250314,292.681671142578,85
3338,383.754809912537,385.743452491102,292.681671142578,85
3339,382.463048287518,385.700212529612,292.681671142578,85
3340,386.947354203094,386.131668759189,292.681671142578,85
3341,390.492871063607,386.37234615371,292.681671142578,85
3342,393.701989563671,386.645105081764,292.681671142578,85
3343,390.8264831349,386.825892726873,292.681671142578,85
3344,392.179489660609,386.859978590933,292.681671142578,85
3345,390.042782913874,387.208226862026,292.681671142578,85
3346,386.946034561296,387.025206362002,293.410827636719,85
3347,386.357030107325,386.922042960994,293.410827636719,85
3348,393.26799955166,387.029078254191,293.410827636719,85
3349,384.539676776701,387.211363494879,293.410827636719,85
3350,391.678394381319,387.525018252849,293.410827636719,85
3351,392.569747396074,387.849342936905,293.410827636719,85
3352,384.88072406689,387.77397196211,293.410827636719,85
3353,386.54071696528,387.729491594797,293.410827636719,85
3354,388.711902124623,388.453384081945,293.410827636719,85
3355,389.089028297522,388.339899960324,293.410827636719,85
3356,391.566518223418,388.482161298569,293.410827636719,85
3357,389.136105448283,388.407470327149,293.410827636719,85
3358,388.424229697495,388.355583901745,293.410827636719,85
3359,387.738184595983,388.333305096994,293.410827636719,85
3360,385.516762918441,388.454277453442,293.410827636719,85
3361,386.557544578249,388.460415233577,293.410827636719,85
3362,390.66566592727,388.583803774306,293.410827636719,85
3363,392.911709173522,388.950079744745,293.410827636719,85
3364,382.861988535877,388.966037354679,293.410827636719,85
3365,393.069628876951,389.210928341634,293.410827636719,85
3366,385.001702654289,388.991281605261,293.410827636719,85
3367,391.322996082872,388.896121866029,293.410827636719,85
3368,382.894140457369,388.578828158928,293.410827636719,85
3369,371.716006678442,387.760288839641,293.410827636719,85
3370,389.660393405634,387.744993259311,293.924163818359,85
3371,387.506821333994,387.767424730219,293.924163818359,85
3372,382.521496130057,387.614003371129,293.924163818359,85
3373,393.929688877471,387.640470944161,293.924163818359,85
3374,386.204911386624,387.707080328558,293.924163818359,85
3375,380.597692849048,387.263852267267,293.924163818359,85
3376,389.627554680733,387.146164558653,293.924163818359,85
3377,383.879187949483,387.106103113957,293.924163818359,85
3378,385.26038238948,387.054889730925,293.924163818359,85
3379,389.806980587707,387.098692869449,293.924163818359,85
3380,391.117195255886,387.179819547783,293.924163818359,85
3381,390.266354038984,387.127812980406,293.924163818359,85
3382,391.285673100241,387.213795686484,293.924163818359,85
3383,352.267149286787,385.767512470056,293.924163818359,85
3384,392.042031545973,385.939666348055,293.924163818359,85
3385,385.777786542654,385.950107293024,293.924163818359,85
3386,395.36279320112,386.302317237939,293.924163818359,85
3387,389.001340142562,386.23574420655,293.924163818359,85
3388,387.934704941073,386.036664037252,293.924163818359,85
3389,390.594621273602,386.345969346761,293.924163818359,85
3390,391.017639536549,386.263889773145,293.924163818359,85
3391,387.567148570616,386.366507609798,293.924163818359,85
3392,391.547877900762,386.375502882514,293.924163818359,85
3393,381.566146854755,386.322383138409,293.924163818359,85
3394,383.69292969192,386.801460058949,294.648406982422,85
3395,393.259381921605,386.945419599587,294.648406982422,85
3396,364.91642617518,386.041803793235,294.648406982422,85
3397,387.6217517606,386.245814018456,294.648406982422,85
3398,377.55582885575,385.590859617588,294.648406982422,85
3399,393.300242032917,385.874672843439,294.648406982422,85
3400,389.824601196715,386.243749177346,294.648406982422,85
3401,380.48863430529,385.878192362328,294.648406982422,85
3402,388.861701118334,386.077492889082,294.648406982422,85
3403,385.037944249813,386.068595363496,294.648406982422,85
3404,388.694227741602,386.024085249652,294.648406982422,85
3405,385.375724802555,385.794426431518,294.648406982422,85
3406,386.783426801748,385.655109342029,294.648406982422,85
3407,371.296345528852,384.855536239173,294.648406982422,85
3408,389.751372748359,386.354905177636,294.648406982422,85
3409,388.420861802761,386.210058387908,294.648406982422,85
3410,383.345483711459,386.11276627466,294.648406982422,85
3411,388.215989481581,385.826894125878,294.648406982422,85
3412,389.059253327735,385.829210653285,294.648406982422,85
3413,391.737861567483,385.981336918342,294.648406982422,85
3414,386.147359616498,385.803446452058,294.648406982422,85
3415,393.770889321593,385.913576443459,294.648406982422,85
3416,390.778713366959,386.042039035313,294.648406982422,85
3417,394.531186613639,386.161371383828,294.648406982422,85
3418,387.395569802665,386.394548301745,294.974731445312,85
3419,394.607481759683,386.831130384455,294.974731445312,85
3420,391.355350307157,386.754969119877,294.974731445312,85
3421,391.778374699052,387.829447060832,294.974731445312,85
3422,390.971590274939,387.963440601405,294.974731445312,85
3423,388.890970207868,388.41684625549,294.974731445312,85
3424,370.081076403337,387.488079630307,294.974731445312,85
3425,389.333862732438,387.468450091736,294.974731445312,85
3426,393.035209409478,387.970313095904,294.974731445312,85
3427,384.997151941118,387.815731128815,294.974731445312,85
3428,389.195825238339,387.982046368356,294.974731445312,85
3429,386.217509288072,387.882977630215,294.974731445312,85
3430,394.512060648857,388.248431064067,294.974731445312,85
3431,381.789071362394,388.048656846493,294.974731445312,85
3432,389.751648463547,388.786868963881,294.974731445312,85
3433,390.368233636234,388.811543399396,294.974731445312,85
3434,387.700330775091,388.782722158289,294.974731445312,85
3435,385.911117099048,388.885347493792,294.974731445312,85
3436,385.88802359273,388.792228858238,294.974731445312,85
3437,393.744596509012,388.979642585489,294.974731445312,85
3438,383.345823105957,388.643961047028,294.974731445312,85
3439,394.596806270767,388.981938913199,294.974731445312,85
3440,391.92494315033,388.908101066349,294.974731445312,85
3441,390.34639277122,388.890808242519,294.974731445312,85
3442,393.963017526786,388.868081479045,296.270690917969,85
3443,384.242611608288,388.74196315127,296.270690917969,85
3444,388.649480015543,388.503643081504,296.270690917969,85
3445,391.392292668959,388.505120775976,296.270690917969,85
3446,391.669678859348,388.500772942388,296.270690917969,85
3447,388.849685935972,388.415896768829,296.270690917969,85
3448,389.314091960208,388.432821638923,296.270690917969,85
3449,384.727573905998,389.01868153903,296.270690917969,85
3450,388.170277366715,388.972138124401,296.270690917969,85
3451,392.834856590163,388.964124011628,296.270690917969,85
3452,387.473824811464,389.063190926442,296.270690917969,85
3453,393.114833103582,389.219951241052,296.270690917969,85
3454,391.408433310864,389.427588201963,296.270690917969,85
3455,392.722584071586,389.356009138872,296.270690917969,85
3456,388.694254221656,389.632216453243,296.270690917969,85
3457,390.65673905259,389.668420076805,296.270690917969,85
3458,391.017911930892,389.694407208591,296.270690917969,85
3459,389.088478624184,389.749933122555,296.270690917969,85
3460,392.499830034746,390.013481639983,296.270690917969,85
3461,389.482765504578,390.157271316456,296.270690917969,85
3462,394.690362837392,390.195101969592,296.270690917969,85
3463,394.226015737382,390.630309674849,296.270690917969,85
3464,395.80016637667,390.678444079085,296.270690917969,85
3465,391.498927242159,390.661403442758,296.270690917969,85
3466,393.095346466761,390.77136159058,297.341918945312,85
3467,389.26253780187,390.583342401583,297.341918945312,85
3468,379.495514443922,390.393458515008,297.341918945312,85
3469,387.173910005886,390.334435714622,297.341918945312,85
3470,392.90516718855,390.394950695406,297.341918945312,85
3471,393.712553049333,390.476665663005,297.341918945312,85
3472,387.002239956241,390.402767823816,297.341918945312,85
3473,386.8760847266,390.305247534472,297.341918945312,85
3474,391.10376316885,390.560295104986,297.341918945312,85
3475,389.028296284221,390.594615861686,297.341918945312,85
3476,395.185124891943,390.688626593757,297.341918945312,85
3477,391.733760095813,390.859024005131,297.341918945312,85
3478,388.799737479154,390.686420180154,297.341918945312,85
3479,388.802836054069,390.582196289882,297.341918945312,85
3480,396.103543965804,390.717434685651,297.341918945312,85
3481,386.96495028332,390.648262528117,297.341918945312,85
3482,395.997276486039,390.861884025455,297.341918945312,85
3483,395.467989574182,391.039887131187,297.341918945312,85
3484,395.310061117496,391.288750430919,297.341918945312,85
3485,392.562883877369,391.291272584624,297.341918945312,85
3486,392.475715452199,391.410990582529,297.341918945312,85
3487,392.242517601918,391.31307677311,297.341918945312,85
3488,393.944638899322,391.301821699588,297.341918945312,85
3489,378.133641467906,390.595160703237,297.341918945312,85
3490,390.234713544672,390.544592155338,297.944244384766,85
3491,394.83860924886,390.614322666622,297.944244384766,85
3492,396.186041671776,390.891262821418,297.944244384766,85
3493,387.210830233802,391.199875453013,297.944244384766,85
3494,396.270885503949,391.563754472936,297.944244384766,85
3495,389.63890746122,391.433104083842,297.944244384766,85
3496,388.132601654547,391.209906028051,297.944244384766,85
3497,387.49714268025,391.229702137011,297.944244384766,85
3498,393.865391967758,391.509274426658,297.944244384766,85
3499,389.12036796163,391.429938618369,297.944244384766,85
3500,355.613690814505,390.09335439958,297.944244384766,85
3501,391.253219041772,389.936078165573,297.944244384766,85
3502,387.94461353048,389.78451230296,297.944244384766,85
3503,382.53632702401,389.533975884754,297.944244384766,85
3504,394.581888175336,389.765137969605,297.944244384766,85
3505,392.886259269467,389.636446581751,297.944244384766,85
3506,389.878704392834,389.752996746132,297.944244384766,85
3507,389.330822250433,389.486338576708,297.944244384766,85
3508,395.566384527175,389.490274374827,297.944244384766,85
3509,380.094784854346,388.881663324301,297.944244384766,85
3510,391.343943638081,388.83290571473,297.944244384766,85
3511,387.839517844989,388.647457810442,297.944244384766,85
3512,387.665391240736,388.464372755994,297.944244384766,85
3513,393.583447461983,388.449925098501,297.944244384766,85
3514,389.446335876934,388.902432874862,298.060821533203,85
3515,376.060081462657,388.335447591581,298.060821533203,85
3516,382.549431763966,387.843880492186,298.060821533203,85
3517,384.189618707796,387.364023573626,298.060821533203,85
3518,388.985759406075,387.435020740517,298.060821533203,85
3519,397.054096391003,387.466349175999,298.060821533203,85
3520,385.695879036403,387.308628039007,298.060821533203,85
3521,393.176010330526,387.510364386046,298.060821533203,85
3522,387.519411117825,387.511255123549,298.060821533203,85
3523,392.005649728024,387.43686543396,298.060821533203,85
3524,394.595701310477,387.655878767914,298.060821533203,85
3525,383.844351636197,388.785105200781,298.060821533203,85
3526,394.255221251778,388.905185289181,298.060821533203,85
3527,388.896180801878,388.943247980037,298.060821533203,85
3528,395.507402198946,389.462090987035,298.060821533203,85
3529,394.245569056412,389.448638222278,298.060821533203,85
3530,389.456960452035,389.311466269581,298.060821533203,85
3531,394.462473236245,389.494817023317,298.060821533203,85
3532,382.976957649047,389.240662439261,298.060821533203,85
3533,386.236855093453,388.867481261913,298.060821533203,85
3534,390.833781990978,389.297041147378,298.060821533203,85
3535,384.334464645301,389.016661987667,298.060821533203,85
3536,391.392805538432,389.158793495404,298.060821533203,85
3537,387.445547445738,389.149999743604,298.060821533203,85
3538,384.079949962641,388.769859843631,298.331970214844,85
3539,393.415915640639,388.928643034179,298.331970214844,85
3540,392.33941290482,389.579816291865,298.331970214844,85
3541,389.525180645324,389.85884624712,298.331970214844,85
3542,392.787823285452,390.202774430226,298.331970214844,85
3543,387.780633451576,390.154569392046,298.331970214844,85
3544,391.115273551133,389.917016478451,298.331970214844,85
3545,386.743788738835,389.958932866548,298.331970214844,85
3546,393.008072240533,389.952215342949,298.331970214844,85
3547,392.749583528873,390.161422239391,298.331970214844,85
3548,395.654278737613,390.307367399774,298.331970214844,85
3549,395.973023571927,390.362460290232,298.331970214844,85
3550,387.439418201804,390.506262952857,298.331970214844,85
3551,393.688928032524,390.483611224086,298.331970214844,85
3552,394.150719894704,390.693792787799,298.331970214844,85
3553,390.492923549312,390.493213641814,298.331970214844,85
3554,396.858672294659,390.597737771344,298.331970214844,85
3555,380.530404780685,390.24067554449,298.331970214844,85
3556,391.408513427026,390.118517152121,298.331970214844,85
3557,396.72603001469,390.668480046747,298.331970214844,85
3558,394.906940221855,391.015283451883,298.331970214844,85
3559,396.835898398389,391.255368108179,298.331970214844,85
3560,393.68460753567,391.629373823794,298.331970214844,85
3561,389.299494002153,391.545641362343,298.331970214844,85
3562,394.437203802276,391.825307616605,298.965972900391,85
3563,395.554802409319,392.284301714472,298.965972900391,85
3564,390.859464842345,392.18204368254,298.965972900391,85
3565,394.431038667619,392.265708713052,298.965972900391,85
3566,393.072059288182,392.407583858766,298.965972900391,85
3567,395.849968133866,392.530069652703,298.965972900391,85
3568,395.521639303441,392.839709886777,298.965972900391,85
3569,396.40641987211,393.051355739616,298.965972900391,85
3570,389.779602733954,393.172788299421,298.965972900391,85
3571,397.894104208179,393.368229578127,298.965972900391,85
3572,398.641595061835,393.603910039446,298.965972900391,85
3573,392.525602955119,393.478763008146,298.965972900391,85
3574,395.094370863477,393.443616899808,298.965972900391,85
3575,378.720594682218,393.094863959024,298.965972900391,85
3576,393.510755808711,393.087737070072,298.965972900391,85
3577,369.540030083936,392.103309477641,298.965972900391,85
3578,393.27385687146,392.214546810527,298.965972900391,85
3579,383.346324987233,391.67405291823,298.965972900391,85
3580,391.42544678823,392.109854598532,298.965972900391,85
3581,395.978692891365,392.292661777105,298.965972900391,85
3582,393.352286735653,392.157712045944,298.965972900391,85
3583,391.979784881875,392.040625832345,298.965972900391,85
3584,393.231227591109,391.896439000053,298.965972900391,85
3585,394.632368809615,391.934349451011,298.965972900391,85
3586,393.762813983647,392.112882250271,299.514801025391,85
3587,391.68899701776,392.00295397889,299.514801025391,85
3588,394.250151599989,391.950767946517,299.514801025391,85
3589,393.298785111231,392.048340757272,299.514801025391,85
3590,390.979348620063,391.91027315537,299.514801025391,85
3591,394.247012069793,391.957271266635,299.514801025391,85
3592,394.216739705813,391.891942129513,299.514801025391,85
3593,393.158366259057,391.797411207737,299.514801025391,85
3594,387.347692790201,391.435062124461,299.514801025391,85
3595,398.41812482067,391.780603007929,299.514801025391,85
3596,393.574468009017,391.607817559963,299.514801025391,85
3597,387.572527195564,391.165054845312,299.514801025391,85
3598,394.938463801618,391.261569279172,299.514801025391,85
3599,394.276460788578,391.228852876176,299.514801025391,85
3600,395.435509283553,391.89744946023,299.514801025391,85
3601,392.66166798699,391.863485947361,299.514801025391,85
3602,388.970934640475,392.640722129622,299.514801025391,85
3603,396.641712867227,392.775436369453,299.514801025391,85
3604,398.774521116618,393.392564214628,299.514801025391,85
3605,388.464267517176,393.274117043786,299.514801025391,85
3606,396.762030482256,393.305450547422,299.514801025391,85
3607,396.461636946442,393.429824555853,299.514801025391,85
3608,391.544009801099,393.412393552622,299.514801025391,85
3609,389.713426860877,393.271681523413,299.514801025391,85
3610,395.379264023516,393.301557331969,300.476348876953,85
3611,395.866002183821,393.385684859976,300.476348876953,85
3612,395.51639545351,393.538780797406,300.476348876953,85
3613,395.443955872347,393.5865329683,300.476348876953,85
3614,394.494241529393,393.634351225027,300.476348876953,85
3615,392.587109414859,393.698661656819,300.476348876953,85
3616,392.282323033511,393.620074095367,300.476348876953,85
3617,396.15131301548,393.697457027754,300.476348876953,85
3618,392.393014906733,393.666842973661,300.476348876953,85
3619,392.107293192395,393.857226989749,300.476348876953,85
3620,395.188126721961,393.728027065801,300.476348876953,85
3621,391.994697816727,393.664836258109,300.476348876953,85
3622,395.816695564412,393.994602992863,300.476348876953,85
3623,393.716785317979,393.945735853517,300.476348876953,85
3624,382.588212525602,393.478205922998,300.476348876953,85
3625,397.781318052137,393.572038273742,300.476348876953,85
3626,393.450333337465,393.603584887761,300.476348876953,85
3627,396.149101370561,393.890711556964,300.476348876953,85
3628,395.946398963303,393.862899000807,300.476348876953,85
3629,394.973343976706,393.710851915211,300.476348876953,85
3630,394.336807019628,393.945753495309,300.476348876953,85
3631,394.485933211867,393.854709604493,300.476348876953,85
3632,389.734459429796,393.585622503827,300.476348876953,85
3633,391.096103338607,393.567706245328,300.476348876953,85
3634,394.721485818941,393.76802860365,301.068145751953,85
3635,393.332292814719,393.686149755298,301.068145751953,85
3636,399.208170358831,393.819836482299,301.068145751953,85
3637,397.784579588274,393.910563847689,301.068145751953,85
3638,398.200954753926,394.020843802953,301.068145751953,85
3639,395.072178508748,394.043961282127,301.068145751953,85
3640,392.002605655256,394.020581131743,301.068145751953,85
3641,386.802015797937,393.80136884232,301.068145751953,85
3642,396.771933988121,393.826193681225,301.068145751953,85
3643,388.868689200529,393.685220652977,301.068145751953,85
3644,392.767227722473,393.71161803418,301.068145751953,85
3645,391.78687182205,393.575567838184,301.068145751953,85
3646,397.982936924632,393.8150974025,301.068145751953,85
3647,391.7237287416,393.651378729587,301.068145751953,85
3648,392.412764623744,393.599217901818,301.068145751953,85
3649,398.087347080361,394.219183284008,301.068145751953,85
3650,397.970884203648,394.226765930069,301.068145751953,85
3651,400.859731366629,394.523141851235,301.068145751953,85
3652,395.526932165142,394.498255083019,301.068145751953,85
3653,391.850846238613,394.334432974031,301.068145751953,85
3654,398.650591343464,394.481522868701,301.068145751953,85
3655,393.157240912149,394.434340224402,301.068145751953,85
3656,401.263856921803,394.7054571728,301.068145751953,85
3657,401.033947062889,395.157436678123,301.068145751953,85
3658,389.90428570372,395.109763972728,301.60595703125,85
3659,395.472238786045,395.139794091412,301.60595703125,85
3660,397.180725390979,395.293731394462,301.60595703125,85
3661,392.44099123872,395.023044229658,301.60595703125,85
3662,397.649380573453,395.017636269065,301.60595703125,85
3663,390.680442614342,394.716815783482,301.60595703125,85
3664,399.353633817867,394.888073995847,301.60595703125,85
3665,387.328250768596,394.70109980038,301.60595703125,85
3666,396.952797766801,395.107131079135,301.60595703125,85
3667,394.800966224986,395.028292368609,301.60595703125,85
3668,399.23747484406,395.443043794351,301.60595703125,85
3669,394.342999780437,395.506074676669,301.60595703125,85
3670,385.945838804482,395.272433355967,301.60595703125,85
3671,399.357893070187,395.327431601789,301.60595703125,85
3672,396.714984824337,395.527081845098,301.60595703125,85
3673,393.499536552179,395.570552722236,301.60595703125,85
3674,399.034958406628,395.608457175286,301.60595703125,85
3675,397.411125386587,395.586066822604,301.60595703125,85
3676,394.271952442365,395.322555665633,301.60595703125,85
3677,396.525098038279,395.362482300559,301.60595703125,85
3678,393.917939808785,395.445166043366,301.60595703125,85
3679,390.552180299608,395.121229601611,301.60595703125,85
3680,396.852241351767,395.269029619196,301.60595703125,85
3681,395.215924527526,395.027112323425,301.60595703125,85
3682,396.821235590307,394.858603864522,302.121276855469,85
3683,399.43702160162,395.239913300438,302.121276855469,85
3684,396.394569438534,395.276806526537,302.121276855469,85
3685,398.443533821563,395.327318863761,302.121276855469,85
3686,395.555899966353,395.451915212866,302.121276855469,85
3687,394.009939834532,395.306337583309,302.121276855469,85
3688,395.987108437628,395.518604216241,302.121276855469,85
3689,398.348953825529,395.478417016547,302.121276855469,85
3690,398.561460373148,395.927745400729,302.121276855469,85
3691,400.062949365377,396.052151464672,302.121276855469,85
3692,396.698310117568,396.128045220375,302.121276855469,85
3693,395.419088960553,395.975309785035,302.121276855469,85
3694,394.688199736602,395.989117783282,302.121276855469,85
3695,400.883416518261,396.586620891833,302.121276855469,85
3696,384.050427390492,395.974322264645,302.121276855469,85
3697,397.48729398357,396.005214631014,302.121276855469,85
3698,399.078568413527,396.228375905468,302.121276855469,85
3699,395.106043521008,396.071219310044,302.121276855469,85
3700,394.893981237223,395.970533544069,302.121276855469,85
3701,396.446318493032,396.057508186096,302.121276855469,85
3702,397.544262443149,396.09827476229,302.121276855469,85
3703,399.046130717485,396.303402398638,302.121276855469,85
3704,397.947780842816,396.599226420367,302.121276855469,85
3705,386.469538340167,396.183918299903,302.121276855469,85
3706,396.819888102055,396.248076842884,303.252624511719,85
3707,400.839368364983,396.408802153871,303.252624511719,85
3708,396.433529854894,396.288662484002,303.252624511719,85
3709,399.265231535431,396.403488967878,303.252624511719,85
3710,392.838118352932,396.179272349133,303.252624511719,85
3711,399.483867627632,396.336391055584,303.252624511719,85
3712,396.370531081456,396.430814705461,303.252624511719,85
3713,396.184135610683,396.438695792383,303.252624511719,85
3714,401.757935360233,396.575055053771,303.252624511719,85
3715,392.890599897492,396.348220634745,303.252624511719,85
3716,389.17143936247,395.912560234629,303.252624511719,85
3717,394.629496623989,395.829807694885,303.252624511719,85
3718,393.269702299201,395.743832228431,303.252624511719,85
3719,396.552769715331,395.81841502758,303.252624511719,85
3720,388.004212063328,395.303246849383,303.252624511719,85
3721,390.908427726165,395.57756686281,303.252624511719,85
3722,391.314808245177,395.330667433274,303.252624511719,85
3723,395.36351454897,395.182065278692,303.252624511719,85
3724,398.772315051025,395.328716139893,303.252624511719,85
3725,393.66407015162,395.279519696469,303.252624511719,85
3726,396.976368026987,395.300721677827,303.252624511719,85
3727,400.036909162423,395.400427546598,303.252624511719,85
3728,395.15203431935,395.244663690673,303.252624511719,85
3729,397.920860029092,395.243586858124,303.252624511719,85
3730,395.517744101788,395.605515088588,303.712585449219,85
3731,400.637248579788,395.758209507698,303.712585449219,85
3732,401.692183283815,395.792322104451,303.712585449219,85
3733,391.427491194002,395.592080558015,303.712585449219,85
3734,392.814180147724,395.334038502507,303.712585449219,85
3735,399.587274387394,395.604004743885,303.712585449219,85
3736,397.367867285317,395.519364730193,303.712585449219,85
3737,355.025433129857,393.865560812129,303.712585449219,85
3738,396.031883279754,393.859470718892,303.712585449219,85
3739,393.836505725284,393.542613533494,303.712585449219,85
3740,399.691465938355,393.814648175128,303.712585449219,85
3741,394.298883912468,394.019745957128,303.712585449219,85
3742,397.816513253957,394.147226622327,303.712585449219,85
3743,402.497286882971,394.516330005678,303.712585449219,85
3744,396.871173764316,394.529066167637,303.712585449219,85
3745,391.958482418162,394.68723698183,303.712585449219,85
3746,398.711451236695,394.999357922252,303.712585449219,85
3747,391.243874025545,394.996520553466,303.712585449219,85
3748,396.645402897586,395.047796087411,303.712585449219,85
3749,397.664124377281,395.003468460461,303.712585449219,85
3750,398.559489799614,395.199285246381,303.712585449219,85
3751,391.758708240663,394.990578854928,303.712585449219,85
3752,401.700732500471,395.05713178845,303.712585449219,85
3753,395.047941815281,395.052968088287,303.712585449219,85
3754,374.664569936473,394.122716484582,304.289154052734,85
3755,393.040886329787,394.023642173702,304.289154052734,85
3756,398.849007831511,393.952112543771,304.289154052734,85
3757,400.273485740645,393.895364642045,304.289154052734,85
3758,397.223430071764,394.127202197155,304.289154052734,85
3759,394.707770556268,394.202945813497,304.289154052734,85
3760,392.139346045242,393.905028679811,304.289154052734,85
3761,396.403651350933,393.866460042435,304.289154052734,85
3762,395.980723024732,395.50467163823,304.289154052734,85
3763,395.861059032165,395.497838668327,304.289154052734,85
3764,395.816631218524,395.577043688056,304.289154052734,85
3765,390.133189727485,395.194712639622,304.289154052734,85
3766,398.290896853343,395.354393157257,304.289154052734,85
3767,395.852791865936,395.275844301736,304.289154052734,85
3768,398.069007763993,395.098713136977,304.289154052734,85
3769,393.885809462624,394.979298564909,304.289154052734,85
3770,396.058631205636,395.143304516408,304.289154052734,85
3771,398.108316179449,395.119179114118,304.289154052734,85
3772,400.331429672539,395.482681339998,304.289154052734,85
3773,396.209468363006,395.465243958615,304.289154052734,85
3774,399.92256715799,395.555581669843,304.289154052734,85
3775,393.870309432879,395.368014455174,304.289154052734,85
3776,394.172229030423,395.464555286764,304.289154052734,85
3777,393.282698191086,395.127833914389,304.289154052734,85
3778,399.318538093438,395.298657765515,304.835784912109,85
3779,392.373486108194,396.007014412384,304.835784912109,85
3780,385.490265316246,395.704989571842,304.835784912109,85
3781,394.178779721545,395.518180447443,304.835784912109,85
3782,394.097788186469,395.271152545276,304.835784912109,85
3783,399.352594111214,395.356319106854,304.835784912109,85
3784,394.975531248193,395.367029534531,304.835784912109,85
3785,361.600973870051,394.145494647524,304.835784912109,85
3786,399.183788283872,394.256700124841,304.835784912109,85
3787,396.982813687348,394.296783751346,304.835784912109,85
3788,399.997207666115,394.462229696704,304.835784912109,85
3789,397.795315857492,394.541377082263,304.835784912109,85
3790,392.227562963605,394.625152011707,304.835784912109,85
3791,398.536166464277,394.634962796145,304.835784912109,85
3792,400.921207581622,394.837699424772,304.835784912109,85
3793,393.450511364902,394.652959568809,304.835784912109,85
3794,392.409456720635,394.593905459129,304.835784912109,85
3795,391.247212168862,394.401448697658,304.835784912109,85
3796,395.635906022341,394.302552291374,304.835784912109,85
3797,393.871478742778,394.044154254183,304.835784912109,85
3798,396.111569874459,394.040238314641,304.835784912109,85
3799,391.912540071166,393.719837231168,304.835784912109,85
3800,400.088809416771,393.968577230524,304.835784912109,85
3801,397.763617436444,394.112232766765,304.835784912109,85
3802,396.35181277856,394.234997350264,304.491058349609,85
3803,394.207500751132,394.030555856572,304.491058349609,85
3804,396.14554789157,394.181438327907,304.491058349609,85
3805,391.851739021681,394.435897276124,304.491058349609,85
3806,399.957355172967,394.667040294181,304.491058349609,85
3807,383.228258911032,394.232259123164,304.491058349609,85
3808,395.200177330891,394.066162451951,304.491058349609,85
3809,398.655066158982,394.213343848382,304.491058349609,85
3810,397.687612055571,395.656809375803,304.491058349609,85
3811,404.692782373569,395.877169139391,304.491058349609,85
3812,398.480888939167,395.937092149464,304.491058349609,85
3813,396.136594224639,395.782667611805,304.491058349609,85
3814,398.334556823257,395.804237250435,304.491058349609,85
3815,394.192904861386,395.882850926346,304.491058349609,85
3816,393.526690281459,395.682471879034,304.491058349609,85
3817,400.037192249561,395.647111265751,304.491058349609,85
3818,394.081629516376,395.67235599181,304.491058349609,85
3819,396.864538416895,395.850559259661,304.491058349609,85
3820,397.928819219402,396.117823541682,304.491058349609,85
3821,387.676312478579,395.799439799932,304.491058349609,85
3822,396.329584497094,395.897764030104,304.491058349609,85
3823,395.426579925343,395.87036443214,304.491058349609,85
3824,382.402483283314,395.489962160626,304.491058349609,85
3825,397.480084763477,395.385613174494,304.491058349609,85
3826,395.815559627713,395.307690862145,304.679168701172,85
3827,398.152189642275,395.379705936693,304.679168701172,85
3828,379.238266926346,394.780936583702,304.679168701172,85
3829,397.642885195997,394.840830075879,304.679168701172,85
3830,395.201980220242,394.974839723821,304.679168701172,85
3831,398.569342910484,394.919319233322,304.679168701172,85
3832,393.664722335965,395.336777770319,304.679168701172,85
3833,395.575562732151,395.35179318637,304.679168701172,85
3834,395.741879110921,395.235265704447,304.679168701172,85
3835,396.214030200689,395.176322430252,304.679168701172,85
3836,393.321772786427,394.721482046766,304.679168701172,85
3837,396.686026997621,394.649687569104,304.679168701172,85
3838,396.805887773124,394.676459311044,304.679168701172,85
3839,392.382931687061,394.438394305596,304.679168701172,85
3840,400.505757697969,394.690908419059,304.679168701172,85
3841,400.241974083759,394.959519771151,304.679168701172,85
3842,400.774425372439,394.989009096067,304.679168701172,85
3843,399.966652321703,395.22441000828,304.679168701172,85
3844,396.171873550729,395.196703413633,304.679168701172,85
3845,398.140152695292,395.205156752669,304.679168701172,85
3846,392.824134736735,395.411069642995,304.679168701172,85
3847,381.913227839472,394.83441537669,304.679168701172,85
3848,397.77697829645,394.928431311534,304.679168701172,85
3849,403.811477405535,395.784791076423,304.679168701172,85
3850,400.457917218214,395.903904374612,305.008850097656,85
3851,397.944110636777,395.989046414975,305.008850097656,85
3852,387.327274019083,395.556049790047,305.008850097656,85
3853,398.309502835752,396.318899226424,305.008850097656,85
3854,398.299806534612,396.345176079968,305.008850097656,85
3855,393.113674245674,396.261643840985,305.008850097656,85
3856,379.785177518739,395.510277225316,305.008850097656,85
3857,397.169230868704,395.650457566625,305.008850097656,85
3858,388.36137376675,395.361890008009,305.008850097656,85
3859,400.468858313183,395.5509691761,305.008850097656,85
3860,395.932638636937,395.53971351355,305.008850097656,85
3861,400.496718346806,395.826711335965,305.008850097656,85
3862,398.893496874879,395.915010131055,305.008850097656,85
3863,397.878181761636,395.957901890596,305.008850097656,85
3864,396.969686821404,396.141372095969,305.008850097656,85
3865,400.731560690812,396.150404215683,305.008850097656,85
3866,397.591338504543,396.044378792514,305.008850097656,85
3867,400.426394257119,396.030457547902,305.008850097656,85
3868,396.244853427415,395.88158559213,305.008850097656,85
3869,398.852931152144,395.988827896187,305.008850097656,85
3870,402.093193706468,396.146949536634,305.008850097656,85
3871,396.260707293959,396.284412438923,305.008850097656,85
3872,399.061685178962,396.970350732502,305.008850097656,85
3873,398.497589437243,396.999175178134,305.008850097656,85
3874,393.054899100009,396.568912045913,305.377777099609,85
3875,401.269647887757,396.601381272695,305.377777099609,85
3876,401.204746903883,396.731806723379,305.377777099609,85
3877,398.595726676264,397.182544829666,305.377777099609,85
3878,397.684654597479,397.157550900135,305.377777099609,85
3879,388.617474490372,396.770257618366,305.377777099609,85
3880,391.609198158821,396.710078574892,305.377777099609,85
3881,397.933613435142,397.436016011548,305.377777099609,85
3882,394.892438312965,397.344944309318,305.377777099609,85
3883,398.328625429571,397.743634375831,305.377777099609,85
3884,391.062562763625,397.367382553849,305.377777099609,85
3885,395.255344631651,397.340290793637,305.377777099609,85
3886,391.503640250338,396.980567669779,305.377777099609,85
3887,397.778131275168,396.93595304579,305.377777099609,85
3888,391.601382995698,396.684881095153,305.377777099609,85
3889,400.567250733185,396.828783651624,305.377777099609,85
3890,397.729523653088,396.708702170115,305.377777099609,85
3891,400.915522932875,396.841669547248,305.377777099609,85
3892,395.133234381491,396.629943152223,305.377777099609,85
3893,393.55071837028,396.522177749938,305.377777099609,85
3894,396.829138732796,396.441226053164,305.377777099609,85
3895,397.919511080161,396.274278748111,305.377777099609,85
3896,396.252185947113,396.273937894237,305.377777099609,85
3897,398.701972458324,396.259549385412,305.377777099609,85
3898,396.594113278497,396.183410339062,306.158966064453,85
3899,396.213238498087,396.309743914985,306.158966064453,85
3900,400.074552900382,396.26194011549,306.158966064453,85
3901,401.600465427562,396.277768856437,306.158966064453,85
3902,398.196997008177,396.261819669714,306.158966064453,85
3903,400.860619360458,396.388858260233,306.158966064453,85
3904,395.067358789264,396.646853632189,306.158966064453,85
3905,401.374317106236,397.037458390085,306.158966064453,85
3906,400.702802736194,397.148225962127,306.158966064453,85
3907,397.145111617587,397.238332894312,306.158966064453,85
3908,399.925606227763,397.30221212624,306.158966064453,85
3909,393.819350153201,397.412483621823,306.158966064453,85
3910,399.881236414144,397.597519293123,306.158966064453,85
3911,399.049154010388,397.899339843525,306.158966064453,85
3912,400.88660044238,398.023678610213,306.158966064453,85
3913,400.500527603104,398.379644394509,306.158966064453,85
3914,394.332222150668,398.130243251209,306.158966064453,85
3915,396.326962875234,398.074140820095,306.158966064453,85
3916,397.643062112719,397.943242387288,306.158966064453,85
3917,399.789778060082,398.129504134432,306.158966064453,85
3918,397.595159297043,398.291281771503,306.158966064453,85
3919,394.757529646587,398.208417408054,306.158966064453,85
3920,395.405734545438,398.107866346665,306.158966064453,85
3921,395.736152571612,398.087225011645,306.158966064453,85
3922,397.215644419158,398.027771890079,306.96435546875,85
3923,398.361200512756,398.098455379449,306.96435546875,85
3924,401.407976192515,398.306244887226,306.96435546875,85
3925,400.41156634538,398.319725425026,306.96435546875,85
3926,400.34063913229,398.269332373215,306.96435546875,85
3927,399.226812033892,398.310524974244,306.96435546875,85
3928,397.687037065454,398.183581682444,306.96435546875,85
3929,400.537843648307,398.402401076805,306.96435546875,85
3930,401.260377098977,398.397843476515,306.96435546875,85
3931,385.002418201264,397.769828095118,306.96435546875,85
3932,400.202586596841,397.892127094288,306.96435546875,85
3933,399.24533869027,397.864916392788,306.96435546875,85
3934,398.08514936351,398.0355483612,306.96435546875,85
3935,395.131126333312,397.845543957967,306.96435546875,85
3936,399.67546844543,397.870596535369,306.96435546875,85
3937,397.187979373053,397.722651692596,306.96435546875,85
3938,395.452241548041,397.520720250393,306.96435546875,85
3939,395.036749591169,397.548901348013,306.96435546875,85
3940,396.509008134571,397.556183158387,306.96435546875,85
3941,388.065714752806,397.17308926399,306.96435546875,85
3942,400.94999963913,397.219498127152,306.96435546875,85
3943,401.202684557702,397.363799137579,306.96435546875,85
3944,400.496511160425,397.593358398132,306.96435546875,85
3945,402.189099582721,397.864692999623,306.96435546875,85
3946,397.34606656844,397.929089559497,307.065307617188,85
3947,397.10915804526,397.924830104541,307.065307617188,85
3948,401.093544401518,398.034123860091,307.065307617188,85
3949,400.83348341639,398.011144149046,307.065307617188,85
3950,401.696359384166,398.062535870598,307.065307617188,85
3951,397.36074299069,397.943340024934,307.065307617188,85
3952,399.252502140793,397.94436762921,307.065307617188,85
3953,400.805953845184,398.069124300399,307.065307617188,85
3954,401.209380904958,398.095985790665,307.065307617188,85
3955,399.287849721979,398.017084695585,307.065307617188,85
3956,401.148519504852,398.662928747728,307.065307617188,85
3957,394.074082909358,398.417788600229,307.065307617188,85
3958,399.933328215487,398.445308181238,307.065307617188,85
3959,399.695716932892,398.509730884013,307.065307617188,85
3960,398.747544577298,398.654387613772,307.065307617188,85
3961,400.789115339225,398.698933489524,307.065307617188,85
3962,397.645927733119,398.717251423927,307.065307617188,85
3963,396.421333153619,398.75601508815,307.065307617188,85
3964,395.946356715427,398.79239937312,307.065307617188,85
3965,399.417291547065,398.90873070962,307.065307617188,85
3966,401.422014298926,399.442982691465,307.065307617188,85
3967,396.203074757449,399.253105696198,307.065307617188,85
3968,400.538857278388,399.226552605025,307.065307617188,85
3969,396.435732913564,399.064121475151,307.065307617188,85
3970,400.599995594266,399.000557315613,307.671447753906,85
3971,397.45653795115,399.004976170921,307.671447753906,85
3972,400.45595339781,399.138847985023,307.671447753906,85
3973,401.458228443594,399.153435346706,307.671447753906,85
3974,395.696508215022,398.947956338651,307.671447753906,85
3975,396.396016330073,398.735942616488,307.671447753906,85
3976,401.721331087498,398.91036614036,307.671447753906,85
3977,396.5702917015,398.803077722788,307.671447753906,85
3978,399.494304745174,398.750611758788,307.671447753906,85
3979,400.158903073374,398.708592645525,307.671447753906,85
3980,395.194730240556,398.544867866268,307.671447753906,85
3981,397.285303277139,398.390339217159,307.671447753906,85
3982,394.736035312747,398.416817313295,307.671447753906,85
3983,399.004141712825,398.379649853188,307.671447753906,85
3984,399.070845355476,398.354654990091,307.671447753906,85
3985,397.845849373555,398.318587181942,307.671447753906,85
3986,396.995940179642,398.166860175558,307.671447753906,85
3987,400.22036460719,398.269837650521,307.671447753906,85
3988,395.590185529465,398.236591745555,307.671447753906,85
3989,398.482927842163,398.338054590624,307.671447753906,85
3990,401.538754813024,398.422913121263,307.671447753906,85
3991,401.991127847057,398.445677663188,307.671447753906,85
3992,401.241116273783,398.647199323841,307.671447753906,85
3993,399.178718435428,398.592793770123,307.671447753906,85
3994,401.629792025682,398.800556134608,308.320434570312,85
3995,398.810052844702,398.728958424625,308.320434570312,85
3996,400.39241705061,398.846393588604,308.320434570312,85
3997,398.69671774436,398.776024162466,308.320434570312,85
3998,395.074008106427,398.520655348979,308.320434570312,85
3999,397.486768931708,398.592265777646,308.320434570312,85
4000,400.999984527972,398.776424505562,308.320434570312,85
