episode,reward,avg_reward,q0,steps
1,-110.749773012669,-110.749773012669,1.49475072248606e-05,40
2,-91.6042271716797,-101.177000092174,1.49475072248606e-05,85
3,-134.663616602477,-112.339205595609,1.49475072248606e-05,55
4,-58.2380927650813,-98.8139273879768,1.49475072248606e-05,85
5,-100.29075227037,-99.1092923644554,1.49475072248606e-05,85
6,7.39811504330059,-81.358057796496,1.49475072248606e-05,85
7,-47.6897154437536,-76.5482946032471,1.49475072248606e-05,85
8,-83.0562565546134,-77.3617898471679,1.49475072248606e-05,85
9,-41.0910119903042,-73.3317034186275,1.49475072248606e-05,85
10,-35.8019248987398,-69.5787255666387,1.49475072248606e-05,85
11,-225.003113030092,-83.7082153360436,1.49475072248606e-05,85
12,-63.9566369511907,-82.0622504706392,1.49475072248606e-05,85
13,-31.908818119509,-78.2042941359369,1.49475072248606e-05,85
14,-81.4058895160015,-78.4329795202272,1.49475072248606e-05,85
15,-76.8262731566765,-78.3258657626572,1.49475072248606e-05,85
16,-146.849863259021,-82.6086156061799,1.49475072248606e-05,70
17,-49.5303275972836,-80.6628339585978,1.49475072248606e-05,85
18,-108.052262134753,-82.1844688572731,1.49475072248606e-05,60
19,-78.3151181141037,-81.9808188181589,1.49475072248606e-05,85
20,-138.666592015356,-84.8151074780188,1.49475072248606e-05,85
21,4.20013534009368,-80.576286391442,1.49475072248606e-05,85
22,-84.4177240566377,-80.7508971944054,1.49475072248606e-05,85
23,-53.1548069309967,-79.5510671829529,1.49475072248606e-05,85
24,-142.86069395011,-82.1889682982511,1.49475072248606e-05,85
25,-189.599314172182,-86.4853821332083,1.49475072248606e-05,85
26,-34.1238785707454,-83.4203463555314,-17.262601852417,85
27,-181.655480081965,-87.0223964719428,-17.262601852417,85
28,-91.051965139266,-85.2779304134143,-17.262601852417,85
29,-64.3864686651227,-85.523865449416,-17.262601852417,85
30,-66.6358720722662,-84.1776702414919,-17.262601852417,85
31,-200.560874682707,-92.4960298305322,-17.262601852417,85
32,-105.947916897218,-94.8263578886707,-17.262601852417,85
33,-128.890745287969,-96.659737438005,-17.262601852417,85
34,-77.5968690392038,-98.1199717199609,-17.262601852417,85
35,-73.0866122564199,-99.6113592142681,-17.262601852417,85
36,-87.7032691647892,-94.119365459656,-17.262601852417,56
37,-119.661359018422,-96.3475543423452,-17.262601852417,85
38,-80.8012155388078,-98.3032502391172,-17.262601852417,57
39,-83.5294488439494,-98.3881926122351,-17.262601852417,40
40,-65.0910889675946,-97.9187852446719,-17.262601852417,85
41,-106.599933383934,-96.3087880496684,-17.262601852417,47
42,-111.793906812396,-98.7993312182729,-17.262601852417,43
43,-292.309532002308,-106.169622012975,-17.262601852417,85
44,-61.4277783937929,-105.494128424163,-17.262601852417,85
45,-143.372256962262,-105.682355022039,-17.262601852417,85
46,-56.6775832710148,-108.117463766483,-17.262601852417,85
47,-90.3302064477142,-108.353963062126,-17.262601852417,85
48,-102.142821286919,-110.313483636363,-17.262601852417,85
49,-48.2247190343237,-106.528044639732,-17.262601852417,85
50,-38.2795836842502,-100.475255420214,-17.262601852417,85
51,-57.1715202416773,-101.397161087052,-17.262601852417,85
52,-159.312762126157,-100.503452368819,-28.8461284637451,85
53,-53.6979654345882,-99.0092923806322,-28.8461284637451,85
54,-121.639332442736,-101.299406931737,-28.8461284637451,85
55,-133.657208455793,-103.980260387078,-28.8461284637451,60
56,-76.4081884805423,-99.0141529389912,-28.8461284637451,85
57,-208.884985340338,-103.131635676716,-28.8461284637451,85
58,-2.83488393901502,-98.0894012227579,-28.8461284637451,85
59,-18.200356936641,-95.7135407386554,-28.8461284637451,85
60,-64.8286898669348,-95.383223843076,-28.8461284637451,85
61,-115.533688882178,-96.4964406317715,-28.8461284637451,64
62,-132.128562954803,-96.9951287892268,-28.8461284637451,46
63,-102.995492943821,-97.8828998854273,-28.8461284637451,85
64,-92.030603069434,-98.2229460544467,-28.8461284637451,85
65,-91.0109605441173,-99.2597409175077,-28.8461284637451,85
66,-116.436943420781,-99.6532213189815,-28.8461284637451,58
67,-105.17038681715,-99.3882805191717,-28.8461284637451,85
68,-45.656338537847,-89.5221527805932,-28.8461284637451,85
69,-96.6603478773938,-90.9314555599373,-28.8461284637451,85
70,-114.690472829822,-89.7841841946396,-28.8461284637451,44
71,-66.6955413291819,-90.1849025169663,-28.8461284637451,85
72,-75.7099683301523,-89.6000929922639,-28.8461284637451,43
73,-88.3548552988387,-89.0485743527407,-28.8461284637451,40
74,-226.136648446768,-96.1650515292384,-28.8461284637451,85
75,-66.933569839122,-97.3112109754333,-28.8461284637451,85
76,-6.71907256606038,-95.2931130684086,-28.8461284637451,85
77,-154.639302574303,-95.1061746863345,-28.8461284637451,85
78,-46.4465133252309,-94.8161166019602,-28.8461284637451,85
79,-45.4509223290489,-91.7685801974127,-36.7956848144531,85
80,-94.5993837295169,-90.2062672083617,-36.7956848144531,85
81,-220.153054096339,-95.9560618329936,-36.7956848144531,85
82,-178.683320384895,-94.7479952347759,-36.7956848144531,85
83,-63.1465618906367,-97.1604623528408,-36.7956848144531,85
84,-88.8608836900917,-99.9868834229788,-36.7956848144531,85
85,-158.926909728696,-103.750812217449,-36.7956848144531,85
86,-42.2697394347607,-100.820254239553,-36.7956848144531,85
87,-45.8579893274933,-97.3694312944601,-36.7956848144531,85
88,-193.884428269527,-101.004988707488,-36.7956848144531,85
89,-14.6745866456009,-97.910748050535,-36.7956848144531,85
90,-151.786771165683,-100.341780475398,-36.7956848144531,85
91,-99.738781655163,-99.6738540047729,-36.7956848144531,85
92,-69.3000914614183,-98.2390421905437,-36.7956848144531,85
93,-149.01036794841,-102.373203366966,-36.7956848144531,85
94,-36.0483654383072,-99.9487240694027,-36.7956848144531,85
95,-208.013050769927,-103.681627187007,-36.7956848144531,85
96,-234.167058417071,-110.380487870522,-36.7956848144531,85
97,-19.2544826421997,-108.122268443004,-36.7956848144531,85
98,-264.58740579146,-115.171570462709,-36.7956848144531,85
99,-114.24423495861,-110.695873923183,-36.7956848144531,43
100,-120.052484212771,-112.820630498129,-36.7956848144531,85
101,-118.523606529931,-117.292811856684,-36.7956848144531,82
102,-92.9754567805374,-114.826258024933,-36.7956848144531,85
103,-58.1296523781841,-115.293583587051,-36.7956848144531,85
104,-74.0288621237371,-116.436701178839,-43.4589920043945,85
105,-69.4694476434968,-115.431503735398,-43.4589920043945,85
106,-130.530869812139,-111.84661636403,-43.4589920043945,79
107,-181.066087616402,-111.94192705329,-43.4589920043945,65
108,-43.7254906525469,-111.165084203767,-43.4589920043945,85
109,-50.4350845618053,-109.628052238635,-43.4589920043945,85
110,-107.224818647838,-107.559968595401,-43.4589920043945,50
111,-62.0466438056628,-108.351044770237,-43.4589920043945,85
112,-144.117863437607,-112.281439734641,-43.4589920043945,84
113,-99.97209712138,-108.524946488716,-43.4589920043945,57
114,-69.5160030758473,-110.718603145925,-43.4589920043945,85
115,-98.0806865897698,-108.570359762889,-43.4589920043945,85
116,-87.2019849519203,-108.068887894759,-43.4589920043945,85
117,-20.7474597704171,-106.126782627119,-43.4589920043945,85
118,-17.0741919889129,-100.849335588739,-43.4589920043945,85
119,-86.5514811789456,-102.869460218365,-43.4589920043945,85
120,-66.7707696249582,-97.219768972566,-43.4589920043945,85
121,-69.5296242253112,-90.6342716048956,-43.4589920043945,85
122,-73.5576064163906,-92.8063965558632,-43.4589920043945,85
123,-95.82457079886,-86.0558831561592,-43.4589920043945,85
124,-74.6903370616781,-84.473727240282,-43.4589920043945,85
125,-90.1267258499293,-83.2766969057683,-43.4589920043945,85
126,-82.3157866549082,-81.8283841107674,-43.4589920043945,85
127,-74.5889844085532,-81.092925215888,-43.4589920043945,85
128,-52.8050853968868,-80.8799425366362,-43.4589920043945,85
129,-89.6938771483654,-81.5065431376213,-44.6023292541504,85
130,-136.952334332938,-84.2058586051989,-44.6023292541504,85
131,-85.0781127312573,-82.3877483219636,-44.6023292541504,85
132,-93.1099060489331,-78.8695010592649,-44.6023292541504,76
133,-79.7421407140358,-80.3101670617245,-44.6023292541504,85
134,-38.3475997723686,-79.826667670147,-44.6023292541504,85
135,-59.1921201651957,-77.9053597308413,-44.6023292541504,85
136,-123.192327483904,-80.3511870779709,-44.6023292541504,82
137,-61.8121100950065,-77.0589569442669,-44.6023292541504,85
138,-91.2616474419772,-76.7105389570908,-44.6023292541504,85
139,-62.5646238730451,-76.4324837889787,-44.6023292541504,85
140,-68.5044893771299,-75.2494359004731,-44.6023292541504,85
141,-90.4545159499714,-75.3795371403951,-44.6023292541504,85
142,-91.1076239095896,-78.193943705962,-44.6023292541504,85
143,-89.5090091252788,-81.0913363914167,-44.6023292541504,85
144,-177.318410318679,-84.722013557006,-44.6023292541504,85
145,-53.5279659779343,-84.192301411125,-44.6023292541504,85
146,-193.249529706187,-89.1410976303601,-44.6023292541504,85
147,-128.71047050838,-91.3472121940396,-44.6023292541504,85
148,-144.290316035771,-93.2858420035161,-44.6023292541504,85
149,-115.916650773613,-94.9348945519935,-44.6023292541504,85
150,-74.6059828752824,-94.3140648330076,-44.6023292541504,85
151,-76.9944963607978,-94.1012132212432,-44.6023292541504,85
152,-63.0352783171487,-93.639064977587,-44.6023292541504,85
153,-55.8996030648497,-93.7628456843055,-49.3993530273438,85
154,-153.377235931822,-96.3101800356438,-49.3993530273438,54
155,-76.3932200418582,-93.8878154640006,-49.3993530273438,85
156,-55.4503912726274,-92.7027066056554,-49.3993530273438,85
157,-76.3420538298565,-92.0319925168924,-49.3993530273438,85
158,-88.6626478751296,-92.3888128033361,-49.3993530273438,85
159,5.10776023882107,-90.6505984028885,-49.3993530273438,85
160,-20.1832633119297,-89.0902441287579,-49.3993530273438,85
161,-75.6180100932862,-87.1872714331332,-49.3993530273438,85
162,12.490379776722,-84.2151718382641,-49.3993530273438,85
163,-61.3727610868623,-83.0196163840595,-49.3993530273438,85
164,-2.40755027825484,-80.6133334402679,-49.3993530273438,85
165,-6.19555203392844,-78.1209759465398,-49.3993530273438,85
166,-81.9227138266996,-77.7797038616089,-49.3993530273438,85
167,-62.0943150859814,-76.6191715086646,-49.3993530273438,85
168,-86.0831637614958,-76.4821376941133,-49.3993530273438,85
169,-36.0854902848758,-70.8328208927611,-49.3993530273438,85
170,-98.3563754079244,-72.6259572699607,-49.3993530273438,85
171,-71.1102891549901,-67.7403876479129,-49.3993530273438,85
172,-38.3044118274379,-64.1241453006752,-49.3993530273438,85
173,-80.3734864169959,-61.5674721159242,-49.3993530273438,85
174,-22.4425917337802,-57.8285097543309,-49.3993530273438,85
175,-85.4875155744558,-58.2637710622978,-49.3993530273438,85
176,-96.7461293330344,-59.0538363811873,-49.3993530273438,85
177,-145.449117165986,-62.3503899351408,-51.5817413330078,84
178,-25.8583925171337,-61.1487415132321,-51.5817413330078,85
179,-58.6726950267875,-57.3605598770308,-51.5817413330078,85
180,-77.0636802916273,-57.3873782870215,-51.5817413330078,85
181,-42.1656346280639,-56.855988021239,-51.5817413330078,85
182,-90.9702764055043,-57.4411169242649,-51.5817413330078,85
183,-117.836734882463,-58.6080804045582,-51.5817413330078,84
184,-121.699240217278,-63.6803604228022,-51.5817413330078,85
185,-283.273268629184,-74.2039606354924,-51.5817413330078,85
186,-71.3309830720423,-74.0324795546426,-51.5817413330078,85
187,-82.1411438260285,-77.8177404987526,-51.5817413330078,85
188,-249.550929572673,-85.344867238185,-51.5817413330078,85
189,-0.776320446261684,-85.2796180449053,-51.5817413330078,85
190,-73.8849451293063,-87.9871937687204,-51.5817413330078,85
191,9.08701037991518,-84.3468048004558,-51.5817413330078,85
192,-122.75691758753,-86.7733089005178,-51.5817413330078,82
193,-104.920403237255,-87.5267984795482,-51.5817413330078,67
194,-37.758301915863,-87.5937109447877,-51.5817413330078,85
195,-113.4719818645,-88.1983352030507,-51.5817413330078,49
196,-3.56478746972903,-85.4965151356402,-51.5817413330078,85
197,-81.880463229216,-87.2395571917114,-51.5817413330078,85
198,-75.896841958976,-87.0604914133906,-51.5817413330078,85
199,-20.4978587254556,-86.9827020930576,-51.5817413330078,85
200,-145.408584067617,-89.379544832784,-51.5817413330078,83
201,-143.966815909353,-91.2683722958368,-51.5817413330078,84
202,32.9493585227247,-84.1324332682883,-54.676441192627,85
203,-45.2144427185242,-84.9066752763439,-54.676441192627,85
204,-86.1442590648071,-86.0055378378647,-54.676441192627,85
205,-64.9047965067157,-85.5191824864683,-54.676441192627,85
206,-86.6674654514425,-87.2992557194034,-54.676441192627,85
207,-117.806962203455,-88.3727231513214,-54.676441192627,82
208,-40.6497925380456,-85.2852454575447,-54.676441192627,85
209,28.9687627482934,-79.2585253389219,-54.676441192627,85
210,-75.9918205537625,-70.967267415905,-54.676441192627,85
211,-213.596450446975,-76.6578861109023,-54.676441192627,85
212,8.1148870590128,-73.0476448755007,-54.676441192627,85
213,-143.492868929872,-68.8053224497886,-54.676441192627,85
214,-60.8384291265282,-71.2078067969993,-54.676441192627,85
215,-15.414946014876,-68.8690068324221,-54.676441192627,85
216,-184.493155599059,-76.6122134715811,-54.676441192627,85
217,-128.555125995407,-76.8441418078961,-54.676441192627,82
218,-134.161984693261,-78.0138050661364,-54.676441192627,80
219,-88.5409351835996,-80.0451103968458,-54.676441192627,85
220,-66.3682760254628,-78.1609621632844,-54.676441192627,85
221,-120.029056919426,-82.8195329412723,-54.676441192627,85
222,12.6409667600053,-79.0386757417034,-54.676441192627,85
223,-78.3303940609299,-79.1360178257816,-54.676441192627,85
224,-26.5153641920122,-79.3767180444438,-54.676441192627,85
225,28.8248995853781,-72.407378698324,-54.676441192627,85
226,-52.5019746010631,-68.7487850459924,-54.0201225280762,85
227,-50.4167133603113,-72.0834279213139,-54.0201225280762,85
228,-95.7940719922671,-74.1066130922636,-54.0201225280762,85
229,-86.6276989742233,-74.1259506886402,-54.0201225280762,85
230,-57.8390117322601,-73.843319297662,-54.0201225280762,85
231,-145.123281057147,-76.1815519218902,-54.0201225280762,82
232,-28.3921757004228,-72.6049604617689,-54.0201225280762,85
233,-40.0072503891507,-72.5792587758131,-54.0201225280762,85
234,-85.6290739474577,-77.1631722436431,-54.0201225280762,85
235,-93.3080099579965,-77.8558198198125,-54.0201225280762,85
236,-7.76289650901662,-69.6224776622942,-54.0201225280762,85
237,-56.0179439760039,-72.1877909036949,-54.0201225280762,85
238,-130.268501422749,-71.65881620341,-54.0201225280762,85
239,-76.2073506123803,-72.2735730628441,-54.0201225280762,85
240,-93.913526492731,-75.4135162819583,-54.0201225280762,85
241,-137.259260046305,-73.5241604598481,-54.0201225280762,80
242,-57.6968201478141,-70.6898282259444,-54.0201225280762,85
243,-50.0064808834828,-67.3236080735532,-54.0201225280762,85
244,-79.1226847786552,-66.9468780573554,-54.0201225280762,85
245,85.9165337252718,-60.8554856673261,-54.0201225280762,85
246,-118.738781713152,-60.8038746590751,-54.0201225280762,79
247,66.4417167934592,-58.6518446577369,-54.0201225280762,85
248,0.465180127821191,-55.5000216901869,-54.0201225280762,85
249,-174.496123120847,-61.4192520473403,-54.0201225280762,85
250,-152.81700379763,-68.6849281826606,-56.7551918029785,85
251,-116.91644495396,-71.2615069967765,-56.7551918029785,79
252,-67.5051948554716,-71.9450462565829,-56.7551918029785,85
253,-115.031204703861,-72.7145315650466,-56.7551918029785,79
254,-111.242309208863,-73.6991159744322,-56.7551918029785,68
255,-56.6939321291844,-73.6533127903092,-56.7551918029785,83
256,-113.570554781895,-72.3912037392991,-56.7551918029785,71
257,-128.862293671431,-76.4100084581394,-56.7551918029785,84
258,-47.1729396387511,-76.6966360281235,-56.7551918029785,85
259,-51.6795968625507,-75.3386569447272,-56.7551918029785,85
260,-93.1324297498624,-75.3316337364018,-56.7551918029785,85
261,3.84014742932107,-74.8675119788683,-56.7551918029785,85
262,-91.908276495618,-76.3031252796529,-56.7551918029785,68
263,-114.934485364435,-75.6897646373203,-56.7551918029785,85
264,-20.3045764302748,-73.453653670036,-56.7551918029785,85
265,-71.9194602880982,-72.5738910218507,-56.7551918029785,85
266,-84.173378993628,-70.4504557797436,-56.7551918029785,75
267,-70.9114705302453,-70.9790417950409,-56.7551918029785,85
268,-49.0577704933661,-70.9410933794362,-56.7551918029785,85
269,-53.2191029462434,-69.9049501061398,-56.7551918029785,85
270,-84.2955226258451,-76.7134323601844,-56.7551918029785,85
271,-39.0319121367664,-73.525157577129,-56.7551918029785,85
272,-139.268262280561,-81.7535567400898,-56.7551918029785,78
273,-43.3594857946357,-83.5065433769881,-56.7551918029785,85
274,-30.6927526724437,-77.754408559052,-56.7551918029785,85
275,-90.140329368518,-75.2473415818875,-56.9585494995117,85
276,-58.5755071538446,-72.9137040698829,-56.9585494995117,85
277,-41.0641388853078,-71.8560618310763,-56.9585494995117,85
278,21.2847911846188,-66.4034219955371,-56.9585494995117,85
279,-14.283864795123,-62.5250842189875,-56.9585494995117,85
280,-91.2317932682794,-63.9065986645513,-56.9585494995117,85
281,-29.2391490828127,-60.5333424365881,-56.9585494995117,85
282,-67.2554110980856,-58.0690671336542,-56.9585494995117,85
283,-46.8997175212027,-58.0581382489523,-56.9585494995117,85
284,-142.228430315937,-61.6800915870878,-56.9585494995117,85
285,-56.5089699735279,-60.2151531960344,-56.9585494995117,85
286,-59.6700203354346,-62.7555599066246,-56.9585494995117,85
287,-124.50651389212,-64.0594894024847,-56.9585494995117,82
288,-0.329827447027836,-59.4753030857884,-56.9585494995117,85
289,-45.6632329903499,-60.4896493481914,-56.9585494995117,85
290,-131.771958956146,-62.8837492949133,-56.9585494995117,82
291,5.73502802903338,-59.2874130140069,-56.9585494995117,85
292,10.5929314270104,-56.0272369357166,-56.9585494995117,85
293,-58.3463274611993,-56.39877921443,-56.9585494995117,85
294,-108.475974983523,-58.6090540959212,-56.9585494995117,75
295,-51.8842516852749,-57.3126032582984,-56.9585494995117,85
296,-191.613521303568,-63.4158676249704,-56.9585494995117,85
297,-146.564272030017,-63.7077080149486,-56.9585494995117,76
298,-93.6529403956004,-65.7194461989872,-56.9585494995117,67
299,-73.8310822828458,-67.4449793834033,-56.9585494995117,85
300,-5.22290682054128,-64.0482824814842,-53.9594841003418,85
301,1.25691808267642,-61.6549854720234,-53.9594841003418,85
302,-48.8078691212216,-61.9647346814599,-53.9594841003418,85
303,-22.4042550802222,-63.7122965320536,-53.9594841003418,85
304,-6.88189522377276,-63.4162177491995,-53.9594841003418,85
305,-41.2466272217511,-61.4168111073384,-53.9594841003418,85
306,-14.1354164804079,-60.8126618032422,-53.9594841003418,85
307,-116.610865044083,-62.7868799610821,-53.9594841003418,85
308,-128.941086084356,-66.0685347036083,-53.9594841003418,84
309,-62.7928144885374,-62.8911100705123,-53.9594841003418,85
310,-141.705916190644,-66.298987919197,-53.9594841003418,83
311,-52.0828887690469,-65.9955026565415,-53.9594841003418,85
312,-69.7184374599195,-63.8039795992534,-53.9594841003418,85
313,53.9424854550364,-61.6330870831709,-53.9594841003418,85
314,-57.6550021761351,-62.1127578506023,-53.9594841003418,85
315,-75.3519849720784,-59.8559588912396,-53.9594841003418,85
316,-123.546111450254,-65.027204470411,-53.9594841003418,85
317,-44.6096274000035,-67.2353068234916,-53.9594841003418,85
318,-63.656405798371,-67.4477099569785,-53.9594841003418,85
319,63.7846623198856,-60.5572844648421,-53.9594841003418,85
320,-89.9726711646529,-62.0808212440173,-53.9594841003418,85
321,-120.900980325474,-59.2523196048935,-53.9594841003418,85
322,-139.147983458159,-58.9556680620192,-53.9594841003418,79
323,17.5502678381303,-54.5075397326699,-53.9594841003418,85
324,0.427184668253971,-51.537209054626,-48.9400901794434,85
325,-23.4080346535155,-52.2646141679449,-48.9400901794434,85
326,-56.590271463135,-54.5785017497774,-48.9400901794434,85
327,-43.4093698037454,-54.3625617770783,-48.9400901794434,85
328,-44.7463192071254,-55.2562443421545,-48.9400901794434,85
329,-47.4570585687037,-56.8792508759517,-48.9400901794434,85
330,-37.6134793401128,-56.7339249606862,-48.9400901794434,85
331,-5.69489360309291,-56.3963040455936,-48.9400901794434,85
332,12.6097847512738,-51.2274780537793,-48.9400901794434,85
333,5.18071125718818,-45.8626061601175,-48.9400901794434,85
334,1.71563884445342,-43.2822680267979,-48.9400901794434,85
335,23.7749407196009,-36.6630337503881,-48.9400901794434,85
336,-24.9523892945068,-35.5778137714065,-48.9400901794434,85
337,-98.6559238032856,-36.7353132251411,-48.9400901794434,72
338,-10.8925868974036,-39.3287161192387,-48.9400901794434,85
339,20.6245499176997,-36.1975340354853,-48.9400901794434,85
340,90.4801222001572,-29.5642497485959,-48.9400901794434,85
341,-21.0042075565976,-25.4625735928497,-48.9400901794434,85
342,18.6382187309399,-22.9326597476119,-48.9400901794434,85
343,-29.5117277740744,-21.5668726266401,-48.9400901794434,85
344,-1.08418312594408,-24.1616264444732,-48.9400901794434,85
345,-1.98089994260866,-20.6419555955915,-48.9400901794434,85
346,-45.5602505781025,-17.6283264056966,-48.9400901794434,85
347,8.86912674461753,-11.7076419975856,-48.9400901794434,85
348,-74.9568734755794,-15.4079276501339,-40.1708908081055,85
349,-113.257208141188,-19.9553033625116,-40.1708908081055,85
350,-35.5352541667034,-20.4403921430392,-40.1708908081055,85
351,-49.7657556693058,-20.167411511286,-40.1708908081055,85
352,-9.85383242785212,-18.8251900162503,-40.1708908081055,85
353,-79.9085999361406,-20.2316812454109,-40.1708908081055,85
354,-30.5200092963399,-19.5541992745163,-40.1708908081055,85
355,-69.9631036168715,-20.8481842455867,-40.1708908081055,85
356,64.7774618251396,-18.0292900284574,-40.1708908081055,85
357,-46.7992866677311,-20.4056528852176,-40.1708908081055,85
358,-115.26915825418,-25.2236476656723,-40.1708908081055,75
359,96.0745511276266,-21.4492911743454,-40.1708908081055,85
360,-24.7082763800276,-23.3886198583305,-40.1708908081055,85
361,-58.0916335821126,-24.7141896298347,-40.1708908081055,85
362,-21.9547051367985,-21.6461408831752,-40.1708908081055,85
363,11.0075151491482,-20.7701368013132,-40.1708908081055,85
364,-2.05553851833443,-21.6773403387545,-40.1708908081055,85
365,-52.8927493149508,-27.4122551993589,-40.1708908081055,85
366,14.7403056987133,-25.9824746691464,-40.1708908081055,85
367,125.897690229016,-21.6920958092234,-40.1708908081055,85
368,16.0740451976342,-19.868664890355,-40.1708908081055,85
369,-16.0150510092321,-20.4658996056866,-40.1708908081055,85
370,28.799329062032,-19.2346904455009,-40.1708908081055,85
371,-41.031130198147,-19.0535256303027,-40.1708908081055,85
372,-17.101127232219,-20.0923357893762,-36.8148307800293,85
373,-7.52413667639609,-17.3950263174089,-36.8148307800293,85
374,-72.9747024484004,-15.7837260896973,-36.8148307800293,85
375,-2.54247721608605,-14.4640150116726,-36.8148307800293,85
376,-21.1442696572745,-13.3191555711914,-36.8148307800293,85
377,-20.3735899579829,-13.7399458723966,-36.8148307800293,85
378,73.7245744687338,-7.59461889620165,-36.8148307800293,85
379,40.1323770887357,-4.76852344079863,-36.8148307800293,85
380,100.322150692634,2.04288673158158,-36.8148307800293,85
381,48.1834609296704,1.37912669576282,-36.8148307800293,85
382,-47.2152601926291,1.3624877547669,-36.8148307800293,85
383,27.9629591662068,7.09177245158238,-36.8148307800293,85
384,21.2288680274167,4.09794512757398,-36.8148307800293,85
385,92.9143343992731,8.80284955874601,-36.8148307800293,85
386,15.8862620572144,11.7619653843191,-36.8148307800293,85
387,-124.568750010938,7.6574035893535,-36.8148307800293,85
388,46.561482633876,9.07956228874261,-36.8148307800293,85
389,-196.68532757649,1.29437072641637,-36.8148307800293,73
390,59.7546979683468,5.80026861774828,-36.8148307800293,85
391,-18.5441441009385,4.4688906257622,-36.8148307800293,85
392,6.84825170891515,-0.29308691504182,-36.8148307800293,85
393,46.6505078310891,0.929971590296377,-36.8148307800293,85
394,-62.0617347923816,-0.911895761029604,-36.8148307800293,85
395,7.51566481324418,-1.76324233098112,-36.8148307800293,85
396,-104.813558407965,-4.31453945937384,-27.2053565979004,85
397,-87.0771485996828,-7.11358031407239,-27.2053565979004,85
398,-62.3513453331815,-9.3066686603438,-27.2053565979004,85
399,-47.9197187550911,-8.30446931261144,-27.2053565979004,85
400,65.9131073622672,-5.56624592947731,-27.2053565979004,85
401,-23.9289559043386,-5.67763337935987,-27.2053565979004,85
402,-22.2169576625735,-5.75136808754349,-27.2053565979004,85
403,-6.25067313623041,-8.95037799174206,-27.2053565979004,85
404,-63.195216363865,-13.0834817298461,-27.2053565979004,85
405,-54.8892880401491,-19.2919392791574,-27.2053565979004,85
406,42.1229265124928,-19.5343606558445,-27.2053565979004,85
407,-58.2734556044697,-19.9766884723181,-27.2053565979004,85
408,56.8466156974378,-18.8213422110689,-27.2053565979004,85
409,41.2654779009795,-18.0198778161264,-27.2053565979004,85
410,-55.001745131539,-23.9365209973589,-27.2053565979004,85
411,51.7001249589419,-22.5039664812898,-27.2053565979004,85
412,-50.0795884212817,-19.5244000177035,-27.2053565979004,85
413,11.3106126590519,-20.9344348166965,-27.2053565979004,85
414,70.3551610138233,-10.2528152730839,-27.2053565979004,85
415,79.9847878661606,-9.44361167717137,-27.2053565979004,85
416,30.083325700738,-7.49851288510431,-27.2053565979004,85
417,10.9266801474431,-7.33537574756319,-27.2053565979004,85
418,46.7842282367439,-7.330026931337,-27.2053565979004,85
419,-48.3341037549141,-6.7809216898383,-27.2053565979004,85
420,-43.9715050029661,-8.84040848248671,-21.8380451202393,85
421,47.3136711501413,-2.75531930016246,-21.8380451202393,85
422,75.4539749477642,3.74592564173542,-21.8380451202393,85
423,-3.33359829024234,6.10663552345299,-21.8380451202393,85
424,-13.8764548734435,7.4683660787189,-21.8380451202393,85
425,9.50069778357276,5.21186969557112,-21.8380451202393,85
426,-20.4503815065231,5.35101267148374,-21.8380451202393,85
427,38.293737259354,7.77144046836084,-21.8380451202393,85
428,-55.4819381935973,5.80218986606616,-21.8380451202393,85
429,90.2392243060419,11.9395674928624,-21.8380451202393,85
430,-7.28754195901117,13.843637336108,-21.8380451202393,85
431,98.0842247328285,16.0820892649214,-21.8380451202393,85
432,57.398172221624,20.7089543779651,-21.8380451202393,85
433,-89.606193961706,14.8508419915994,-21.8380451202393,85
434,75.5853135186701,16.223635416307,-21.8380451202393,85
435,25.6157049934229,19.4483334213055,-21.8380451202393,85
436,98.0780420034733,21.3034501030867,-21.8380451202393,85
437,73.1854941465177,26.2340534057987,-21.8380451202393,85
438,47.2550926510188,27.6718326054774,-21.8380451202393,85
439,-20.9428951517322,24.0199103588552,-21.8380451202393,85
440,2.8955626699444,20.9363413510065,-21.8380451202393,85
441,-24.3406879416628,18.7593808053105,-21.8380451202393,85
442,7.25189284143872,18.6123893130703,-21.8380451202393,85
443,-26.5419127405547,15.6793436739784,-21.8380451202393,85
444,74.5535081979851,20.5948481520943,-11.6763229370117,85
445,-27.2485409390613,21.2637667146505,-11.6763229370117,85
446,15.3164890339946,19.9838794300047,-11.6763229370117,85
447,-21.3557503208196,16.1114904192613,-11.6763229370117,85
448,-50.9035419679856,14.2086926721516,-11.6763229370117,85
449,51.6500776897041,16.8297539746775,-11.6763229370117,85
450,67.4226418907374,19.1466317389641,-11.6763229370117,85
451,24.4364580081881,20.9421053195525,-11.6763229370117,85
452,-31.9103620638905,18.1339413466227,-11.6763229370117,85
453,5.83321599616722,20.5865475142133,-11.6763229370117,85
454,-12.1905013439631,16.4893584882131,-11.6763229370117,85
455,-34.3213749638005,15.4080051680215,-11.6763229370117,85
456,78.2519563383304,14.6147144322416,-11.6763229370117,85
457,57.5048739825088,14.618982502677,-11.6763229370117,85
458,56.6334090773655,20.4685666242399,-11.6763229370117,85
459,40.5398271338589,19.0667471688474,-11.6763229370117,85
460,-3.15873891254782,17.9157694126086,-11.6763229370117,85
461,10.7831536507367,14.4239738784991,-11.6763229370117,85
462,68.6036140354167,14.2406986740551,-11.6763229370117,85
463,-56.2416482259731,10.1008290389754,-11.6763229370117,85
464,63.9387562579803,13.4960950953639,-11.6763229370117,85
465,-24.6498279383186,12.3942794710334,-11.6763229370117,85
466,71.8950092866788,16.2437073601671,-11.6763229370117,85
467,51.8432833214345,18.0273629793669,-11.6763229370117,85
468,72.0705176967555,21.9718601968593,-2.62892007827759,85
469,-59.5741994463782,16.6067518910848,-2.62892007827759,85
470,39.8607476507604,19.2911234346776,-2.62892007827759,85
471,26.6689788340416,19.7452230266795,-2.62892007827759,85
472,-27.7310848547002,19.4902096453243,-2.62892007827759,85
473,133.61111317597,26.8707958510825,-2.62892007827759,85
474,72.5955793893418,27.708615919068,-2.62892007827759,85
475,50.9605027445872,27.050130353222,-2.62892007827759,85
476,56.8278310085735,28.3457852732375,-2.62892007827759,85
477,-12.9350124821623,29.1047992565066,-2.62892007827759,85
478,77.6218238963596,31.9763435725143,-2.62892007827759,85
479,27.9791290186494,33.5831287870188,-2.62892007827759,85
480,134.956201836342,40.3542318590245,-2.62892007827759,85
481,23.0722803364278,38.1470448189484,-2.62892007827759,85
482,99.8174332223701,39.8395471885428,-2.62892007827759,85
483,-11.403514285175,37.1180702540412,-2.62892007827759,85
484,99.7171456191881,39.4851629934544,-2.62892007827759,85
485,44.7342207953827,41.4008813817716,-2.62892007827759,85
486,45.9457680417226,42.807385957411,-2.62892007827759,85
487,89.672391133488,43.6501370413339,-2.62892007827759,85
488,69.4480570720257,48.6777252532538,-2.62892007827759,85
489,-76.300516900685,43.0681543269072,-2.62892007827759,85
490,55.2582322525038,46.2644767345401,-2.62892007827759,85
491,29.9314571357006,44.585934648501,-2.62892007827759,85
492,54.429386502878,44.6893787757587,4.94324350357056,85
493,8.48499700316699,42.1459579480152,4.94324350357056,85
494,23.6852747998912,45.476336917866,4.94324350357056,85
495,41.4890451072171,45.5414688161242,4.94324350357056,85
496,89.3245870499606,48.047693144761,4.94324350357056,85
497,109.500370122937,53.5369513438665,4.94324350357056,85
498,80.2686719276311,51.4032536939329,4.94324350357056,85
499,-47.8556030941722,46.5852063945923,4.94324350357056,85
500,84.3951845638132,47.9225936673614,4.94324350357056,85
501,9.44614080357812,46.0273260591616,4.94324350357056,85
502,68.6450427990384,49.2905282704096,4.94324350357056,85
503,-38.4566027949625,44.6473912027567,4.94324350357056,85
504,23.7678568789722,44.4789403171696,4.94324350357056,85
505,-31.773369253717,37.8097574735673,4.94324350357056,85
506,-0.795849941868934,36.8550322624354,4.94324350357056,85
507,19.1990830706851,33.630298256368,4.94324350357056,85
508,104.514299096674,38.267010791642,4.94324350357056,85
509,34.3485273779476,35.6522660619923,4.94324350357056,85
510,86.9312768115684,37.3401483026398,4.94324350357056,85
511,105.944932095301,39.7401148647829,4.94324350357056,85
512,77.0378359472048,39.2347326573316,4.94324350357056,85
513,-9.15507053325753,36.0906075531202,4.94324350357056,85
514,116.153659953798,43.7887746272995,4.94324350357056,85
515,77.6641533521006,44.6850114712834,4.94324350357056,85
516,104.19464600362,47.6555390260001,9.41559600830078,85
517,53.042449157905,47.6000615322012,9.41559600830078,85
518,-2.66662182808882,47.153996778951,9.41559600830078,85
519,52.4855385331041,48.3060073282795,9.41559600830078,85
520,88.1628567679881,50.1729597947104,9.41559600830078,85
521,28.2209596558946,47.7288146989477,9.41559600830078,85
522,111.005440929597,47.7890175312141,9.41559600830078,85
523,81.7945452696542,47.850052464895,9.41559600830078,85
524,22.9837814208784,50.6836278454971,9.41559600830078,85
525,98.1137381797086,51.2323699901329,9.41559600830078,85
526,103.10580220655,54.9787564462517,9.41559600830078,85
527,93.5725073160639,55.9758550269328,9.41559600830078,85
528,20.2973893669158,58.3260147134079,9.41559600830078,85
529,9.41081542317191,57.7517330551759,9.41559600830078,85
530,85.7472556560347,62.4525580515659,9.41559600830078,85
531,105.163503139234,66.6909321748101,9.41559600830078,85
532,45.2465834906603,67.7328321916091,9.41559600830078,85
533,99.2839408158327,67.5236178603754,9.41559600830078,85
534,130.697122960338,71.377561683671,9.41559600830078,85
535,26.4527448858739,68.9584204066433,9.41559600830078,85
536,-5.19568749752145,64.5127956229304,9.41559600830078,85
537,43.0820446734361,63.1545639719796,9.41559600830078,85
538,115.08920845717,68.1243351315967,9.41559600830078,85
539,93.1222245133676,67.2030777139795,9.41559600830078,85
540,19.8022713715436,64.8886024347572,20.9068984985352,85
541,39.9011730858907,62.3168635180481,20.9068984985352,85
542,85.9024941359448,63.6312653171697,20.9068984985352,85
543,63.4553889475245,66.2761457481942,20.9068984985352,85
544,3.09694976984156,64.3006021976637,20.9068984985352,85
545,102.404211416576,64.8702563836073,20.9068984985352,85
546,39.4217360309732,65.3182874386104,20.9068984985352,85
547,87.5460525210618,64.379911902269,20.9068984985352,85
548,116.123537371708,65.7530715863512,20.9068984985352,85
549,-8.84457711928261,64.4799372447447,20.9068984985352,85
550,50.3453095751406,62.569200100562,20.9068984985352,85
551,16.050112923276,59.0869725292311,20.9068984985352,85
552,48.9327935260345,57.3013839776299,20.9068984985352,85
553,53.9420424244238,58.6471700999302,20.9068984985352,85
554,93.9283193450266,62.0278702568044,20.9068984985352,85
555,2.08143068540221,58.6812372579791,20.9068984985352,85
556,8.3558719004246,54.8089320084267,20.9068984985352,85
557,50.3444080260823,55.0128449898436,20.9068984985352,85
558,84.2344066367159,54.4108636226789,20.9068984985352,85
559,32.1483304039444,50.4689119204232,20.9068984985352,85
560,84.8568863909956,52.8050775806281,20.9068984985352,85
561,123.943834760195,57.9706584709367,20.9068984985352,85
562,109.959360359893,60.645751098395,20.9068984985352,85
563,93.9420733460563,59.7998656939504,20.9068984985352,85
564,98.4268191308365,60.0120494786492,31.6119804382324,85
565,102.166042829449,63.3066003369654,31.6119804382324,85
566,135.915407355423,67.1471697077467,31.6119804382324,85
567,110.546137882473,68.1329154576078,31.6119804382324,85
568,52.5185354401317,67.6954413173121,31.6119804382324,85
569,58.6603043563526,69.9179755007725,31.6119804382324,85
570,72.8200340517952,68.7346084061813,31.6119804382324,85
571,140.796664092333,72.7896055286357,31.6119804382324,85
572,118.686315030557,74.0352160290155,31.6119804382324,85
573,96.26503148397,73.2408757935059,31.6119804382324,85
574,-15.9895444468544,72.9550771004031,31.6119804382324,85
575,142.066033837209,76.6239060708858,31.6119804382324,85
576,78.9059646621029,79.1381401404389,31.6119804382324,85
577,129.304324645226,82.3530013852065,31.6119804382324,85
578,70.0986072187177,82.9992639769783,31.6119804382324,85
579,109.471316139489,83.6209838487568,31.6119804382324,85
580,102.711746479953,87.6461964805388,31.6119804382324,85
581,120.129765729335,92.1171522336952,31.6119804382324,85
582,121.687658382883,94.9708822479673,31.6119804382324,85
583,76.5263809969484,94.6625612223766,31.6119804382324,85
584,88.1957790327949,96.9044591675306,31.6119804382324,85
585,101.732343686947,97.5794774593686,31.6119804382324,85
586,127.927671934042,97.7388309463225,31.6119804382324,85
587,76.5468977413661,96.4023324415814,31.6119804382324,85
588,81.5143877572558,95.9052250180294,44.4715461730957,85
589,143.871211951016,97.7230007308366,44.4715461730957,85
590,24.885482937051,94.6317783351407,44.4715461730957,85
591,85.1649345822102,92.6017594242122,44.4715461730957,85
592,15.6078044840496,88.8042260882752,44.4715461730957,85
593,55.3030978916077,88.9156085863343,44.4715461730957,85
594,75.0809295901597,89.5724335956866,44.4715461730957,85
595,95.3313733539779,90.4728871677739,44.4715461730957,85
596,108.848365640197,89.1949552296884,44.4715461730957,85
597,76.7868802297077,87.5189778376545,44.4715461730957,85
598,84.8275927598545,87.0614802886899,44.4715461730957,85
599,127.60883509874,92.8054154705137,44.4715461730957,85
600,93.1265359469709,90.8478355549041,44.4715461730957,85
601,122.423181125145,92.5885242134258,44.4715461730957,85
602,88.4773591085353,90.9554455919582,44.4715461730957,85
603,106.883910573621,92.4268577261544,44.4715461730957,85
604,108.062741663108,92.3705147470991,44.4715461730957,85
605,92.6385942434007,91.967588657637,44.4715461730957,85
606,88.150116312764,90.6884026809742,44.4715461730957,85
607,23.4165759396836,86.7575593832462,44.4715461730957,85
608,80.0810718078103,86.8997470156807,44.4715461730957,85
609,101.531811838856,87.4331883279231,44.4715461730957,85
610,24.7647534982417,84.3544847203749,44.4715461730957,85
611,97.6051655029559,83.1415844631315,44.4715461730957,85
612,129.067048113666,85.2423904780234,52.8320846557617,85
613,127.895500989749,87.0976350073231,52.8320846557617,85
614,92.2568296341648,85.0330597146491,52.8320846557617,85
615,71.2559666830569,86.8878790644894,52.8320846557617,85
616,64.2175846274417,86.0499850662986,52.8320846557617,85
617,102.870709370054,89.5405012617388,52.8320846557617,85
618,78.0431747157537,90.4501043347046,52.8320846557617,85
619,5.3516494424914,87.6609331287979,52.8320846557617,85
620,81.1291127121826,87.092842703126,52.8320846557617,85
621,93.6289649660127,86.4840666761587,52.8320846557617,85
622,24.822946879837,84.4055093421639,52.8320846557617,85
623,108.471719396582,85.3512744076329,52.8320846557617,85
624,91.0336792013173,83.888268171736,52.8320846557617,85
625,42.5459642568491,81.8650453041311,52.8320846557617,85
626,122.27492940462,81.8591152353101,52.8320846557617,85
627,-13.0719705238635,77.7971420500142,52.8320846557617,85
628,126.202431814656,78.5698828996556,52.8320846557617,85
629,114.061717595298,78.8098419369432,52.8320846557617,85
630,89.0422772084326,78.6659892555445,52.8320846557617,85
631,78.5244572645798,78.2809628936171,52.8320846557617,85
632,130.597794068838,82.5682116187833,52.8320846557617,85
633,146.811246369286,85.2374186012423,52.8320846557617,85
634,83.6608973903095,84.5225820233004,52.8320846557617,85
635,45.1454454513817,85.337809701426,52.8320846557617,85
636,140.790280962737,87.0652143198173,56.6826286315918,85
637,120.705546133915,86.7307542406273,56.6826286315918,85
638,28.1002530341698,82.7389443224041,56.6826286315918,85
639,59.7462248719943,81.4385201319173,56.6826286315918,85
640,129.350216826718,83.7622901376637,56.6826286315918,85
641,117.296457226441,85.8854450416237,56.6826286315918,85
642,119.075889519178,86.5336522475887,56.6826286315918,85
643,106.737721504845,87.6814341191523,56.6826286315918,85
644,117.295825758426,92.1592011717897,56.6826286315918,85
645,84.3156280086025,92.2866617836465,56.6826286315918,85
646,57.7372273807747,90.850992280237,56.6826286315918,85
647,108.203104079268,94.1861985682142,56.6826286315918,85
648,110.276943521028,94.2584075331921,56.6826286315918,85
649,108.144078913321,94.9428235216722,56.6826286315918,85
650,44.1606635839407,95.0074114947559,56.6826286315918,85
651,118.674746928733,94.8634041957204,56.6826286315918,85
652,57.5420989945929,97.6879669764586,56.6826286315918,85
653,84.6316895061946,96.0251372841202,56.6826286315918,85
654,101.421347853324,95.5195224944412,56.6826286315918,85
655,138.2422393407,97.4875209797319,56.6826286315918,85
656,3.07703112980169,94.4696239343408,56.6826286315918,85
657,155.070661534927,95.4485386329844,56.6826286315918,85
658,52.7289966527899,91.6852486443245,56.6826286315918,85
659,105.137740285925,92.5443223601491,56.6826286315918,85
660,56.6085391802414,93.0028461093035,58.2900314331055,85
661,92.8904035268269,91.0868510118671,58.2900314331055,85
662,128.764714511893,91.4092177469862,58.2900314331055,85
663,113.083080122704,94.8085308305276,58.2900314331055,85
664,73.0353438223053,95.3400955885401,58.2900314331055,85
665,94.2201118792524,93.9348913906414,58.2900314331055,85
666,63.0874458978549,91.766530937498,58.2900314331055,85
667,116.045892289765,91.6453310483215,58.2900314331055,85
668,119.088685668049,92.1393696148497,58.2900314331055,85
669,109.188910970699,91.8150930233406,58.2900314331055,85
670,33.6280030937548,89.7875880267466,58.2900314331055,85
671,122.046920651875,92.3599757575907,58.2900314331055,85
672,110.493139037412,92.4515771559164,58.2900314331055,85
673,142.763554410321,93.7510415914881,58.2900314331055,85
674,129.591214396751,94.6089270108254,58.2900314331055,85
675,139.290593766383,98.414124218123,58.2900314331055,85
676,90.6574381861345,97.2934318684191,58.2900314331055,85
677,91.2009862502432,98.6397873586452,58.2900314331055,85
678,97.472318831205,99.1534125316456,58.2900314331055,85
679,96.6489147985552,98.9625152094548,58.2900314331055,85
680,86.9691545885266,96.9115918193679,58.2900314331055,85
681,108.488681647569,101.128057840079,58.2900314331055,85
682,138.601534167579,100.469292745385,58.2900314331055,85
683,98.5306832099796,102.301360207672,58.2900314331055,85
684,101.470674754707,102.154677586423,60.1679229736328,85
685,118.165744363519,104.616965793755,60.1679229736328,85
686,91.6893208306527,104.568922485908,60.1679229736328,85
687,74.1851899213717,102.385741502287,60.1679229736328,85
688,56.4985175882896,100.12235900091,60.1679229736328,85
689,114.0239103585,101.761901662358,60.1679229736328,85
690,115.532011777857,102.614377658302,60.1679229736328,85
691,124.120877831058,105.05571493563,60.1679229736328,85
692,66.8131890387713,103.08640680559,60.1679229736328,85
693,102.213572715819,102.411402287501,60.1679229736328,85
694,115.210500449602,102.652265866657,60.1679229736328,85
695,103.740409634089,105.456762128271,60.1679229736328,85
696,84.9501869643011,103.972892780768,60.1679229736328,85
697,2.71884033744947,99.6619208327693,60.1679229736328,85
698,62.2996515736548,96.4433647193027,60.1679229736328,85
699,77.7813086602149,94.3709684898412,60.1679229736328,85
700,116.131553823109,93.4446068921103,60.1679229736328,85
701,88.6858755988074,93.3657443886172,60.1679229736328,85
702,94.2101684593487,93.4861116769814,60.1679229736328,85
703,85.9770862022995,93.0263023718252,60.1679229736328,85
704,188.579868965686,96.7035405385105,60.1679229736328,85
705,165.129219577782,99.8299431380807,60.1679229736328,85
706,126.470754825342,100.549226065192,60.1679229736328,85
707,92.1863806905505,98.6926199261105,60.1679229736328,85
708,91.9766537214842,98.4304587465707,63.7922019958496,85
709,112.253084828966,98.861755149541,63.7922019958496,85
710,129.359213029669,99.309493896187,63.7922019958496,85
711,89.841343424578,99.235574799944,63.7922019958496,85
712,130.293991678175,101.479926870216,63.7922019958496,85
713,110.136957195213,103.625464454493,63.7922019958496,85
714,141.503653149705,104.724654166141,63.7922019958496,85
715,98.082435178606,104.026671102171,63.7922019958496,85
716,152.117691945824,105.146543666762,63.7922019958496,85
717,101.335405573334,106.527432328144,63.7922019958496,85
718,111.511225455363,106.899338437726,63.7922019958496,85
719,115.881897749635,106.926194329727,63.7922019958496,85
720,131.80994180099,108.048975616404,63.7922019958496,85
721,99.4717767534772,108.629839207971,63.7922019958496,85
722,100.008397476668,112.521421493539,63.7922019958496,85
723,114.578378971985,114.612570589473,63.7922019958496,85
724,117.639487884474,116.206897758443,63.7922019958496,85
725,102.756733937398,115.671904963014,63.7922019958496,85
726,145.392762467367,117.940180437757,63.7922019958496,85
727,74.8082853755796,117.164105114406,63.7922019958496,85
728,156.267759154995,119.975732032514,63.7922019958496,85
729,136.212024450445,117.881018251904,63.7922019958496,85
730,19.7599482278269,112.066247397906,63.7922019958496,85
731,126.114401060258,112.051993247303,63.7922019958496,85
732,122.123963338795,113.249496553232,65.2660140991211,85
733,88.2652389486628,113.10103996232,65.2660140991211,85
734,114.538148122109,113.192442494045,65.2660140991211,85
735,126.028445155884,113.059211779094,65.2660140991211,85
736,155.470035213892,115.684359450666,65.2660140991211,85
737,72.9213000258606,113.389451784574,65.2660140991211,85
738,130.164414435027,114.190550074166,65.2660140991211,85
739,116.100152678122,113.174410055303,65.2660140991211,85
740,102.262023241856,113.341593577833,65.2660140991211,85
741,74.5830828922369,110.24020921569,65.2660140991211,85
742,117.473944085337,110.88575075617,65.2660140991211,85
743,74.7896735645858,109.416888680539,65.2660140991211,85
744,121.823017661991,109.654533477033,65.2660140991211,85
745,108.080853872343,108.705369959887,65.2660140991211,85
746,128.112020060722,109.850979692177,65.2660140991211,85
747,75.1728604503821,108.857558211125,65.2660140991211,85
748,70.327657109397,107.087529336622,65.2660140991211,85
749,153.363472049437,108.51648870322,65.2660140991211,85
750,158.70788567326,110.754534772655,65.2660140991211,85
751,137.188588728314,110.426367823093,65.2660140991211,85
752,117.000386195219,112.114051855878,65.2660140991211,85
753,115.077249983364,110.466431489013,65.2660140991211,85
754,72.2279231851375,107.907067438401,65.2660140991211,85
755,97.8539866718434,111.030828976161,65.2660140991211,85
756,113.888052283666,110.541775025098,64.4377365112305,85
757,122.45440544059,110.55499270917,64.4377365112305,85
758,112.056835336952,111.506656564701,64.4377365112305,85
759,122.299000354923,111.817090654014,64.4377365112305,85
760,124.066622022054,111.73861772866,64.4377365112305,85
761,115.983786090247,110.159167763715,64.4377365112305,85
762,165.564791089619,113.864907406265,64.4377365112305,85
763,103.651434877759,112.804388223974,64.4377365112305,85
764,76.4250818247081,111.217385389838,64.4377365112305,85
765,14.6493911715982,107.712880107027,64.4377365112305,85
766,91.4253350867656,108.386570194809,64.4377365112305,85
767,133.526810005485,109.028684831615,64.4377365112305,85
768,98.404636480076,109.973283348234,64.4377365112305,85
769,156.562552435496,111.362864739174,64.4377365112305,85
770,120.391058645205,111.855272930089,64.4377365112305,85
771,123.825443070211,111.683809850468,64.4377365112305,85
772,73.445030369834,111.614696647246,64.4377365112305,85
773,86.1151830784905,112.24619768601,64.4377365112305,85
774,73.2245276954153,109.040639911849,64.4377365112305,85
775,162.293932121525,109.18408176978,64.4377365112305,85
776,134.551240855577,109.07858785487,64.4377365112305,85
777,87.3337456984612,107.891922235,64.4377365112305,85
778,124.641479373087,108.274491410589,64.4377365112305,85
779,159.675117292278,111.772379174875,64.4377365112305,85
780,58.4653605164998,110.196834128661,68.2931976318359,85
781,77.9042938316796,108.757483790581,68.2931976318359,85
782,110.774205039952,108.290275774556,68.2931976318359,85
783,145.299558046435,109.619984682935,68.2931976318359,85
784,140.793754179163,110.359774835905,68.2931976318359,85
785,128.977081940728,110.556193232652,68.2931976318359,85
786,54.4716571897113,108.09570807663,68.2931976318359,85
787,70.7173333156741,104.301809765673,68.2931976318359,85
788,130.213961604551,105.364310834744,68.2931976318359,85
789,126.319531034346,107.36008880313,68.2931976318359,85
790,103.491370187997,110.913767963786,68.2931976318359,85
791,218.359104486282,115.991118739766,68.2931976318359,85
792,82.1886323065287,113.937591631808,68.2931976318359,85
793,125.760209265315,115.031814543218,68.2931976318359,85
794,67.2081005950534,111.4576364696,68.2931976318359,85
795,122.654169267441,111.548160894489,68.2931976318359,85
796,63.9655219699714,109.15376405048,68.2931976318359,85
797,83.4273506261532,109.553056860733,68.2931976318359,85
798,218.914436511012,114.865026998033,68.2931976318359,85
799,87.5653722682234,115.438660780946,68.2931976318359,85
800,64.7405184246512,111.536524233071,68.2931976318359,85
801,62.994266012105,108.674245239332,68.2931976318359,85
802,110.918208427775,109.617623748504,68.2931976318359,85
803,106.192357417378,108.879658870276,68.2931976318359,85
804,83.9217917747263,105.849525849574,65.9203262329102,85
805,99.3275775783262,107.484014532047,65.9203262329102,85
806,155.325995370273,110.580882593591,65.9203262329102,85
807,118.641648739454,110.895580341571,65.9203262329102,85
808,22.0312352490256,105.964847429675,65.9203262329102,85
809,117.517855347558,105.03381147641,65.9203262329102,85
810,119.050724973193,104.636757197709,65.9203262329102,85
811,78.9215079539455,105.614751228278,65.9203262329102,85
812,95.9772537476261,106.625148045556,65.9203262329102,85
813,93.0396971030922,105.138177465498,65.9203262329102,85
814,135.126100006025,105.490440224365,65.9203262329102,85
815,117.409807711131,106.047177725291,65.9203262329102,85
816,109.3229319984,101.685730825775,65.9203262329102,85
817,162.567395933155,104.90088137084,65.9203262329102,85
818,116.857352918156,104.544767116954,65.9203262329102,85
819,82.7409289760649,105.166080252194,65.9203262329102,85
820,154.648759635347,106.445863866911,65.9203262329102,85
821,105.129750254227,108.092432998281,65.9203262329102,85
822,87.8685591860571,108.270081340677,65.9203262329102,85
823,110.696789674056,103.941375467199,65.9203262329102,85
824,146.297268058813,106.290651298822,65.9203262329102,85
825,95.0355755847111,107.502453585225,65.9203262329102,85
826,134.317800855722,110.35539497897,65.9203262329102,85
827,46.7095194425821,107.787047419562,65.9203262329102,85
828,83.8062608930071,106.891603558587,64.2522506713867,85
829,112.62383346362,108.039685226143,64.2522506713867,85
830,177.879079549992,111.181745305009,64.2522506713867,85
831,152.741122151125,111.078350376244,64.2522506713867,85
832,208.455290770776,114.670896057496,64.2522506713867,85
833,113.445960952991,118.327485085655,64.2522506713867,85
834,133.741552657738,118.976432978062,64.2522506713867,85
835,91.1204728366703,117.859222892601,64.2522506713867,85
836,78.4159736447297,117.839001520233,64.2522506713867,85
837,131.730039859803,119.26911296472,64.2522506713867,85
838,91.2679245747928,119.198242063588,64.2522506713867,85
839,97.3103921484899,117.685613749286,64.2522506713867,85
840,162.285726971511,119.480650519701,64.2522506713867,85
841,119.884673805636,119.903120191991,64.2522506713867,85
842,202.75789034023,121.510739968274,64.2522506713867,85
843,148.60205796806,122.78052817027,64.2522506713867,85
844,160.55687192976,125.893165888418,64.2522506713867,85
845,145.645490282947,125.533035114322,64.2522506713867,85
846,64.7205809438912,123.916668341908,64.2522506713867,85
847,177.376694742338,127.49699376416,64.2522506713867,85
848,176.740003781405,130.138722328454,64.2522506713867,85
849,128.383236018878,129.422161046856,64.2522506713867,85
850,131.434377289261,130.878113115038,64.2522506713867,85
851,99.8088604337191,129.497755498158,64.2522506713867,85
852,113.211185535242,132.157822141865,68.9154205322266,85
853,173.348804700834,135.739523894178,68.9154205322266,85
854,141.291124258905,136.886215525989,68.9154205322266,85
855,132.465017693324,135.069653051722,68.9154205322266,85
856,142.688321753941,134.667541035835,68.9154205322266,85
857,70.3217991850595,129.142201372406,68.9154205322266,85
858,79.9440588552326,127.802125288496,68.9154205322266,85
859,137.613726204452,127.957012230365,68.9154205322266,85
860,93.2785906866724,128.043336944365,68.9154205322266,85
861,136.342251413066,130.360388055098,68.9154205322266,85
862,89.4984162815623,128.671123111968,68.9154205322266,85
863,141.150776489589,130.66643718856,68.9154205322266,85
864,59.8701272063022,129.168826590873,68.9154205322266,85
865,108.309681029003,127.009784753172,68.9154205322266,85
866,174.038169613258,129.175924585477,68.9154205322266,85
867,116.913792081115,125.742160655113,68.9154205322266,85
868,163.854242754347,126.352248046564,68.9154205322266,85
869,117.152637560047,124.616078671776,68.9154205322266,85
870,129.475642651945,123.969284766536,68.9154205322266,85
871,107.128810548341,125.665613950714,68.9154205322266,85
872,168.127529411876,125.295647337495,68.9154205322266,85
873,136.220656808917,123.674873458596,68.9154205322266,85
874,112.856288540292,123.053795559452,68.9154205322266,85
875,136.472501684244,123.255320535251,68.9154205322266,85
876,61.7852144855963,121.734374697327,67.0901412963867,85
877,76.1549664214513,120.252125932775,67.0901412963867,85
878,153.859191231842,119.472541394015,67.0901412963867,85
879,131.393996716445,119.076656292317,67.0901412963867,85
880,40.5303584929661,115.399269924303,67.0901412963867,85
881,137.675749262695,115.198767024653,67.0901412963867,85
882,126.642783520721,117.451606398079,67.0901412963867,85
883,125.376060696608,119.268886471734,67.0901412963867,85
884,145.43310736055,119.581661717978,67.0901412963867,85
885,134.145911918472,121.21635456725,67.0901412963867,85
886,130.251406180068,120.97272075793,67.0901412963867,85
887,88.5819260894765,120.936061150247,67.0901412963867,85
888,105.074095662104,119.492993917147,67.0901412963867,85
889,80.6986430775251,120.326134551996,67.0901412963867,85
890,99.259719393388,119.964136086572,67.0901412963867,85
891,106.838753405036,117.276159438243,67.0901412963867,85
892,202.508190426397,120.699935372054,67.0901412963867,85
893,102.075818712747,118.22879841039,67.0901412963867,85
894,92.0541201540677,117.224857714151,67.0901412963867,85
895,59.0986617961567,114.409778479919,67.0901412963867,85
896,145.618487434574,115.949365555369,67.0901412963867,85
897,193.131069675332,116.949507165907,67.0901412963867,85
898,127.185408514727,116.588097234139,67.0901412963867,85
899,117.803254375786,116.785975867559,67.0901412963867,85
900,123.788922119682,116.278632684977,65.2195434570312,85
901,123.784007891926,118.75858442123,65.2195434570312,85
902,139.185031799359,121.279787036346,65.2195434570312,85
903,124.800490958449,120.11743902541,65.2195434570312,85
904,134.948245052501,120.259608958853,65.2195434570312,85
905,74.5004759106536,121.61841365556,65.2195434570312,85
906,159.141825406451,122.47705670131,65.2195434570312,85
907,171.476509871643,124.270405755347,65.2195434570312,85
908,225.364470324387,128.269942140458,65.2195434570312,85
909,129.916076298011,127.649260897957,65.2195434570312,85
910,153.630247574857,128.428634324212,65.2195434570312,85
911,98.9792626711731,127.177748583856,65.2195434570312,85
912,116.008788640752,128.274823085907,65.2195434570312,85
913,121.246676386796,128.921726314895,65.2195434570312,85
914,148.968799533349,131.652532573128,65.2195434570312,85
915,180.36057544906,134.896566815355,65.2195434570312,85
916,152.714881331116,136.731611932398,65.2195434570312,85
917,155.408353807105,134.847618467627,65.2195434570312,85
918,134.445673208211,136.142412647445,65.2195434570312,85
919,170.40310164588,139.276371907118,65.2195434570312,85
920,150.803523464508,142.944566373852,65.2195434570312,85
921,193.265105982583,144.850431115772,65.2195434570312,85
922,124.76555405488,142.115810490954,65.2195434570312,85
923,161.932556829084,143.505696423528,65.2195434570312,85
924,150.744957815304,144.823364561109,71.6181945800781,85
925,158.901584979222,146.22787107549,71.6181945800781,85
926,120.205150809147,146.084716792179,71.6181945800781,85
927,159.153168030148,146.883442241411,71.6181945800781,85
928,156.946552749138,148.169284713038,71.6181945800781,85
929,172.686760222915,149.678825319855,71.6181945800781,85
930,167.918080708607,153.415529511773,71.6181945800781,85
931,178.947591432627,154.20776015282,71.6181945800781,85
932,108.446863760855,151.686574308388,71.6181945800781,85
933,159.729031319874,149.061156748208,71.6181945800781,85
934,172.462558668861,150.763016043042,71.6181945800781,85
935,210.211431750768,153.026263410078,71.6181945800781,85
936,142.02624821783,154.748142831945,71.6181945800781,85
937,112.285954909387,154.59922948269,71.6181945800781,85
938,160.47919732006,156.168530320021,71.6181945800781,85
939,159.586057008097,156.593220619011,71.6181945800781,85
940,199.791718301315,157.370466333101,71.6181945800781,85
941,118.967534894025,156.020572475617,71.6181945800781,85
942,217.882319202238,158.519531091422,71.6181945800781,85
943,101.543160586602,157.203430586558,71.6181945800781,85
944,196.120819566168,158.23213930337,71.6181945800781,85
945,96.0997127427922,156.043986874501,71.6181945800781,85
946,113.804050053,152.865544637318,71.6181945800781,85
947,112.293604096086,152.366666638966,71.6181945800781,85
948,212.999943786595,154.409362117266,75.9982528686523,85
949,257.154505115216,158.665744009263,75.9982528686523,85
950,121.669131624577,157.176445875077,75.9982528686523,85
951,129.439724431461,157.54582881997,75.9982528686523,85
952,183.241923776326,158.509379049817,75.9982528686523,85
953,146.433994328723,158.088876713,75.9982528686523,85
954,88.6288769423478,154.726561381778,75.9982528686523,85
955,67.0054681738972,150.690056880389,75.9982528686523,85
956,132.670495483888,148.83897304244,75.9982528686523,85
957,116.996710950102,149.18096693001,75.9982528686523,85
958,158.462861708383,149.13032014555,75.9982528686523,85
959,209.539077347581,150.613380892699,75.9982528686523,85
960,140.591662440005,147.828590120268,75.9982528686523,85
961,115.015059413122,146.74814256808,75.9982528686523,85
962,195.538943463581,150.078262110248,75.9982528686523,85
963,115.444687544532,148.276881719226,75.9982528686523,85
964,126.056034957474,146.935680837202,75.9982528686523,85
965,181.233178544759,146.193339246939,75.9982528686523,85
966,184.942806554097,148.832350113342,75.9982528686523,85
967,152.548528361848,146.218998479727,75.9982528686523,85
968,88.2895109215459,145.688852493124,75.9982528686523,85
969,104.584081560331,142.027382972891,75.9982528686523,85
970,173.836680457189,145.136861681467,75.9982528686523,85
971,200.498438214893,148.604637207942,75.9982528686523,85
972,145.446246005889,149.930742884335,83.6665191650391,85
973,137.54997630291,146.912744184987,83.6665191650391,85
974,155.543593847898,142.848307734294,83.6665191650391,85
975,242.53567915915,147.682969635677,83.6665191650391,85
976,160.835850613252,148.938814682949,83.6665191650391,85
977,184.692622747564,148.996842641798,83.6665191650391,85
978,142.116246089229,148.824132712219,83.6665191650391,85
979,176.890916616229,152.354614299174,83.6665191650391,85
980,71.1436176362847,152.520140277669,83.6665191650391,85
981,156.4186042655,153.470064628934,83.6665191650391,85
982,211.176002898275,157.237236306861,83.6665191650391,85
983,179.41000466388,158.075122025081,83.6665191650391,85
984,164.669911059578,156.280355373561,83.6665191650391,85
985,164.955205133585,157.254897081304,83.6665191650391,85
986,270.657043913191,163.480576461306,83.6665191650391,85
987,178.117563441871,162.783721260438,83.6665191650391,85
988,140.352373474065,163.780028697619,83.6665191650391,85
989,141.245510249665,164.387607709307,83.6665191650391,85
990,129.139572136749,162.303863452987,83.6665191650391,85
991,211.497841632137,163.366064856108,83.6665191650391,85
992,237.313102332917,166.756647814951,83.6665191650391,85
993,174.952597154831,170.223171264282,83.6665191650391,85
994,196.454445887168,173.897985837356,83.6665191650391,85
995,170.693162253373,173.772245109203,83.6665191650391,85
996,126.238411278616,170.801844031752,91.8350296020508,85
997,202.564247828026,173.086564104638,91.8350296020508,85
998,151.740071303245,173.654167904651,91.8350296020508,85
999,189.006023345888,174.992665084571,91.8350296020508,85
1000,142.790413746669,171.002854468072,91.8350296020508,85
1001,135.55906667664,169.991783110607,91.8350296020508,85
1002,172.837942761389,169.51759591116,91.8350296020508,85
1003,200.344947062769,171.846743950102,91.8350296020508,85
1004,136.78411089616,170.242471721299,91.8350296020508,85
1005,205.636471633151,175.622185881174,91.8350296020508,85
1006,263.70009251492,179.91344541115,91.8350296020508,85
1007,180.010013581053,178.666805838462,91.8350296020508,85
1008,180.240050352919,178.700007666023,91.8350296020508,85
1009,179.337500377372,179.286711238735,91.8350296020508,85
1010,163.036936262412,179.209980483888,91.8350296020508,85
1011,155.731543781878,174.612960478635,91.8350296020508,85
1012,226.045158759692,176.530064291348,91.8350296020508,85
1013,255.851953116873,181.150047477061,91.8350296020508,85
1014,219.342955001892,184.27394526715,91.8350296020508,85
1015,205.851792078606,187.342434064824,91.8350296020508,85
1016,109.431193893666,183.259768155285,91.8350296020508,85
1017,140.025522407834,179.368264958282,91.8350296020508,85
1018,127.151608908204,177.456225428417,91.8350296020508,85
1019,147.773105541285,175.508971814581,91.8350296020508,85
1020,126.096593321845,173.72510905732,97.6493225097656,85
1021,156.697451007507,174.943470646476,97.6493225097656,85
1022,134.079296884197,172.204072608723,97.6493225097656,85
1023,128.578770620742,171.277620581423,97.6493225097656,85
1024,143.444092251329,169.45514333764,97.6493225097656,85
1025,216.892467983425,172.41922550711,97.6493225097656,85
1026,128.786079872182,172.148306034932,97.6493225097656,85
1027,127.134573106035,170.320171248718,97.6493225097656,85
1028,124.681494055824,167.29363312844,97.6493225097656,85
1029,111.5382288234,166.28379784553,97.6493225097656,85
1030,177.55153742286,165.160400477118,97.6493225097656,85
1031,105.114707265315,158.816985067134,97.6493225097656,85
1032,187.05732613139,159.098877569147,97.6493225097656,85
1033,131.479639032082,157.148461116314,97.6493225097656,85
1034,154.325136673193,156.147966568147,97.6493225097656,85
1035,129.648722140587,154.812438003274,97.6493225097656,85
1036,247.16433211702,158.469749536679,97.6493225097656,85
1037,217.220049169273,158.116745153063,97.6493225097656,85
1038,110.879698715436,152.317854977005,97.6493225097656,85
1039,189.957414972385,151.142433375825,97.6493225097656,85
1040,142.817251136948,148.621051738159,97.6493225097656,85
1041,150.510304799248,150.264216174382,97.6493225097656,85
1042,165.969330014247,151.301968478638,97.6493225097656,85
1043,226.68808921235,155.283427690804,97.6493225097656,85
1044,217.867161397963,158.087189925071,103.863166809082,85
1045,213.373424414981,161.578263168797,103.863166809082,85
1046,148.965127095981,161.268970212336,103.863166809082,85
1047,166.666214805435,162.572446929185,103.863166809082,85
1048,151.238512542019,163.478836606036,103.863166809082,85
1049,159.735310846506,164.130485349843,103.863166809082,85
1050,219.65573149363,164.241015890252,103.863166809082,85
1051,131.328371261664,164.342707545831,103.863166809082,85
1052,159.438796235395,165.634876471005,103.863166809082,85
1053,182.426442944955,167.944674426571,103.863166809082,85
1054,186.211333964916,170.931598632231,103.863166809082,85
1055,160.618971164106,170.254295981881,103.863166809082,85
1056,219.581788485337,174.832979230682,103.863166809082,85
1057,148.861539610577,173.305147769849,103.863166809082,85
1058,158.31381785357,174.378514922709,103.863166809082,85
1059,226.35922028305,177.259878267103,103.863166809082,85
1060,209.272413662617,180.444825927984,103.863166809082,85
1061,177.702685517163,177.66636006399,103.863166809082,85
1062,208.765038419014,177.32815963398,103.863166809082,85
1063,270.780832650512,183.724204991383,103.863166809082,85
1064,165.769198620274,182.756676337298,103.863166809082,85
1065,191.030897929864,184.685222209015,103.863166809082,85
1066,197.796541097651,186.576671660951,103.863166809082,85
1067,145.37366415671,185.75284502665,103.863166809082,85
1068,214.953515327044,185.283462071237,112.332633972168,85
1069,162.401954785853,183.064853806753,112.332633972168,85
1070,170.249011570286,181.339877292965,112.332633972168,85
1071,230.059766965905,184.583662887762,112.332633972168,85
1072,198.612561067919,185.861516738262,112.332633972168,85
1073,238.583547556596,189.355318138845,112.332633972168,85
1074,229.675080629009,192.152908930145,112.332633972168,85
1075,176.735026171358,190.436080717254,112.332633972168,85
1076,230.276963153853,194.394024392941,112.332633972168,85
1077,161.596513590483,194.480333087145,112.332633972168,85
1078,217.664687553779,195.889862871498,112.332633972168,85
1079,197.805146051514,196.353615354962,112.332633972168,85
1080,158.043456058793,196.250594750749,112.332633972168,85
1081,190.963980761483,195.105882441795,112.332633972168,85
1082,134.272602433038,194.522324954694,112.332633972168,85
1083,152.130518699364,194.274992988525,112.332633972168,85
1084,158.236043430642,191.550065914429,112.332633972168,85
1085,271.956242932151,194.05741908521,112.332633972168,85
1086,116.256496795071,191.599571536327,112.332633972168,85
1087,129.852297418688,188.443061896314,112.332633972168,85
1088,233.189803615878,186.939420734928,112.332633972168,85
1089,102.35771193855,184.402961267659,112.332633972168,85
1090,105.712133136328,180.990210675918,112.332633972168,85
1091,95.8172618660548,176.911039506654,112.332633972168,85
1092,195.355711917485,178.910321417085,116.655738830566,85
1093,221.700506650904,179.180201070039,116.655738830566,85
1094,121.660958150341,177.550561204619,116.655738830566,85
1095,95.6434420371316,174.566338423293,116.655738830566,85
1096,85.5442186208927,168.785716489492,116.655738830566,85
1097,68.8573237088168,163.595506995128,116.655738830566,85
1098,106.775033600045,158.323166436866,116.655738830566,85
1099,113.244164148334,153.665929777639,116.655738830566,85
1100,111.051450236393,151.038586740241,116.655738830566,85
1101,82.3652663168999,145.122118866762,116.655738830566,85
1102,94.1804570494175,142.42547660512,116.655738830566,85
1103,84.1383142721257,137.084421673854,116.655738830566,85
1104,133.377070890342,134.507298667407,116.655738830566,85
1105,160.434028506458,134.602921565313,116.655738830566,85
1106,91.8145325562861,130.636943637106,116.655738830566,85
1107,111.445421013807,129.723856380336,116.655738830566,85
1108,95.0020833367795,127.438718965833,116.655738830566,85
1109,207.73182628201,129.418550279888,116.655738830566,85
1110,168.832818594307,125.293613306374,116.655738830566,85
1111,233.342634193708,129.977058802319,116.655738830566,85
1112,199.924430081969,132.779944108851,116.655738830566,85
1113,181.768318806556,130.723084716478,116.655738830566,85
1114,191.877586646131,134.303879704781,116.655738830566,85
1115,204.155054226795,138.2415965484,116.655738830566,85
1116,241.036971749013,144.050384943718,108.656188964844,85
1117,205.622285604181,144.461047891186,108.656188964844,85
1118,218.026637992165,144.314093144836,108.656188964844,85
1119,110.124415995871,143.852631458657,108.656188964844,85
1120,217.593218816595,148.730622529836,108.656188964844,85
1121,142.904199785057,151.025021776403,108.656188964844,85
1122,166.600038254991,154.93473035825,108.656188964844,85
1123,207.7517606837,158.973799441596,108.656188964844,85
1124,152.817522403637,160.556733771808,108.656188964844,85
1125,227.90580986187,165.230908156827,108.656188964844,85
1126,161.598998291716,168.40025743582,108.656188964844,85
1127,214.9539115169,173.231195614519,108.656188964844,85
1128,189.035590458506,177.427086661974,108.656188964844,85
1129,168.520099261031,178.832807796802,108.656188964844,85
1130,206.271100616531,180.666290681204,108.656188964844,85
1131,214.364932474914,185.56830667795,108.656188964844,85
1132,173.596744516739,188.054359618067,108.656188964844,85
1133,202.486921645941,192.353753150433,108.656188964844,85
1134,121.120652633545,188.889306204495,108.656188964844,85
1135,134.176792288232,187.503065152252,108.656188964844,85
1136,169.093776059346,184.933110826877,108.656188964844,85
1137,163.304959776619,183.468332014663,108.656188964844,85
1138,247.906524205376,186.113860230616,108.656188964844,85
1139,195.376682949755,186.253824082761,108.656188964844,85
1140,158.580419271944,184.430838684567,110.490013122559,85
1141,190.866815315632,182.424032427232,110.490013122559,85
1142,164.527803792862,180.780253154779,110.490013122559,85
1143,183.695286881789,179.406999110364,110.490013122559,85
1144,202.909470824992,183.118401303529,110.490013122559,85
1145,170.463009527033,181.233192931946,110.490013122559,85
1146,98.1638150375736,179.443577542047,110.490013122559,85
1147,155.597439802996,179.003473603967,110.490013122559,85
1148,217.181915811393,179.380679809075,110.490013122559,85
1149,229.575746343215,182.451008766658,110.490013122559,85
1150,149.31141831599,179.307233104823,110.490013122559,85
1151,183.588701394333,180.186821228927,110.490013122559,85
1152,161.704638186847,178.056850295725,110.490013122559,85
1153,77.3080435256443,173.587748418411,110.490013122559,85
1154,146.849681802522,172.72093172007,110.490013122559,85
1155,234.321554204165,173.842949863576,110.490013122559,85
1156,171.481558844258,172.12761491835,110.490013122559,85
1157,199.639017772702,173.169305848588,110.490013122559,85
1158,104.015736567448,169.230458445448,110.490013122559,85
1159,103.979562502564,168.544814840209,110.490013122559,85
1160,87.8845624911364,166.693125648325,110.490013122559,85
1161,101.994840316766,164.009168218622,110.490013122559,85
1162,108.24889204073,161.806925509187,110.490013122559,85
1163,128.382281742019,157.025955810652,110.490013122559,85
1164,160.933020924503,155.648209329642,105.535530090332,85
1165,145.02413651275,155.105958019274,105.535530090332,85
1166,112.14476513868,151.957076012196,105.535530090332,85
1167,32.9442538734558,146.69373401542,105.535530090332,85
1168,120.727852203315,144.175036628281,105.535530090332,85
1169,109.608368434416,140.442992532658,105.535530090332,85
1170,87.9360264495439,137.141913209559,105.535530090332,85
1171,143.197796967161,138.943272486742,105.535530090332,85
1172,110.992668949534,137.159081652604,105.535530090332,85
1173,106.413939087201,132.728362583636,105.535530090332,85
1174,131.69319690595,128.813060606145,105.535530090332,85
1175,121.580547745059,127.703825783308,105.535530090332,85
1176,103.503274937988,124.500408725054,105.535530090332,85
1177,139.569772469926,123.615014096377,105.535530090332,85
1178,128.699499878939,125.670672350509,105.535530090332,85
1179,119.559392051449,124.579060760466,105.535530090332,85
1180,170.052305036935,122.008290793777,105.535530090332,85
1181,178.071612303554,122.271892932149,105.535530090332,85
1182,171.140081984431,121.131935500618,105.535530090332,85
1183,202.751498934445,125.081365995298,105.535530090332,85
1184,246.428114786081,130.779308086639,105.535530090332,85
1185,183.734203629128,134.613293732158,105.535530090332,85
1186,196.586786675517,138.396971586508,105.535530090332,85
1187,199.100027537549,142.031017006381,105.535530090332,85
1188,178.741051738962,144.045367806259,100.939682006836,85
1189,166.192771806213,144.255757841527,100.939682006836,85
1190,146.959844822035,144.333186173899,100.939682006836,85
1191,218.254872949895,148.577590486347,100.939682006836,85
1192,177.967253815109,154.378510484013,100.939682006836,85
1193,164.859686353469,156.14378385002,100.939682006836,85
1194,221.351170499042,160.613495932605,100.939682006836,85
1195,249.590134240598,167.079660244247,100.939682006836,85
1196,239.36736738337,170.926443060895,100.939682006836,85
1197,257.765176027276,176.797343344005,100.939682006836,85
1198,252.090003598395,182.624385924453,100.939682006836,85
1199,169.203345837237,184.124791881704,100.939682006836,85
1200,112.96879096482,183.780321610495,100.939682006836,85
1201,151.783560315235,185.711533025584,100.939682006836,85
1202,198.199268839862,188.056712880382,100.939682006836,85
1203,180.597269577834,190.132623668338,100.939682006836,85
1204,112.8829673364,189.865566679736,100.939682006836,85
1205,326.85598352388,196.137713819214,100.939682006836,85
1206,121.75651823695,193.885110056549,100.939682006836,85
1207,162.256706980748,193.529775056402,100.939682006836,85
1208,168.50679577484,192.159986930018,100.939682006836,85
1209,107.217931072131,186.59157958146,100.939682006836,85
1210,180.379925191634,186.45740844396,100.939682006836,85
1211,241.114972300983,188.238535868979,100.939682006836,85
1212,209.665362849852,188.661149281471,101.835945129395,85
1213,158.899240221063,187.867476820755,101.835945129395,85
1214,167.425550092306,187.916787952199,101.835945129395,85
1215,156.216095865025,188.287037993918,101.835945129395,85
1216,170.368272865864,186.371573990557,101.835945129395,85
1217,187.763342867619,186.763417552657,101.835945129395,85
1218,111.230705084869,184.618258301913,101.835945129395,85
1219,203.096857847885,183.888085795867,101.835945129395,85
1220,151.146973972449,179.950359385141,101.835945129395,85
1221,128.030042426781,175.496866386877,101.835945129395,85
1222,177.761574399339,172.29672232176,101.835945129395,85
1223,211.372716475712,170.668030836853,101.835945129395,85
1224,242.261473526256,173.590355944413,101.835945129395,85
1225,212.067158310922,177.554290638258,101.835945129395,85
1226,128.10107732272,176.606991318557,101.835945129395,85
1227,131.420491259284,173.935840215334,101.835945129395,85
1228,147.434401798787,172.609325504172,101.835945129395,85
1229,109.307321125653,172.466299655742,101.835945129395,85
1230,148.552141190201,165.334145962395,101.835945129395,85
1231,215.905564384547,169.100107808299,101.835945129395,85
1232,71.6208568152603,165.474673801679,101.835945129395,85
1233,157.971342040685,165.053255652313,101.835945129395,85
1234,130.729150326384,165.993704422483,101.835945129395,85
1235,128.370683095434,163.913334738635,101.835945129395,85
1236,113.696502357281,158.816595940887,99.0693740844727,85
1237,170.792499681383,157.261681414148,99.0693740844727,85
1238,164.64937671152,157.491686873767,99.0693740844727,85
1239,106.226172899156,155.043711786041,99.0693740844727,85
1240,159.235103097336,155.164472075333,99.0693740844727,85
1241,143.308972419137,154.082100057464,99.0693740844727,85
1242,172.22322925051,153.46049551278,99.0693740844727,85
1243,168.741126660451,155.760912375803,99.0693740844727,85
1244,123.624499724277,152.582018050859,99.0693740844727,85
1245,89.65023588197,150.122148527239,99.0693740844727,85
1246,70.4554485437496,147.819164771918,99.0693740844727,85
1247,152.477850525017,146.807815816945,99.0693740844727,85
1248,117.602856042803,143.057021399629,99.0693740844727,85
1249,247.827775642535,143.27967348428,99.0693740844727,85
1250,124.570505370461,139.779807366662,99.0693740844727,85
1251,155.896287265031,140.891615764354,99.0693740844727,85
1252,126.348637007013,140.688741594263,99.0693740844727,85
1253,265.161068318185,145.397808255039,99.0693740844727,85
1254,190.32974704628,148.638705291864,99.0693740844727,85
1255,171.625735101763,149.561649048327,99.0693740844727,85
1256,215.754281882094,149.555597748229,99.0693740844727,85
1257,190.66711028362,154.317447886963,99.0693740844727,85
1258,219.954263372349,156.796764740229,99.0693740844727,85
1259,213.525025330485,160.108599740394,99.0693740844727,85
1260,214.025931009762,163.534809656967,101.146392822266,85
1261,220.674443785245,167.813927314085,101.146392822266,85
1262,195.217820494481,168.790940146609,101.146392822266,85
1263,220.131653726425,171.010231227205,101.146392822266,85
1264,203.237341484816,174.890677970632,101.146392822266,85
1265,259.91589512646,178.917909651797,101.146392822266,85
1266,251.898543585754,183.261492498461,101.146392822266,85
1267,252.158828840697,186.458916482069,101.146392822266,85
1268,206.255640748437,187.959497045588,101.146392822266,85
1269,180.638893054553,190.240072778799,101.146392822266,85
1270,129.92777719062,191.851174431145,101.146392822266,85
1271,184.505362573596,196.413170992339,101.146392822266,85
1272,213.491221903829,198.853705847492,101.146392822266,85
1273,213.311644162244,202.682057372269,101.146392822266,85
1274,193.198448831664,200.496884299835,101.146392822266,85
1275,181.522446977723,202.774961964125,101.146392822266,85
1276,212.552671178454,205.041217320662,101.146392822266,85
1277,180.894547169578,207.223053727165,101.146392822266,85
1278,120.579688196815,201.43979852231,101.146392822266,85
1279,173.292865434154,200.758323257825,101.146392822266,85
1280,229.643392437061,203.079029551237,101.146392822266,85
1281,179.347977467998,201.622777374673,101.146392822266,85
1282,165.560926583846,200.618530026682,101.146392822266,85
1283,204.372587095172,199.995262975595,101.146392822266,85
1284,213.670044407628,200.001063738681,107.389907836914,85
1285,200.77712166432,199.471111364863,107.389907836914,85
1286,167.036034139523,197.325574979034,107.389907836914,85
1287,226.414393142839,198.573437884968,107.389907836914,85
1288,178.622764150748,196.913082301941,107.389907836914,85
1289,188.054102700517,196.305752750569,107.389907836914,85
1290,135.62282883988,191.334030099106,107.389907836914,85
1291,215.581347725335,189.881342264689,107.389907836914,85
1292,230.427251189665,189.012079158648,107.389907836914,85
1293,228.794998834435,189.913653482088,107.389907836914,85
1294,173.579474479674,189.631276739093,107.389907836914,85
1295,136.27183235903,189.885038945829,107.389907836914,85
1296,244.429529136773,192.282005608356,107.389907836914,85
1297,218.463251944035,192.480886809964,107.389907836914,85
1298,152.945706628431,190.066249308612,107.389907836914,85
1299,263.870742578109,192.89314105847,107.389907836914,85
1300,210.326215027706,194.045291780469,107.389907836914,85
1301,187.341887925547,193.036860450353,107.389907836914,85
1302,203.635056215603,193.946480812194,107.389907836914,85
1303,185.206082098191,196.531536568249,107.389907836914,85
1304,213.435855948697,198.137256188831,107.389907836914,85
1305,176.364583114443,196.006103815926,107.389907836914,85
1306,259.252076026425,199.202267758263,107.389907836914,85
1307,120.740940357688,197.409468309217,107.389907836914,85
1308,188.787963241377,196.786083355065,115.734298706055,85
1309,187.73215533952,195.74856779234,115.734298706055,85
1310,223.052499367065,196.63958290045,115.734298706055,85
1311,141.133674910403,195.603488531285,115.734298706055,85
1312,137.477271251321,192.046003655625,115.734298706055,85
1313,158.929092190148,191.258256777201,115.734298706055,85
1314,182.653114736423,191.042217258637,115.734298706055,85
1315,173.017087409716,192.53798760143,115.734298706055,85
1316,170.013399573975,190.715269675376,115.734298706055,85
1317,167.825703528221,188.211207768918,115.734298706055,85
1318,146.155371765583,184.905622686164,115.734298706055,85
1319,195.294147817977,185.774209619696,115.734298706055,85
1320,246.548025069672,190.185257328122,115.734298706055,85
1321,162.943966440861,186.925834820285,115.734298706055,85
1322,219.340168571728,186.960911485393,115.734298706055,85
1323,194.58489904753,188.626479182157,115.734298706055,85
1324,240.805168889898,187.703856234629,115.734298706055,85
1325,206.847193408704,187.564695369869,115.734298706055,85
1326,169.839370055406,186.864594655063,115.734298706055,85
1327,202.591905987348,186.822868645933,115.734298706055,85
1328,240.100065914827,189.018627998598,115.734298706055,85
1329,143.772987408103,186.232113256974,115.734298706055,85
1330,233.091771088873,188.501200775952,115.734298706055,85
1331,220.97229855506,186.970009677097,115.734298706055,85
1332,295.385344873591,193.955785857733,124.011352539062,85
1333,152.615640479915,192.508892947275,124.011352539062,85
1334,229.725915603925,194.188643357851,124.011352539062,85
1335,224.301432122616,194.238600668073,124.011352539062,85
1336,221.866285289777,197.467905083248,124.011352539062,85
1337,193.70593374021,199.717051582803,124.011352539062,85
1338,253.14259242019,203.485591592005,124.011352539062,85
1339,216.472565249006,204.838369612509,124.011352539062,85
1340,201.9695592792,205.996468487288,124.011352539062,85
1341,199.808297215648,207.188264392955,124.011352539062,85
1342,239.730701091711,210.064464295494,124.011352539062,85
1343,205.637620261646,212.443754235337,124.011352539062,85
1344,186.237379306416,212.081483494874,124.011352539062,85
1345,270.428458351881,213.036700826163,124.011352539062,85
1346,178.185377362647,213.646357263034,124.011352539062,85
1347,206.30904144243,213.125112177862,124.011352539062,85
1348,196.439100102949,213.199280220079,124.011352539062,85
1349,230.493894179239,212.786829231653,124.011352539062,85
1350,174.696903482956,211.500817634623,124.011352539062,85
1351,242.946242183452,214.425092519745,124.011352539062,85
1352,200.76413182662,214.351981553315,124.011352539062,85
1353,194.715836328552,212.536612369864,124.011352539062,85
1354,157.230355896394,213.074907109396,124.011352539062,85
1355,190.288920067545,211.362793068543,124.011352539062,85
1356,208.980123453299,210.883106064473,127.16138458252,85
1357,149.166990108105,205.034371873853,127.16138458252,85
1358,156.412134721866,205.186231643531,127.16138458252,85
1359,165.295530525412,202.609016240391,127.16138458252,85
1360,213.744122910305,202.186723871898,127.16138458252,85
1361,210.76044774924,201.742490370277,127.16138458252,85
1362,231.41135606533,203.250707263281,127.16138458252,85
1363,216.156318320125,201.771256299279,127.16138458252,85
1364,221.391567622595,201.968016394222,127.16138458252,85
1365,220.916041314746,202.725875675644,127.16138458252,85
1366,185.543809441169,202.155296164665,127.16138458252,85
1367,139.830351848548,198.159282194939,127.16138458252,85
1368,154.531333021695,196.115030705341,127.16138458252,85
1369,227.699870248766,197.773530343035,127.16138458252,85
1370,200.26860080033,194.967136040973,127.16138458252,85
1371,249.665147013777,197.826326827018,127.16138458252,85
1372,242.288485371199,199.265504584169,127.16138458252,85
1373,228.634224148839,200.553309546004,127.16138458252,85
1374,211.019535676132,199.77433520588,127.16138458252,85
1375,219.513718504344,201.567007806735,127.16138458252,85
1376,213.353468474462,200.383296858376,127.16138458252,85
1377,270.841692414998,203.186399281911,127.16138458252,85
1378,154.818620715174,201.590510657376,127.16138458252,85
1379,227.276016664093,204.392337088084,127.16138458252,85
1380,196.723228247176,204.649709415269,129.127182006836,85
1381,282.337947828798,207.584022390289,129.127182006836,85
1382,279.746045783414,212.807184617301,129.127182006836,85
1383,154.343413102665,212.724435752533,129.127182006836,85
1384,242.62967731587,215.817801624152,129.127182006836,85
1385,229.678529440233,216.455177885349,129.127182006836,85
1386,138.791972570195,213.576438878187,129.127182006836,85
1387,218.886321268903,213.07543748633,129.127182006836,85
1388,247.712861665349,214.337699220139,129.127182006836,85
1389,245.551409040205,215.304092876843,129.127182006836,85
1390,220.848702178874,215.301399311408,129.127182006836,85
1391,247.350086810942,217.773650406199,129.127182006836,85
1392,218.708449214127,220.928774300822,129.127182006836,85
1393,262.808549634062,225.259862965317,129.127182006836,85
1394,281.862604007983,227.426372315686,129.127182006836,85
1395,154.895923286866,225.611465215147,129.127182006836,85
1396,250.848307217257,225.658791623286,129.127182006836,85
1397,171.811675283311,222.839719219771,129.127182006836,85
1398,233.056286243798,223.016601703569,129.127182006836,85
1399,216.509574333163,223.23620324985,129.127182006836,85
1400,273.802226005493,225.407743549896,129.127182006836,85
1401,213.948378575571,225.431539953941,129.127182006836,85
1402,221.011631302067,223.438337509424,129.127182006836,85
1403,283.324877087481,228.578587764316,129.127182006836,85
1404,239.504052920492,229.067709214572,141.259567260742,85
1405,222.167992648274,230.085499790616,141.259567260742,85
1406,264.337866595308,229.365496541276,141.259567260742,85
1407,202.12641547099,226.260711328779,141.259567260742,85
1408,209.2705549225,228.457797001573,141.259567260742,85
1409,257.504039329004,229.052771482098,141.259567260742,85
1410,229.719091530054,229.054393965691,141.259567260742,85
1411,215.392677194475,232.118422150662,141.259567260742,85
1412,250.990179229217,233.402576469075,141.259567260742,85
1413,250.695902398962,233.521898098419,141.259567260742,85
1414,271.806817344765,234.572114430601,141.259567260742,85
1415,236.417378636659,235.194861488913,141.259567260742,85
1416,292.709987860481,237.009257530894,141.259567260742,85
1417,156.473532316595,234.519860854993,141.259567260742,85
1418,242.428553337218,233.704661003119,141.259567260742,85
1419,227.454597778678,231.528340753947,141.259567260742,85
1420,191.704727538705,233.000692924021,141.259567260742,85
1421,186.440727840608,230.424389748955,141.259567260742,85
1422,220.889190268363,232.387490348357,141.259567260742,85
1423,164.075745924395,229.628268735581,141.259567260742,85
1424,192.769887804082,228.678681274417,141.259567260742,85
1425,215.713318734273,226.355124983569,141.259567260742,85
1426,268.465589027623,228.535813401651,141.259567260742,85
1427,235.058139696661,229.097673737434,141.259567260742,85
1428,237.012606588945,227.245182917493,144.539535522461,85
1429,231.877142948722,226.940106518622,144.539535522461,85
1430,225.552764024843,227.075497373685,144.539535522461,85
1431,195.254579010351,224.312165870287,144.539535522461,85
1432,305.982786470901,228.466420710283,144.539535522461,85
1433,146.363172242278,225.950125403074,144.539535522461,85
1434,247.662624491473,225.556468809573,144.539535522461,85
1435,175.881421799904,223.402962020367,144.539535522461,85
1436,236.797652974786,224.259161051579,144.539535522461,85
1437,280.417066671274,225.436236549262,144.539535522461,85
1438,203.742269592044,223.558091236985,144.539535522461,85
1439,231.344169341018,221.939585316835,144.539535522461,85
1440,271.717110844337,223.351574605142,144.539535522461,85
1441,226.54156690616,220.704837766969,144.539535522461,85
1442,231.085655782294,223.689322705597,144.539535522461,85
1443,209.957931479423,222.390497831286,144.539535522461,85
1444,200.352860251624,221.306428330203,144.539535522461,85
1445,142.285684761011,219.329666619096,144.539535522461,85
1446,242.535361250691,221.573451955499,144.539535522461,85
1447,229.766203758777,221.928532495116,144.539535522461,85
1448,146.192124075875,221.213187621175,144.539535522461,85
1449,237.012905550107,222.982908331016,144.539535522461,85
1450,149.150106884943,220.320379857043,144.539535522461,85
1451,202.200895308259,217.669792108268,144.539535522461,85
1452,213.84094466434,216.821104306975,152.001129150391,85
1453,219.44775652851,216.118510304558,152.001129150391,85
1454,232.045264891833,216.125235182282,152.001129150391,85
1455,169.998119443959,213.903049399047,152.001129150391,85
1456,139.294764178277,211.664656805764,152.001129150391,85
1457,173.714875991568,206.373940386591,152.001129150391,85
1458,249.477169533314,210.498500278232,152.001129150391,85
1459,249.019264836858,210.552765892047,152.001129150391,85
1460,131.223736984144,208.766458499417,152.001129150391,85
1461,214.708625932728,207.882897417735,152.001129150391,85
1462,225.955223411481,205.704423687343,152.001129150391,85
1463,236.526587057813,207.015796385974,152.001129150391,85
1464,172.089459435085,204.645607989737,152.001129150391,85
1465,248.471706584423,203.71579181934,152.001129150391,85
1466,267.033747273957,205.335479034052,152.001129150391,85
1467,207.231251191314,204.381302850413,152.001129150391,85
1468,201.855188132301,204.057193116528,152.001129150391,85
1469,244.145915272175,205.80891531735,152.001129150391,85
1470,261.822619234541,210.590392696291,152.001129150391,85
1471,218.165578545394,209.615601388079,152.001129150391,85
1472,228.430894888414,209.562189033265,152.001129150391,85
1473,223.8522371569,212.668593556506,152.001129150391,85
1474,247.236894468345,213.077553113235,152.001129150391,85
1475,251.308440589114,217.163886461402,152.001129150391,85
1476,237.34541966519,218.569667435679,153.385803222656,85
1477,236.662598566247,219.482533591755,153.385803222656,85
1478,243.74068873647,220.454250880074,153.385803222656,85
1479,225.239074467351,220.182003263095,153.385803222656,85
1480,269.712522304813,224.170579377529,153.385803222656,85
1481,245.54961184557,228.42077328422,153.385803222656,85
1482,191.360671406719,229.126605100826,153.385803222656,85
1483,225.65887676942,228.173873390271,153.385803222656,85
1484,221.619748315643,227.077892729422,153.385803222656,85
1485,277.588502051782,232.932483332128,153.385803222656,85
1486,279.368588472888,235.518881833734,153.385803222656,85
1487,203.847675811112,234.634579929719,153.385803222656,85
1488,274.311100887197,236.145960482895,153.385803222656,85
1489,275.770913706014,240.293218653732,153.385803222656,85
1490,242.40043381178,240.050367742826,153.385803222656,85
1491,259.775139685346,239.760023439282,153.385803222656,85
1492,243.250092011036,241.20077707207,153.385803222656,85
1493,243.511927744688,242.867046656566,153.385803222656,85
1494,251.818400999608,243.173946085663,153.385803222656,85
1495,153.548683959898,238.842988674678,153.385803222656,85
1496,222.125780942947,239.00139677058,153.385803222656,85
1497,217.520608507083,238.564985315326,153.385803222656,85
1498,205.026435953631,237.811953267196,153.385803222656,85
1499,238.286957722487,237.453955797361,153.385803222656,85
1500,230.982530335279,236.640919387208,157.572875976562,85
1501,189.689254615628,234.734672785225,157.572875976562,85
1502,229.938654277466,234.465715013674,157.572875976562,85
1503,251.655250710442,234.782297492633,157.572875976562,85
1504,236.792877674047,235.244449620901,157.572875976562,85
1505,230.463909953965,233.674505126867,157.572875976562,85
1506,239.257402769131,233.42281676381,157.572875976562,85
1507,245.370672326803,235.583216800613,157.572875976562,85
1508,217.709560019095,235.2652441306,157.572875976562,85
1509,209.522369909126,234.781348994339,157.572875976562,85
1510,212.939619906441,232.195393708526,157.572875976562,85
1511,272.690093351936,231.928253903688,157.572875976562,85
1512,263.373684576163,234.309294254289,157.572875976562,85
1513,150.24333083955,229.346583452384,157.572875976562,85
1514,215.326513666101,226.928807450787,157.572875976562,85
1515,217.273655948909,225.923736336272,157.572875976562,85
1516,253.733641020187,225.682076389666,157.572875976562,85
1517,220.142311423289,224.757765166156,157.572875976562,85
1518,207.640358438937,223.322902393926,157.572875976562,85
1519,252.718276864564,223.358897428524,157.572875976562,85
1520,221.756286911489,226.087201546588,157.572875976562,85
1521,246.257742575251,227.05248001188,157.572875976562,85
1522,229.978850318402,227.550809684333,157.572875976562,85
1523,227.715204655585,228.458360432411,157.572875976562,85
1524,194.428553459577,226.704024261895,158.205230712891,85
1525,242.659512375824,227.171103543516,158.205230712891,85
1526,217.384835174458,228.27892676587,158.205230712891,85
1527,227.494334473729,228.18115397372,158.205230712891,85
1528,274.212363826428,229.08343849836,158.205230712891,85
1529,245.870533982881,229.446544750713,158.205230712891,85
1530,252.868726511772,230.342737413025,158.205230712891,85
1531,258.269560236171,231.103223711707,158.205230712891,85
1532,239.136035836622,230.853838252099,158.205230712891,85
1533,213.555956291509,230.687694102996,158.205230712891,85
1534,242.280256343191,231.998009560359,158.205230712891,85
1535,167.462183286513,230.178912095561,158.205230712891,85
1536,203.048825085483,227.393261364903,158.205230712891,85
1537,259.19617843126,227.226161119107,158.205230712891,85
1538,202.91779487616,229.333139680572,158.205230712891,85
1539,269.979923905789,231.519276090159,158.205230712891,85
1540,279.437600336076,234.005833865646,158.205230712891,85
1541,188.776911157317,231.407564671131,158.205230712891,85
1542,248.966769552412,232.560542996296,158.205230712891,85
1543,286.906612329701,235.731193151927,158.205230712891,85
1544,201.189974466319,233.670061055997,158.205230712891,85
1545,310.303288960632,237.211941137962,158.205230712891,85
1546,246.366044690377,237.216273222567,158.205230712891,85
1547,234.035223621665,237.378528154698,158.205230712891,85
1548,254.378203635302,238.445048113887,165.983810424805,85
1549,265.739313121086,241.297478500347,165.983810424805,85
1550,262.665722531648,242.09772690658,165.983810424805,85
1551,219.059601966136,242.164717578247,165.983810424805,85
1552,270.094454207454,243.868722367596,165.983810424805,85
1553,285.680868042946,244.327462536257,165.983810424805,85
1554,256.981527954457,244.77190229512,165.983810424805,85
1555,220.596524271403,243.481014205505,165.983810424805,85
1556,216.258288661848,241.800563342532,165.983810424805,85
1557,238.085778500724,241.758553049096,165.983810424805,85
1558,289.300423303175,244.788331729563,165.983810424805,85
1559,254.118222208027,245.261850364156,165.983810424805,85
1560,228.417580015042,247.700066233298,165.983810424805,85
1561,228.120303865644,248.702925384504,165.983810424805,85
1562,277.155847893092,249.421312162977,165.983810424805,85
1563,282.536591908275,252.606064044262,165.983810424805,85
1564,213.41802380445,250.343588040208,165.983810424805,85
1565,249.290536339981,249.137705480365,165.983810424805,85
1566,278.890524034424,252.742249995449,165.983810424805,85
1567,218.030488117479,251.504798738052,165.983810424805,85
1568,262.094519234955,250.512315014262,165.983810424805,85
1569,256.949381707944,252.742691303927,165.983810424805,85
1570,288.4015313218,251.866620998373,165.983810424805,85
1571,210.865368464389,250.446593949334,165.983810424805,85
1572,210.638301730694,249.510717073695,169.996917724609,85
1573,289.405890767966,250.911824559002,169.996917724609,85
1574,234.717917875355,249.670968749172,169.996917724609,85
1575,251.291059318799,249.215982220658,169.996917724609,85
1576,225.975942335928,249.49263583545,169.996917724609,85
1577,253.441760677633,248.826528094257,169.996917724609,85
1578,239.793252537232,246.991023474029,169.996917724609,85
1579,271.702167879487,247.57984907103,169.996917724609,85
1580,265.775746918476,249.387017976913,169.996917724609,85
1581,271.618545424082,251.601428247402,169.996917724609,85
1582,257.463651988901,252.376543186929,169.996917724609,85
1583,240.52347485324,250.425465248932,169.996917724609,85
1584,275.615712315432,251.285364853228,169.996917724609,85
1585,224.164165431376,251.115228269881,169.996917724609,85
1586,208.670338191594,250.337229642919,169.996917724609,85
1587,267.897611420547,249.966900184018,169.996917724609,85
1588,260.432022736691,249.082717417154,169.996917724609,85
1589,254.201697665552,250.714064371598,169.996917724609,85
1590,280.488525535573,251.961983939422,169.996917724609,85
1591,301.270824913899,252.857195974601,169.996917724609,85
1592,189.197385278696,251.70387186105,169.996917724609,85
1593,183.106287069163,248.544342574418,169.996917724609,85
1594,235.905332025654,247.702580587126,169.996917724609,85
1595,253.982677488552,246.325826433796,169.996917724609,85
1596,228.958571201641,247.049554543286,173.102798461914,85
1597,254.35767140043,248.798329330076,173.102798461914,85
1598,215.336588100136,245.835557223363,173.102798461914,85
1599,265.519858354954,247.067634842547,173.102798461914,85
1600,225.983038154349,246.055313995969,173.102798461914,85
1601,202.632150680923,245.121562329769,173.102798461914,85
1602,287.231931345956,246.473169156501,173.102798461914,85
1603,219.045645032313,245.643264856305,173.102798461914,85
1604,275.456632619038,245.793443445887,173.102798461914,85
1605,264.166388402884,245.729069105263,173.102798461914,85
1606,225.693866739582,243.892081957883,173.102798461914,85
1607,275.992258648953,244.633226224285,173.102798461914,85
1608,212.795550169244,243.524109236925,173.102798461914,85
1609,249.294685193347,242.471268152042,173.102798461914,85
1610,246.390971131617,243.360340380051,173.102798461914,85
1611,193.061242557031,242.735976554669,173.102798461914,85
1612,233.564217139861,241.362640783442,173.102798461914,85
1613,253.816569949997,241.098022671974,173.102798461914,85
1614,260.035185366683,241.331362180019,173.102798461914,85
1615,252.050947556731,240.193859060865,173.102798461914,85
1616,257.258533002647,238.433367384415,173.102798461914,85
1617,258.638730835282,241.211021206679,173.102798461914,85
1618,258.365789234871,244.221401293307,173.102798461914,85
1619,292.165239440259,246.471797589891,173.102798461914,85
1620,237.69862555708,245.820435512632,179.705383300781,85
1621,236.899269686605,246.138063452031,179.705383300781,85
1622,272.977660013423,246.882862996551,179.705383300781,85
1623,236.991137598254,247.749044976475,179.705383300781,85
1624,175.562574220639,244.150753611103,179.705383300781,85
1625,178.135815098484,242.236864688868,179.705383300781,85
1626,268.8264026258,244.884634766663,179.705383300781,85
1627,248.020405473292,243.316173731757,179.705383300781,85
1628,266.1678952214,245.20106373932,179.705383300781,85
1629,280.597672491836,245.406705334232,179.705383300781,85
1630,256.076672291829,245.08311668979,179.705383300781,85
1631,259.771816379545,246.446234675388,179.705383300781,85
1632,279.2425938205,246.57624808225,179.705383300781,85
1633,258.331079679951,248.397669262679,179.705383300781,85
1634,264.163536961827,248.992423333418,179.705383300781,85
1635,252.47850641943,249.23592474493,179.705383300781,85
1636,240.637480350093,251.138974256653,179.705383300781,85
1637,251.400323988107,251.852418530583,179.705383300781,85
1638,200.47532722632,249.718768821635,179.705383300781,85
1639,242.908438920948,249.033698963806,179.705383300781,85
1640,277.609339563837,250.05603464409,179.705383300781,85
1641,234.405693036686,249.141921045452,179.705383300781,85
1642,304.587270665597,250.979862638664,179.705383300781,85
1643,205.803827376768,248.87738416434,179.705383300781,85
1644,249.223705522396,247.159722807626,180.861755371094,85
1645,244.605841840463,247.436011458961,180.861755371094,85
1646,245.318309909584,247.77277306788,180.861755371094,85
1647,194.391696164173,244.62933451391,180.861755371094,85
1648,181.006978382924,242.389968145297,180.861755371094,85
1649,250.520817135051,245.388297861874,180.861755371094,85
1650,220.856391500004,247.097120917934,180.861755371094,85
1651,294.110447884034,248.108482728264,180.861755371094,85
1652,175.784335111415,245.219039913789,180.861755371094,85
1653,258.689634902514,244.919909501033,180.861755371094,85
1654,244.726390917072,243.485058238043,180.861755371094,85
1655,293.77482465291,244.992984332486,180.861755371094,85
1656,163.484866890905,241.14150635294,180.861755371094,85
1657,248.956814490227,239.930075179729,180.861755371094,85
1658,258.459199073328,239.935199955464,180.861755371094,85
1659,269.14420877166,240.134426827858,180.861755371094,85
1660,245.665623605847,239.861911515314,180.861755371094,85
1661,282.738121988822,241.545937180864,180.861755371094,85
1662,291.985907115603,243.169360505963,180.861755371094,85
1663,233.766756803128,244.501017689036,180.861755371094,85
1664,222.671892559303,243.69155583457,180.861755371094,85
1665,243.58690922782,242.330658621129,180.861755371094,85
1666,255.964252709108,243.193001008026,180.861755371094,85
1667,292.610470759371,242.713929011777,180.861755371094,85
1668,257.881013049634,244.797016438692,181.291778564453,85
1669,226.933856945141,243.905422495601,181.291778564453,85
1670,183.767720793635,241.471897653728,181.291778564453,85
1671,235.803683955902,241.091312615581,181.291778564453,85
1672,263.065458148261,243.838263094945,181.291778564453,85
1673,254.400582633816,246.77400726498,181.291778564453,85
1674,179.412311268384,243.929667030314,181.291778564453,85
1675,257.220723040848,245.384240291947,181.291778564453,85
1676,202.441670878359,241.71748921172,181.291778564453,85
1677,204.768601902171,242.876859883351,181.291778564453,85
1678,248.263206603881,242.459802751405,181.291778564453,85
1679,240.11517690325,242.275354190853,181.291778564453,85
1680,257.075009028469,240.807361565875,181.291778564453,85
1681,246.707307332542,244.13625918354,181.291778564453,85
1682,224.498720342011,243.157935417612,181.291778564453,85
1683,275.129694280933,243.824755225916,181.291778564453,85
1684,228.037790237707,242.180498484558,181.291778564453,85
1685,231.078698702313,241.597021488416,181.291778564453,85
1686,231.459035586145,239.545858032309,181.291778564453,85
1687,287.089114033404,239.349986309021,181.291778564453,85
1688,196.489335746104,237.85888946674,181.291778564453,85
1689,246.596640222777,238.815879373279,181.291778564453,85
1690,297.018782818343,240.9531543169,181.291778564453,85
1691,307.559245003199,243.016954008664,181.291778564453,85
1692,231.098248613716,240.556465122838,181.635406494141,85
1693,281.486938602618,241.500702144957,181.635406494141,85
1694,235.755373435516,241.853562804572,181.635406494141,85
1695,279.526308481607,245.683906312091,181.635406494141,85
1696,274.319329608423,247.224532138192,181.635406494141,85
1697,307.516289236299,249.002565381713,181.635406494141,85
1698,242.689556133067,248.534124321683,181.635406494141,85
1699,287.195880354589,252.845467085132,181.635406494141,85
1700,268.764646595704,253.307224027326,181.635406494141,85
1701,220.259979269814,254.019956362984,181.635406494141,85
1702,228.555816749397,254.971444956873,181.635406494141,85
1703,222.092776342743,253.924627746428,181.635406494141,85
1704,238.622294807423,253.864912462595,181.635406494141,85
1705,249.743723612031,253.571661045937,181.635406494141,85
1706,263.429111475819,254.240533211668,181.635406494141,85
1707,289.168638651666,256.827329944054,181.635406494141,85
1708,244.438062110263,255.599664657227,181.635406494141,85
1709,249.264909243517,256.44874941746,181.635406494141,85
1710,224.336910409872,256.179077885762,181.635406494141,85
1711,229.899402164026,256.116692548877,181.635406494141,85
1712,227.786406755994,253.744584257781,181.635406494141,85
1713,242.502149485879,255.585096807372,181.635406494141,85
1714,219.335295732263,254.494643027752,181.635406494141,85
1715,246.369940562336,252.468689337511,181.635406494141,85
1716,254.426857995024,250.343393857184,181.732971191406,85
1717,224.937155002337,250.096950112729,181.732971191406,85
1718,289.641404157131,250.42312873491,181.732971191406,85
1719,240.835110832513,250.626318230789,181.732971191406,85
1720,250.87912228345,249.480430782863,181.732971191406,85
1721,194.573387025372,246.290593079541,181.732971191406,85
1722,302.818426396518,246.10267856595,181.732971191406,85
1723,238.775477858519,245.946115434968,181.732971191406,85
1724,215.27729567612,243.069372047829,181.732971191406,85
1725,286.848631622405,243.792731448897,181.732971191406,85
1726,261.977430423304,245.461429495037,181.732971191406,85
1727,268.89174470652,247.074866613322,181.732971191406,85
1728,250.55459621022,248.213339408021,181.732971191406,85
1729,256.75953545573,248.938829033953,181.732971191406,85
1730,232.3004576099,248.241098393868,181.732971191406,85
1731,218.212989689454,246.432453522413,181.732971191406,85
1732,203.330842344439,242.998941670124,181.732971191406,85
1733,294.309015722198,244.993779814602,181.732971191406,85
1734,250.875285486189,245.058194864309,181.732971191406,85
1735,252.953591394604,246.202862103698,181.732971191406,85
1736,239.972615216456,246.605790625795,181.732971191406,85
1737,274.349868155548,248.468329081777,181.732971191406,85
1738,260.737762786523,249.197753613803,181.732971191406,85
1739,314.031376462483,252.985596843012,181.732971191406,85
1740,316.090347884407,255.774413135895,182.858657836914,85
1741,266.073458342052,256.240277149776,182.858657836914,85
1742,297.034171060272,259.124157792093,182.858657836914,85
1743,206.409656994751,255.794887905598,182.858657836914,85
1744,243.975210192272,255.920491879988,182.858657836914,85
1745,291.693130114263,257.553052193221,182.858657836914,85
1746,294.103465634447,261.534255337584,182.858657836914,85
1747,285.618555743509,260.846260511463,182.858657836914,85
1748,245.833774034988,261.128592358522,182.858657836914,85
1749,250.905392814568,262.55371624406,182.858657836914,85
1750,262.227969591229,261.568889762813,182.858657836914,85
1751,303.135035885053,263.215193981283,182.858657836914,85
1752,267.102783927651,263.143635550128,182.858657836914,85
1753,269.761881644765,263.91192696751,182.858657836914,85
1754,297.517281813254,265.542236821811,182.858657836914,85
1755,255.369341246712,266.464992167284,182.858657836914,85
1756,248.120982642146,267.661311885391,182.858657836914,85
1757,232.247018690048,268.817958939216,182.858657836914,85
1758,215.795481544887,265.677417572123,182.858657836914,85
1759,261.708117865302,266.110730867288,182.858657836914,85
1760,256.767156719235,266.263273480273,182.858657836914,85
1761,267.723419560079,267.373305654018,182.858657836914,85
1762,265.577657511788,267.022417228267,182.858657836914,85
1763,254.86730659024,266.787598980416,182.858657836914,85
1764,295.828737127138,266.059493407002,190.022171020508,85
1765,256.680583528973,263.683102832785,190.022171020508,85
1766,229.819605121427,262.23294870396,190.022171020508,85
1767,247.499229078454,260.251551024687,190.022171020508,85
1768,296.233296221478,263.844496593756,190.022171020508,85
1769,277.454889038459,265.183683747604,190.022171020508,85
1770,256.738185740605,263.785485972657,190.022171020508,85
1771,254.775967919202,262.212386064048,190.022171020508,85
1772,256.003125727887,261.027768863423,190.022171020508,85
1773,220.322822034591,260.007330783407,190.022171020508,85
1774,210.795004998506,258.402915270764,190.022171020508,85
1775,282.797633314548,259.225701819697,190.022171020508,85
1776,278.795188468301,258.252107923027,190.022171020508,85
1777,258.951708206991,257.926064894201,190.022171020508,85
1778,187.556957838049,254.637867941932,190.022171020508,85
1779,261.174548475771,253.184158608433,190.022171020508,85
1780,236.907299446362,252.445676936419,190.022171020508,85
1781,306.513806922599,254.781389907637,190.022171020508,85
1782,271.012509842333,256.332009553728,190.022171020508,85
1783,283.683918420372,259.047547028748,190.022171020508,85
1784,291.008864161429,260.219576880593,190.022171020508,85
1785,293.493350747764,261.688624641734,190.022171020508,85
1786,304.177656653943,263.146794125488,190.022171020508,85
1787,265.64144400452,263.149345585198,190.022171020508,85
1788,321.263405605423,265.805189545805,194.355621337891,85
1789,292.938158142165,265.689566386406,194.355621337891,85
1790,239.13321598389,264.987671684603,194.355621337891,85
1791,283.691302860464,267.142539594164,194.355621337891,85
1792,245.63446618643,267.067949078483,194.355621337891,85
1793,276.59172797381,266.282286348577,194.355621337891,85
1794,302.822222562979,267.296979689557,194.355621337891,85
1795,276.26883347245,268.078205598831,194.355621337891,85
1796,240.826630856232,267.520232116312,194.355621337891,85
1797,279.744457658549,268.469885393539,194.355621337891,85
1798,295.37865284822,271.472118626084,194.355621337891,85
1799,229.625270944261,272.225329263914,194.355621337891,85
1800,287.40537630827,272.409638983663,194.355621337891,85
1801,243.325974400064,270.990870420934,194.355621337891,85
1802,307.306189968641,272.9250496914,194.355621337891,85
1803,239.701336614371,275.010824842452,194.355621337891,85
1804,315.918151672329,277.200568970315,194.355621337891,85
1805,260.280442215025,278.135494681061,194.355621337891,85
1806,271.410326110278,276.731355448568,194.355621337891,85
1807,272.665296343251,276.797466908605,194.355621337891,85
1808,253.95155882545,275.608172524808,194.355621337891,85
1809,309.168628186571,276.334563085814,194.355621337891,85
1810,255.439762015935,274.812419536541,194.355621337891,85
1811,233.966689578018,272.003980853504,194.355621337891,85
1812,278.440474161321,272.515942059776,195.80778503418,85
1813,259.177431585996,270.032503098999,195.80778503418,85
1814,291.956584009531,269.993240133693,195.80778503418,85
1815,261.565875898958,270.890546530296,195.80778503418,85
1816,258.359023017104,269.877255336562,195.80778503418,85
1817,295.774430484726,271.882853908494,195.80778503418,85
1818,261.981781608598,271.298456053885,195.80778503418,85
1819,259.017925923921,269.546284188323,195.80778503418,85
1820,322.12190923077,271.380407218656,195.80778503418,85
1821,304.564844182393,273.929935751702,195.80778503418,85
1822,243.191084580795,272.467800828592,195.80778503418,85
1823,206.141217602421,268.89830341876,195.80778503418,85
1824,223.481916907641,268.652569257295,195.80778503418,85
1825,289.966486422324,268.755013661857,195.80778503418,85
1826,249.553329047483,269.004107847754,195.80778503418,85
1827,236.736578314819,266.181323381601,195.80778503418,85
1828,277.902679207032,267.709377085308,195.80778503418,85
1829,288.920067614072,266.629453722977,195.80778503418,85
1830,246.055202760223,266.060444144785,195.80778503418,85
1831,293.276443443009,266.935088838095,195.80778503418,85
1832,243.489875410243,265.768072000774,195.80778503418,85
1833,287.164352072605,267.09658373066,195.80778503418,85
1834,253.310322699335,264.862251511171,195.80778503418,85
1835,287.725575296046,266.153684042375,195.80778503418,85
1836,265.855994075973,267.429256222294,197.514083862305,85
1837,259.667058414571,266.678319592424,197.514083862305,85
1838,220.809996808664,265.14362220133,197.514083862305,85
1839,269.051864671417,264.227433427806,197.514083862305,85
1840,290.262775270604,265.375309402672,197.514083862305,85
1841,298.743500804304,266.99068851416,197.514083862305,85
1842,292.220617421449,266.848535991628,197.514083862305,85
1843,291.780963028778,268.040503248436,197.514083862305,85
1844,281.736503044488,268.949246333258,197.514083862305,85
1845,282.736187897085,267.373817479911,197.514083862305,85
1846,297.069039966082,267.073985311259,197.514083862305,85
1847,308.397540984836,269.68224356742,197.514083862305,85
1848,252.55694524287,271.538872673038,197.514083862305,85
1849,283.789350709836,273.951170025126,197.514083862305,85
1850,295.153159856747,274.158636962503,197.514083862305,85
1851,319.517305231562,276.957196009866,197.514083862305,85
1852,244.699977455862,277.275731975508,197.514083862305,85
1853,283.595747400056,277.503454703229,197.514083862305,85
1854,307.51755476857,278.247354189409,197.514083862305,85
1855,301.103102427187,280.449270176087,197.514083862305,85
1856,289.743374537243,280.307947419856,197.514083862305,85
1857,245.110218569326,280.37276114622,197.514083862305,85
1858,246.128668598724,278.731333807265,197.514083862305,85
1859,342.442721276988,282.296629750371,197.514083862305,85
1860,228.844422568907,279.941383641285,203.701934814453,85
1861,307.129551175522,281.592325925267,203.701934814453,85
1862,306.120623760953,283.450468539122,203.701934814453,85
1863,280.011325617242,285.818521691465,203.701934814453,85
1864,277.810577797165,286.168870216495,203.701934814453,85
1865,225.580965381466,283.58159782093,203.701934814453,85
1866,269.146748175215,282.397727715766,203.701934814453,85
1867,234.297258798829,280.080793370861,203.701934814453,85
1868,322.593615376124,281.313299464755,203.701934814453,85
1869,303.937415835318,282.201335976389,203.701934814453,85
1870,311.760978142492,283.362327586205,203.701934814453,85
1871,247.978867827583,281.398720700665,203.701934814453,85
1872,284.934094257603,280.460182831576,203.701934814453,85
1873,293.54178425298,282.09957639198,203.701934814453,85
1874,296.629511750907,282.613182833623,203.701934814453,85
1875,309.538006933613,283.188576716697,203.701934814453,85
1876,288.446927382896,281.945761602751,203.701934814453,85
1877,253.425225810456,282.294771536935,203.701934814453,85
1878,307.334430397873,283.244318856847,203.701934814453,85
1879,265.675829041086,281.570649827748,203.701934814453,85
1880,282.152690708431,280.812633358998,203.701934814453,85
1881,329.730067388685,282.412101073055,203.701934814453,85
1882,277.123413354533,283.692628864464,203.701934814453,85
1883,303.216369805495,285.976136912734,203.701934814453,85
1884,216.984238520335,280.957797602468,206.74723815918,85
1885,258.837332157826,282.157513986025,206.74723815918,85
1886,272.837833783444,280.785845290342,206.74723815918,85
1887,295.202635567862,280.349125762618,206.74723815918,85
1888,282.168621777708,280.435417609037,206.74723815918,85
1889,258.695501608093,279.670814561474,206.74723815918,85
1890,321.273508009547,283.498516266597,206.74723815918,85
1891,276.303181973854,283.784773618543,206.74723815918,85
1892,302.953364005813,286.531017826822,206.74723815918,85
1893,279.346029668531,284.801114398519,206.74723815918,85
1894,319.016311138258,285.404270210636,206.74723815918,85
1895,283.820146092313,284.286636928629,206.74723815918,85
1896,270.133058100033,285.172804539527,206.74723815918,85
1897,293.325117553327,285.508445471356,206.74723815918,85
1898,292.100948503781,285.450812041388,206.74723815918,85
1899,260.332657105068,283.998937855554,206.74723815918,85
1900,316.858035724311,284.291739007182,206.74723815918,85
1901,326.414154703108,285.810428099991,206.74723815918,85
1902,207.110616395194,283.95784372338,206.74723815918,85
1903,315.10463734777,284.268652001376,206.74723815918,85
1904,311.220486912293,286.090438316224,206.74723815918,85
1905,295.251642474144,286.614396386853,206.74723815918,85
1906,276.132162714561,284.470480199888,206.74723815918,85
1907,315.120326855466,285.990356739925,206.74723815918,85
1908,267.655242600943,284.567911651743,213.451095581055,85
1909,294.229434115231,287.657719475539,213.451095581055,85
1910,303.3035548153,289.436368381838,213.451095581055,85
1911,303.677459537193,290.669953411988,213.451095581055,85
1912,296.954318565455,290.740020731892,213.451095581055,85
1913,274.631885652951,290.438551286902,213.451095581055,85
1914,274.848487098995,291.084670706538,213.451095581055,85
1915,242.627117499353,287.93881508613,213.451095581055,85
1916,304.008815871723,289.047040442045,213.451095581055,85
1917,259.796928864577,287.320783036395,213.451095581055,85
1918,310.641349530366,288.572595830869,213.451095581055,85
1919,295.653456737336,287.638081654832,213.451095581055,85
1920,252.490268198752,286.384886539089,213.451095581055,85
1921,256.118091056504,285.824287857348,213.451095581055,85
1922,237.777669593334,283.602389938948,213.451095581055,85
1923,309.818704449574,284.31110017678,213.451095581055,85
1924,251.689357588081,283.965368196101,213.451095581055,85
1925,280.499718670508,282.511035513948,213.451095581055,85
1926,328.926723863647,282.61153828037,213.451095581055,85
1927,311.039449607703,286.76869160887,213.451095581055,85
1928,271.327189943005,285.01759371268,213.451095581055,85
1929,243.516314943304,282.30942683392,213.451095581055,85
1930,279.250822329328,281.669394028128,213.451095581055,85
1931,298.80007776952,282.576110630326,213.451095581055,85
1932,274.883757402735,280.966647852217,215.584197998047,85
1933,336.624384608461,283.725413532517,215.584197998047,85
1934,262.807733472164,282.468545506795,215.584197998047,85
1935,318.01014628597,283.056809165622,215.584197998047,85
1936,274.605794910526,281.893942580555,215.584197998047,85
1937,295.738270240351,281.845300647551,215.584197998047,85
1938,301.411959201734,282.916503589502,215.584197998047,85
1939,277.570217784408,283.025372816918,215.584197998047,85
1940,282.210948540645,284.60872605857,215.584197998047,85
1941,280.815867163371,283.681008110236,215.584197998047,85
1942,331.894686629606,286.564918420837,215.584197998047,85
1943,319.325719445101,286.912293217427,215.584197998047,85
1944,330.16927480975,288.292925940323,215.584197998047,85
1945,301.096723562553,290.237184154875,215.584197998047,85
1946,297.301886829523,291.884535985796,215.584197998047,85
1947,297.868947888952,294.288187117621,215.584197998047,85
1948,296.211442670263,293.743896646448,215.584197998047,85
1949,272.244287414258,294.566093839496,215.584197998047,85
1950,263.047249916652,293.867995089341,215.584197998047,85
1951,296.518556715506,292.571668403416,215.584197998047,85
1952,251.888791891526,290.205642094769,215.584197998047,85
1953,326.724523051967,292.421535419127,215.584197998047,85
1954,267.357584508425,293.375186201732,215.584197998047,85
1955,301.619786945064,294.269944786361,215.584197998047,85
1956,307.900697115903,294.633969560217,218.404907226562,85
1957,316.898835859689,296.314572698495,218.404907226562,85
1958,261.282093690588,293.30088106178,218.404907226562,85
1959,318.502776034709,295.528682764282,218.404907226562,85
1960,319.082926006131,295.571593953088,218.404907226562,85
1961,292.672054606332,296.29424434092,218.404907226562,85
1962,306.696410566711,296.732569953975,218.404907226562,85
1963,275.980600874359,295.71531562088,218.404907226562,85
1964,316.158026971023,297.258827988344,218.404907226562,85
1965,297.847064130731,297.884272611948,218.404907226562,85
1966,299.181884597091,298.618913309297,218.404907226562,85
1967,279.440397837812,296.520741757625,218.404907226562,85
1968,336.681736265409,297.214982430437,218.404907226562,85
1969,303.381361671986,296.143465904927,218.404907226562,85
1970,296.93429666131,295.976968828877,218.404907226562,85
1971,218.050099047485,292.806897317595,218.404907226562,85
1972,325.334652750679,293.905525512064,218.404907226562,85
1973,305.454315321091,294.275240418098,218.404907226562,85
1974,297.734539546938,295.294850503405,218.404907226562,85
1975,291.442002515625,296.430640607364,218.404907226562,85
1976,284.639347889828,295.955472254337,218.404907226562,85
1977,304.926911442479,298.076997036375,218.404907226562,85
1978,228.515373847229,294.148631068185,218.404907226562,85
1979,279.43216275403,294.631614198009,218.404907226562,85
1980,335.666051526515,295.993464781267,222.489807128906,85
1981,309.281061529561,296.048679357814,222.489807128906,85
1982,327.418282542123,296.469457225111,222.489807128906,85
1983,251.433326424019,296.075506534448,222.489807128906,85
1984,289.624829665203,294.920388679668,222.489807128906,85
1985,333.02766482246,295.478178232321,222.489807128906,85
1986,288.823213076213,295.324224571116,222.489807128906,85
1987,299.515605410969,295.036992364887,222.489807128906,85
1988,304.225318907904,296.166781086229,222.489807128906,85
1989,276.629963386207,294.585658542836,222.489807128906,85
1990,323.32959667631,295.604959844659,222.489807128906,85
1991,306.759448905253,295.908062416986,222.489807128906,85
1992,324.154464347331,297.696625077366,222.489807128906,85
1993,312.587865386473,296.732870242209,222.489807128906,85
1994,350.387675064528,298.613122777911,222.489807128906,85
1995,297.047111206225,298.617635359707,222.489807128906,85
1996,294.368606924363,301.670375674782,222.489807128906,85
1997,315.983174193268,301.296316532486,222.489807128906,85
1998,307.452433327789,301.376241252754,222.489807128906,85
1999,314.550556665391,302.048881937492,222.489807128906,85
2000,308.104836819354,302.715395309641,222.489807128906,85
2001,303.495519571219,303.469642176897,222.489807128906,85
2002,324.790446080256,304.264183562408,222.489807128906,85
2003,295.091312846584,306.927221122382,222.489807128906,85
2004,272.9123201254,306.666427417237,224.353439331055,85
2005,292.392014883159,304.935465951502,224.353439331055,85
2006,288.731925631436,304.113500515577,224.353439331055,85
2007,315.174056344505,303.623731467673,224.353439331055,85
2008,273.860052280124,304.520800501917,224.353439331055,85
2009,329.247151286179,306.105693366756,224.353439331055,85
2010,326.365202471094,305.839194872701,224.353439331055,85
2011,328.559072903809,307.428629265805,224.353439331055,85
2012,295.626065579248,307.273047672536,224.353439331055,85
2013,264.972871048177,305.702949758147,224.353439331055,85
2014,331.598041909953,307.901672899097,224.353439331055,85
2015,318.866281926929,307.723140309122,224.353439331055,85
2016,328.68016174279,308.599968822623,224.353439331055,85
2017,221.445182693789,304.491597556482,224.353439331055,85
2018,326.809949072952,305.060480903941,224.353439331055,85
2019,337.653722284575,304.551122792743,224.353439331055,85
2020,335.955992633605,306.107478049838,224.353439331055,85
2021,301.288731684768,306.384283040254,224.353439331055,85
2022,336.486545012773,307.204417873034,224.353439331055,85
2023,306.248820834393,307.156273373299,224.353439331055,85
2024,320.031287122429,307.37550259158,224.353439331055,85
2025,292.777842579689,306.762422821993,224.353439331055,85
2026,286.483799204684,306.081954007332,224.353439331055,85
2027,306.896285717636,305.366187592827,224.353439331055,85
2028,307.96705198025,305.881217158174,227.752639770508,85
2029,294.554195500171,306.746892173165,227.752639770508,85
2030,276.844525786016,306.124992609279,227.752639770508,85
2031,280.014411244278,305.776292033793,227.752639770508,85
2032,268.057189250241,303.891617350022,227.752639770508,85
2033,309.496402501805,305.31707135889,227.752639770508,85
2034,312.771096803883,304.658029179598,227.752639770508,85
2035,322.738071084598,304.512943924138,227.752639770508,85
2036,271.394010996379,302.226341447841,227.752639770508,85
2037,337.533451862567,303.902636899173,227.752639770508,85
2038,331.125313815446,306.548734609864,227.752639770508,85
2039,328.255407890314,306.415029249078,227.752639770508,85
2040,316.924435910546,306.337355408423,227.752639770508,85
2041,315.591608044368,305.813813260486,227.752639770508,85
2042,261.317822000782,307.408718832766,227.752639770508,85
2043,300.836442456061,306.36977856809,227.752639770508,85
2044,275.086842750069,303.86710338671,227.752639770508,85
2045,249.999661328475,300.428850134505,227.752639770508,85
2046,317.411010364593,301.073741281698,227.752639770508,85
2047,297.551694375751,299.516347256217,227.752639770508,85
2048,327.091035581327,300.350035846094,227.752639770508,85
2049,304.429112881122,299.725948876442,227.752639770508,85
2050,305.613635437568,300.239380590757,227.752639770508,85
2051,300.630695706981,300.805256450849,227.752639770508,85
2052,286.842860376562,300.003119437206,227.158554077148,85
2053,259.299746115674,298.056427202623,227.158554077148,85
2054,330.970246476293,299.513069241668,227.158554077148,85
2055,323.142002756491,301.364968320487,227.158554077148,85
2056,326.701076666996,303.232434937396,227.158554077148,85
2057,312.529086564601,305.01131082997,227.158554077148,85
2058,302.747424101349,304.741351693952,227.158554077148,85
2059,341.391522404476,305.886168717976,227.158554077148,85
2060,306.346168834695,305.230492627979,227.158554077148,85
2061,313.757795739675,306.925044017711,227.158554077148,85
2062,310.15685758839,305.829980246744,227.158554077148,85
2063,290.114994537718,304.189567475635,227.158554077148,85
2064,300.950852948632,303.097385277968,227.158554077148,85
2065,340.405467751798,304.036626551618,227.158554077148,85
2066,290.686546940657,303.040424107469,227.158554077148,85
2067,277.69636922164,303.695565996304,227.158554077148,85
2068,313.802906596688,304.214224561929,227.158554077148,85
2069,323.209803368991,306.139142986686,227.158554077148,85
2070,284.116726376582,307.50382558861,227.158554077148,85
2071,298.687702795353,306.75489328584,227.158554077148,85
2072,315.943716396758,307.490574166681,227.158554077148,85
2073,288.061589532083,305.929396324711,227.158554077148,85
2074,277.275250033697,304.843241810814,227.158554077148,85
2075,311.046833151945,305.060569719389,227.158554077148,85
2076,310.663401340799,305.461877944742,231.974060058594,85
2077,329.322396445247,307.161059387489,231.974060058594,85
2078,348.40258140406,310.725172799025,231.974060058594,85
2079,278.38261760244,308.62166764407,231.974060058594,85
2080,323.846097618886,308.649831438566,231.974060058594,85
2081,298.914119424527,307.538353148867,231.974060058594,85
2082,318.287157777522,307.768675997384,231.974060058594,85
2083,334.26274003322,309.029288634659,231.974060058594,85
2084,260.494981975387,305.793427017496,231.974060058594,85
2085,330.06452600085,306.742161304142,231.974060058594,85
2086,298.455567796317,306.130072186408,231.974060058594,85
2087,275.523507240293,304.744738172484,231.974060058594,85
2088,294.609757326609,304.924528684039,231.974060058594,85
2089,314.746997566959,305.476374468772,231.974060058594,85
2090,292.710793281155,303.568587489947,231.974060058594,85
2091,300.430146613836,303.958331476874,231.974060058594,85
2092,329.679020095713,306.037637511837,231.974060058594,85
2093,311.791967068876,305.957199930724,231.974060058594,85
2094,307.808793109544,305.341159520346,231.974060058594,85
2095,294.035748180834,305.737920392517,231.974060058594,85
2096,303.266529054201,305.92107344287,231.974060058594,85
2097,253.729845905565,303.432518623223,231.974060058594,85
2098,294.130599161625,303.675279008404,231.974060058594,85
2099,324.896515446406,305.580129624913,231.974060058594,85
2100,331.474383612623,306.39723164334,230.846710205078,85
2101,335.187168609276,307.378182334079,230.846710205078,85
2102,253.08188088839,304.328561711805,230.846710205078,85
2103,319.566558193109,303.175120783367,230.846710205078,85
2104,309.445916433349,304.417652736603,230.846710205078,85
2105,279.649960745915,302.649807261684,230.846710205078,85
2106,302.134938107894,302.778640009019,230.846710205078,85
2107,300.265970238447,302.057792507456,230.846710205078,85
2108,326.230963658665,301.736521452474,230.846710205078,85
2109,324.303451718673,304.288860242205,230.846710205078,85
2110,313.714565241076,303.634861811814,230.846710205078,85
2111,292.718812552766,303.405391602072,230.846710205078,85
2112,285.722166902689,303.813337988568,230.846710205078,85
2113,257.046259846231,302.310798089353,230.846710205078,85
2114,344.508914158271,303.501274753005,230.846710205078,85
2115,295.949293192469,303.630814749458,230.846710205078,85
2116,336.353519263859,305.067749655459,230.846710205078,85
2117,282.348849595184,303.174542835437,230.846710205078,85
2118,312.315817065481,303.195496835302,230.846710205078,85
2119,329.745003232928,304.072945240237,230.846710205078,85
2120,333.620395339188,305.656331126571,230.846710205078,85
2121,335.396387461134,306.941525462849,230.846710205078,85
2122,299.799384063451,308.784306989164,230.846710205078,85
2123,297.675166633475,308.926089688038,230.846710205078,85
2124,309.531724177144,308.311498037267,231.046310424805,85
2125,339.963048553229,308.651044634892,231.046310424805,85
2126,283.234304858157,306.572930084847,231.046310424805,85
2127,325.50445553654,309.469833070773,231.046310424805,85
2128,329.963303282369,309.885702874343,231.046310424805,85
2129,301.415614793832,309.564490808763,231.046310424805,85
2130,327.211024412888,311.466933355442,231.046310424805,85
2131,332.040458581299,312.663154174378,231.046310424805,85
2132,332.05982798008,313.934908484043,231.046310424805,85
2133,290.813753433945,312.518220075054,231.046310424805,85
2134,321.186482554795,312.393541308499,231.046310424805,85
2135,331.782502594723,313.116258802645,231.046310424805,85
2136,295.832276287961,313.240797352053,231.046310424805,85
2137,325.706030200557,314.840151883968,231.046310424805,85
2138,329.510316739557,317.738714159701,231.046310424805,85
2139,324.64851437197,316.944298168249,231.046310424805,85
2140,278.152146910923,316.232412316987,231.046310424805,85
2141,284.940148460565,314.175877484855,231.046310424805,85
2142,339.94371155039,316.479671963063,231.046310424805,85
2143,321.760095899875,316.857443116439,231.046310424805,85
2144,341.749036328874,317.337604440277,231.046310424805,85
2145,331.679104792997,317.259952818429,231.046310424805,85
2146,334.339130300167,317.21766253199,231.046310424805,85
2147,325.175607613277,318.232711473983,231.046310424805,85
2148,324.078746966912,319.288854687321,236.084335327148,85
2149,336.612902202132,320.372101808321,236.084335327148,85
2150,292.207325190001,318.461872873791,236.084335327148,85
2151,305.233416097893,319.341837323381,236.084335327148,85
2152,325.340253328888,319.335269235075,236.084335327148,85
2153,275.88432530191,317.172110115856,236.084335327148,85
2154,341.889594390952,318.791069299741,236.084335327148,85
2155,321.794658207484,318.574414651525,236.084335327148,85
2156,320.49624700993,318.11264618867,236.084335327148,85
2157,340.224193548631,318.439220811412,236.084335327148,85
2158,337.010487230707,320.287090163283,236.084335327148,85
2159,336.152629939697,320.885736058679,236.084335327148,85
2160,310.150381835691,320.020451228318,236.084335327148,85
2161,291.624895089576,319.852155980382,236.084335327148,85
2162,340.230299367114,320.433126747044,236.084335327148,85
2163,282.175227450383,318.539723175477,236.084335327148,85
2164,343.991002919086,319.313422717362,236.084335327148,85
2165,328.591350017216,321.330990841614,236.084335327148,85
2166,318.59513142172,322.67719016006,236.084335327148,85
2167,311.716076886738,321.548084773514,236.084335327148,85
2168,219.816284349623,317.470332311504,236.084335327148,85
2169,301.375820259053,315.855403668711,236.084335327148,85
2170,229.862685385025,311.782746892392,236.084335327148,85
2171,315.099653057882,311.013167802701,236.084335327148,85
2172,327.622510290128,311.111043909775,240.232223510742,85
2173,315.36173365266,310.762363377205,240.232223510742,85
2174,320.415985082535,310.114486692421,240.232223510742,85
2175,323.005192374739,311.34640137981,240.232223510742,85
2176,313.53255646589,311.67836699453,240.232223510742,85
2177,314.69277515887,311.25246786773,240.232223510742,85
2178,317.895427164557,312.932911942236,240.232223510742,85
2179,318.712050522287,312.005810187489,240.232223510742,85
2180,327.185512012643,312.221444339695,240.232223510742,85
2181,343.335247517473,313.135004359997,240.232223510742,85
2182,314.217264961695,312.09472721652,240.232223510742,85
2183,310.743927904323,311.044064843464,240.232223510742,85
2184,348.527127228285,311.539044735008,240.232223510742,85
2185,331.994250891584,312.412799497243,240.232223510742,85
2186,330.763688447534,313.978351231562,240.232223510742,85
2187,324.295187937121,313.340946774362,240.232223510742,85
2188,335.845970268933,315.487776487104,240.232223510742,85
2189,342.117729948878,315.412845568296,240.232223510742,85
2190,326.215601968832,315.31781564636,240.232223510742,85
2191,342.520207580113,316.274818692696,240.232223510742,85
2192,301.051803615269,315.848247761837,240.232223510742,85
2193,286.702708998401,318.523704747788,240.232223510742,85
2194,335.034863034524,319.870066458807,240.232223510742,85
2195,289.8405794071,322.26918221969,240.232223510742,85
2196,323.216419907639,322.593852893681,243.116424560547,85
2197,351.524770491239,323.549943301725,243.116424560547,85
2198,351.566007877376,324.998114270714,243.116424560547,85
2199,299.802351797776,324.173568939323,243.116424560547,85
2200,295.984739594148,323.092750828099,243.116424560547,85
2201,337.531080767617,324.052691800169,243.116424560547,85
2202,320.4985851575,324.284924200114,243.116424560547,85
2203,334.013039445927,324.929628691369,243.116424560547,85
2204,348.273142326138,326.112072363523,243.116424560547,85
2205,342.682133367082,326.7319372177,243.116424560547,85
2206,316.391502680979,325.65418742424,243.116424560547,85
2207,312.580453580677,325.588714969,243.116424560547,85
2208,309.659645947607,325.545343690731,243.116424560547,85
2209,329.261767175456,324.774729288618,243.116424560547,85
2210,313.215225274462,324.023568263933,243.116424560547,85
2211,292.206339586001,322.481274309472,243.116424560547,85
2212,247.932090337653,319.426750405493,243.116424560547,85
2213,332.171510803837,319.279772026889,243.116424560547,85
2214,325.520962267716,318.615901319643,243.116424560547,85
2215,339.186876262598,319.134752291393,243.116424560547,85
2216,346.254517575927,319.284124691226,243.116424560547,85
2217,334.687484352014,320.629551920696,243.116424560547,85
2218,287.898850247568,320.677397570662,243.116424560547,85
2219,333.486974780746,320.615482040511,243.116424560547,85
2220,347.43557728445,322.919281955605,245.945281982422,85
2221,325.968925780195,323.029382190508,245.945281982422,85
2222,323.761434868256,321.918848765588,245.945281982422,85
2223,333.726940676557,321.205286077556,245.945281982422,85
2224,275.942609567097,320.250896388328,245.945281982422,85
2225,330.884706000676,321.646895044589,245.945281982422,85
2226,339.579324510578,321.728824794308,245.945281982422,85
2227,307.643067763574,321.214604098551,245.945281982422,85
2228,359.963394031579,322.252618281977,245.945281982422,85
2229,340.96635471697,321.96034677761,245.945281982422,85
2230,312.766440271148,320.763719053773,245.945281982422,85
2231,322.538375214843,321.009593955127,245.945281982422,85
2232,339.27651504724,322.07743641379,245.945281982422,85
2233,280.330951449676,320.904288633873,245.945281982422,85
2234,337.384371942668,321.229192824561,245.945281982422,85
2235,334.369380990455,322.075359053201,245.945281982422,85
2236,349.764812811575,324.377697982224,245.945281982422,85
2237,321.781542133472,327.331676054057,245.945281982422,85
2238,338.948147081791,327.602741505175,245.945281982422,85
2239,303.143122662637,326.707627920972,245.945281982422,85
2240,330.440638570801,326.3577784133,245.945281982422,85
2241,337.569865197229,326.010392318152,245.945281982422,85
2242,329.638460016549,325.808431344733,245.945281982422,85
2243,321.239781051846,327.142068576904,245.945281982422,85
2244,329.912171634631,326.99907645106,247.095352172852,85
2245,327.811152139081,326.214099445245,247.095352172852,85
2246,309.292479844827,325.54704160783,247.095352172852,85
2247,315.804754783869,325.228774404455,247.095352172852,85
2248,301.679298312275,323.946868709884,247.095352172852,85
2249,334.17749714753,326.276264213101,247.095352172852,85
2250,327.825868970422,326.153910731891,247.095352172852,85
2251,333.003484229982,325.890877120667,247.095352172852,85
2252,339.855931243964,327.179391659882,247.095352172852,85
2253,325.223219312123,325.789784671104,247.095352172852,85
2254,317.102979221691,324.835249651293,247.095352172852,85
2255,350.576336288076,326.34764549197,247.095352172852,85
2256,335.038272394148,326.847641379142,247.095352172852,85
2257,344.404161488969,327.052747236812,247.095352172852,85
2258,338.79089681648,329.391145051484,247.095352172852,85
2259,320.764295573665,328.726341996724,247.095352172852,85
2260,336.157552722216,328.797868865994,247.095352172852,85
2261,342.012534790908,328.487777745167,247.095352172852,85
2262,340.038934064695,329.218073422416,247.095352172852,85
2263,338.595607348946,329.203971833102,247.095352172852,85
2264,349.319746760849,331.051036797031,247.095352172852,85
2265,334.276178817466,331.204458406897,247.095352172852,85
2266,316.877891691488,330.376779466668,247.095352172852,85
2267,302.588758307044,329.294791398288,247.095352172852,85
2268,345.271260603576,330.256050580357,250.669235229492,85
2269,338.287583997314,330.591067074864,250.669235229492,85
2270,318.275330374034,330.209634204262,250.669235229492,85
2271,335.973667715686,331.276881719097,250.669235229492,85
2272,313.470878229549,331.183526656924,250.669235229492,85
2273,353.033224936108,333.237683721877,250.669235229492,85
2274,340.806029900273,333.502825031987,250.669235229492,85
2275,326.840745554565,333.463420095353,250.669235229492,85
2276,324.296303890335,333.115132881767,250.669235229492,85
2277,331.734381918224,332.790270908737,250.669235229492,85
2278,338.009462019927,333.301720617049,250.669235229492,85
2279,322.355263585128,333.511811991587,250.669235229492,85
2280,324.325359975054,332.461772939066,250.669235229492,85
2281,336.273136639511,332.51116750888,250.669235229492,85
2282,347.878894176347,332.650156816376,250.669235229492,85
2283,273.356432908533,330.032778260058,250.669235229492,85
2284,337.847723821671,330.716115389978,250.669235229492,85
2285,347.049646404707,331.151799137278,250.669235229492,85
2286,297.028347101371,329.352431629696,250.669235229492,85
2287,246.342028035474,325.604555388527,250.669235229492,85
2288,333.06675041189,325.383401111045,250.669235229492,85
2289,354.810811376619,325.603043695676,250.669235229492,85
2290,318.931053199483,324.989238670956,250.669235229492,85
2291,333.699066480791,325.662085662529,250.669235229492,85
2292,327.208604829666,326.646879523433,252.737121582031,85
2293,351.476704304373,326.895097271465,252.737121582031,85
2294,317.989837206546,326.083187399835,252.737121582031,85
2295,331.771122459853,326.623019083267,252.737121582031,85
2296,358.75259176196,327.534176045118,252.737121582031,85
2297,331.513920027621,328.255897717041,252.737121582031,85
2298,345.531811268382,327.955841170332,252.737121582031,85
2299,344.153557097914,328.089742258238,252.737121582031,85
2300,325.401314914758,328.032165032645,252.737121582031,85
2301,329.75742387035,328.250609831846,252.737121582031,85
2302,313.225226552176,327.510243617204,252.737121582031,85
2303,341.316758769752,327.642535487197,252.737121582031,85
2304,358.35286238589,329.082439439228,252.737121582031,85
2305,318.515543983967,328.850046799584,252.737121582031,85
2306,345.226203298143,329.208169465929,252.737121582031,85
2307,308.505358564535,327.633228041457,252.737121582031,85
2308,341.587108610508,330.362455069536,252.737121582031,85
2309,296.468103476965,328.707270255748,252.737121582031,85
2310,316.418449027802,327.482022360672,252.737121582031,85
2311,349.665386262184,329.587503927104,252.737121582031,85
2312,310.589479781222,332.157401996934,252.737121582031,85
2313,269.554703453796,329.61692011861,252.737121582031,85
2314,340.152329527534,329.030580844647,252.737121582031,85
2315,364.132391245135,330.838634366473,252.737121582031,85
2316,339.563882961712,331.07322702571,255.809051513672,85
2317,304.280937016637,330.156120313189,255.809051513672,85
2318,301.478774433666,328.15620311836,255.809051513672,85
2319,362.653981889895,329.942768905694,255.809051513672,85
2320,358.243780255346,331.001675217514,255.809051513672,85
2321,305.371161188528,328.866417994577,255.809051513672,85
2322,341.162450319587,329.252359206255,255.809051513672,85
2323,352.69908728975,329.53905024711,255.809051513672,85
2324,320.644762096158,328.59869844704,255.809051513672,85
2325,341.54910406599,329.244610013089,255.809051513672,85
2326,301.597540154611,328.11821466446,255.809051513672,85
2327,327.699021533738,328.697166463722,255.809051513672,85
2328,352.590604972299,329.148120311824,255.809051513672,85
2329,345.849689081234,328.647993379638,255.809051513672,85
2330,293.849586700145,327.661355088285,255.809051513672,85
2331,337.916936897374,327.368984432254,255.809051513672,85
2332,318.922497323965,327.785669982631,255.809051513672,85
2333,334.973320403437,327.521118454348,255.809051513672,85
2334,319.09768485385,328.426301709424,255.809051513672,85
2335,318.247958778197,328.49948209944,255.809051513672,85
2336,324.11483487592,327.477460043989,255.809051513672,85
2337,346.586222011282,328.917329733192,255.809051513672,85
2338,338.31306669285,331.667664262754,255.809051513672,85
2339,340.384943539256,331.676968823222,255.809051513672,85
2340,294.114630763058,328.876258403939,257.004730224609,85
2341,334.866357224949,328.688357374469,257.004730224609,85
2342,326.022422072592,329.558016776707,257.004730224609,85
2343,344.105359440041,331.263080176962,257.004730224609,85
2344,348.252124603332,330.6870058855,257.004730224609,85
2345,334.858403592433,329.751590818983,257.004730224609,85
2346,281.175932311947,328.78378166392,257.004730224609,85
2347,346.385789273184,328.992715222064,257.004730224609,85
2348,330.526726911141,328.105820806919,257.004730224609,85
2349,309.763686528166,327.6705777842,257.004730224609,85
2350,340.810682439265,327.641040919131,257.004730224609,85
2351,348.340853865928,329.510773467583,257.004730224609,85
2352,322.424262070929,329.299783089071,257.004730224609,85
2353,336.611248340506,328.660608823799,257.004730224609,85
2354,352.307474729702,328.918920249738,257.004730224609,85
2355,316.358911451923,329.819293239809,257.004730224609,85
2356,354.125458035884,330.46763408535,257.004730224609,85
2357,333.980448262374,331.069952122886,257.004730224609,85
2358,341.407087541691,331.327302808416,257.004730224609,85
2359,338.155107195011,332.089599702063,257.004730224609,85
2360,319.454364444756,332.137855928725,257.004730224609,85
2361,332.194965767159,332.461061164374,257.004730224609,85
2362,361.752850810925,333.06772631636,257.004730224609,85
2363,327.633067086599,332.64052633211,257.004730224609,85
2364,334.542629449751,332.40683376853,258.446136474609,85
2365,347.695812995958,334.550081057846,258.446136474609,85
2366,331.685461624481,334.422845233827,258.446136474609,85
2367,343.580225461032,335.125157369365,258.446136474609,85
2368,354.311728293645,335.533412123509,258.446136474609,85
2369,301.04790103592,333.645243180812,258.446136474609,85
2370,282.021313296305,331.531759568967,258.446136474609,85
2371,329.831008961551,333.477962634952,258.446136474609,85
2372,344.50900314298,333.402891189743,258.446136474609,85
2373,330.009915582318,333.38221873659,258.446136474609,85
2374,299.193988676001,332.959430822504,258.446136474609,85
2375,344.810900009841,333.119439525327,258.446136474609,85
2376,306.461796276356,331.444277221744,258.446136474609,85
2377,345.142553186475,332.353008866366,258.446136474609,85
2378,326.512666928202,331.949065609874,258.446136474609,85
2379,298.351780463048,329.790837839208,258.446136474609,85
2380,354.749236711184,331.326450849578,258.446136474609,85
2381,299.35389295834,329.135588246476,258.446136474609,85
2382,331.763235992628,329.046899755686,258.446136474609,85
2383,351.351133054011,329.444661576179,258.446136474609,85
2384,313.355249869129,328.452667283144,258.446136474609,85
2385,338.305420589431,329.206709528931,258.446136474609,85
2386,314.824574347612,328.511893872149,258.446136474609,85
2387,355.063062100493,328.244302323732,258.446136474609,85
2388,344.731447687778,328.928237547779,258.326202392578,85
2389,318.382563635417,328.281834915205,258.326202392578,85
2390,340.219304012169,327.982774555854,258.326202392578,85
2391,326.578730088458,327.778505294413,258.326202392578,85
2392,278.75613078829,325.185541507503,258.326202392578,85
2393,356.04407235939,325.254835270133,258.326202392578,85
2394,296.856111145114,325.087163674501,258.326202392578,85
2395,304.257536939048,325.976612620211,258.326202392578,85
2396,320.090588071851,325.586995784623,258.326202392578,85
2397,327.074486865808,324.889615133536,258.326202392578,85
2398,360.805191458182,326.12142616857,258.326202392578,85
2399,347.91245084904,328.070164655492,258.326202392578,85
2400,362.084337196576,328.761102142961,258.326202392578,85
2401,344.161688882407,330.269097847203,258.326202392578,85
2402,341.601310101102,330.127448123788,258.326202392578,85
2403,338.485191117314,330.606349091353,258.326202392578,85
2404,333.926420121495,332.029334677691,258.326202392578,85
2405,284.729632028251,329.228550490373,258.326202392578,85
2406,336.1470938252,330.700278525048,258.326202392578,85
2407,297.936098433738,329.347193022692,258.326202392578,85
2408,329.536261079269,328.474598143703,258.326202392578,85
2409,339.558591107043,329.522731793219,258.326202392578,85
2410,325.973770654185,329.029465795809,258.326202392578,85
2411,330.645224223236,329.662291790834,258.326202392578,85
2412,334.84738106934,328.853664549588,259.371948242188,85
2413,351.826798481946,329.137478581355,259.371948242188,85
2414,342.97195378789,330.121054187454,259.371948242188,85
2415,304.111334004112,328.676735387131,259.371948242188,85
2416,339.557593583053,329.195889926915,259.371948242188,85
2417,348.685069741557,331.993047485046,259.371948242188,85
2418,338.653235786459,331.297414022129,259.371948242188,85
2419,341.58451970839,333.08655036466,259.371948242188,85
2420,346.941400818571,334.793904919841,259.371948242188,85
2421,359.016199793101,336.350929388691,259.371948242188,85
2422,352.749727627406,337.377939019155,259.371948242188,85
2423,351.376932645104,337.000808666631,259.371948242188,85
2424,351.154115937545,337.130475270172,259.371948242188,85
2425,319.768932028085,335.437859063432,259.371948242188,85
2426,348.600101848871,335.615395582091,259.371948242188,85
2427,339.97962148338,335.550528037382,259.371948242188,85
2428,358.262824750768,336.34163338272,259.371948242188,85
2429,338.202664462466,336.512683156359,259.371948242188,85
2430,325.506913176342,338.143774402282,259.371948242188,85
2431,343.814455799111,338.450468881239,259.371948242188,85
2432,354.497433226002,340.712922272929,259.371948242188,85
2433,348.966817532473,341.490144531058,259.371948242188,85
2434,339.318822982576,341.480553806079,259.371948242188,85
2435,348.010105158773,342.362007186262,259.371948242188,85
2436,350.310234437675,343.14860759484,262.972412109375,85
2437,332.91315368928,343.071238499638,262.972412109375,85
2438,328.925548212693,342.155188488867,262.972412109375,85
2439,356.19105473174,342.683952526621,262.972412109375,85
2440,322.035984116726,343.400938531126,262.972412109375,85
2441,361.952585924378,344.296738224779,262.972412109375,85
2442,345.758172136358,344.179662320571,262.972412109375,85
2443,329.385738164696,343.8089624157,262.972412109375,85
2444,346.397154106253,344.001467791615,262.972412109375,85
2445,349.547534153257,344.105713125002,262.972412109375,85
2446,350.658304831029,343.771397326519,262.972412109375,85
2447,353.83446270547,343.814786729642,262.972412109375,85
2448,330.373110725917,342.974633852875,262.972412109375,85
2449,275.668884792531,339.955224607074,262.972412109375,85
2450,332.864836428965,340.479060783109,262.972412109375,85
2451,339.493184420059,340.114784085957,262.972412109375,85
2452,342.763516236396,340.226139876077,262.972412109375,85
2453,356.305780226688,340.147858095114,262.972412109375,85
2454,336.382298164672,340.075043443202,262.972412109375,85
2455,327.894259390018,340.170537291749,262.972412109375,85
2456,353.444343110009,340.555732784185,262.972412109375,85
2457,348.047239923183,340.297725052073,262.972412109375,85
2458,362.46207186225,340.837535225264,262.972412109375,85
2459,334.288452453206,340.636320404089,262.972412109375,85
2460,350.446380176587,340.733771404801,264.633483886719,85
2461,363.086598365455,341.244825961913,264.633483886719,85
2462,355.068371925343,342.131034691355,264.633483886719,85
2463,346.934457242262,342.851391052538,264.633483886719,85
2464,347.947247025179,342.521638744275,264.633483886719,85
2465,337.34821245882,343.134127877959,264.633483886719,85
2466,356.384037340167,342.911385934591,264.633483886719,85
2467,356.329459700561,343.334237437159,264.633483886719,85
2468,349.857843827271,344.153121663662,264.633483886719,85
2469,351.896462381239,344.373093994661,264.633483886719,85
2470,340.462429798363,344.009689820466,264.633483886719,85
2471,357.779489039401,344.2945371888,264.633483886719,85
2472,295.949164119311,341.979125245354,264.633483886719,85
2473,338.308181811036,342.296528088759,264.633483886719,85
2474,317.335173373097,343.963179631981,264.633483886719,85
2475,347.874337124684,344.56355965981,264.633483886719,85
2476,343.352234510795,344.71792166344,264.633483886719,85
2477,331.957012997529,344.285661533885,264.633483886719,85
2478,342.28000945827,343.724630703148,264.633483886719,85
2479,351.943652442086,344.347084874245,264.633483886719,85
2480,330.087651019739,344.434820539434,264.633483886719,85
2481,346.102434614774,344.141144199624,264.633483886719,85
2482,351.742046244077,344.28893645246,264.633483886719,85
2483,352.89174931612,343.906123550615,264.633483886719,85
2484,352.795880388487,344.646420668026,266.652709960938,85
2485,344.655024219217,344.414766429731,266.652709960938,85
2486,289.471074348487,341.470145469053,266.652709960938,85
2487,339.549881730107,340.849405861243,266.652709960938,85
2488,344.664596605303,340.758611435765,266.652709960938,85
2489,345.003772575077,340.640872457761,266.652709960938,85
2490,350.755257012442,341.177154239906,266.652709960938,85
2491,330.443875858896,340.139547780655,266.652709960938,85
2492,341.979579996773,339.565552592503,266.652709960938,85
2493,331.49227821619,338.83092996806,266.652709960938,85
2494,345.741906661637,338.584747739276,266.652709960938,85
2495,340.168425024635,338.572987548327,266.652709960938,85
2496,355.871514388119,338.496668562275,266.652709960938,85
2497,353.164490843155,340.785281631229,266.652709960938,85
2498,348.513205216208,341.193482567436,266.652709960938,85
2499,317.463439660105,341.198613218916,266.652709960938,85
2500,349.281877445757,341.254914831759,266.652709960938,85
2501,308.80615481868,339.873071644075,266.652709960938,85
2502,364.224136150805,341.163756570206,266.652709960938,85
2503,350.913810579772,341.509108615066,266.652709960938,85
2504,331.910825335416,340.707795530799,266.652709960938,85
2505,357.603607448811,341.808433787962,266.652709960938,85
2506,351.029714961018,342.005525001812,266.652709960938,85
2507,338.93366526163,341.493189762514,266.652709960938,85
2508,322.840173573423,340.291126732806,268.822357177734,85
2509,353.266404854985,340.309947711466,268.822357177734,85
2510,354.274476096747,340.694725786567,268.822357177734,85
2511,338.508134444983,342.656208190427,268.822357177734,85
2512,344.740120682787,342.863817748534,268.822357177734,85
2513,349.408073366426,343.053556818979,268.822357177734,85
2514,350.53456565463,343.274788542161,268.822357177734,85
2515,339.371534594316,342.819439645436,268.822357177734,85
2516,352.307998164174,343.694004537647,268.822357177734,85
2517,357.71740114381,344.323517383529,268.822357177734,85
2518,320.001050839404,343.863868288457,268.822357177734,85
2519,347.805712293671,343.946420513739,268.822357177734,85
2520,350.846347582814,344.373537416066,268.822357177734,85
2521,342.788259451614,343.850207218606,268.822357177734,85
2522,353.467016001212,343.862308224928,268.822357177734,85
2523,339.504752651074,343.501970122323,268.822357177734,85
2524,347.701085497326,344.711475955811,268.822357177734,85
2525,357.961693393891,345.058668593737,268.822357177734,85
2526,362.60605331118,347.210664533437,268.822357177734,85
2527,317.770049524488,345.352501068384,268.822357177734,85
2528,354.387633270381,345.491453976008,268.822357177734,85
2529,343.668602869396,345.961765077368,268.822357177734,85
2530,358.679963244,346.004819309175,268.822357177734,85
2531,316.619185454694,344.628398128922,268.822357177734,85
2532,364.43281439956,345.64836409444,270.134979248047,85
2533,354.437788674078,346.912268698466,270.134979248047,85
2534,365.768278500014,347.412343644267,270.134979248047,85
2535,357.516418344184,347.542021334164,270.134979248047,85
2536,353.820208901953,348.154504312443,270.134979248047,85
2537,361.551301389684,348.826951540719,270.134979248047,85
2538,340.341845110491,348.464302410482,270.134979248047,85
2539,352.62051523292,348.547740393613,270.134979248047,85
2540,351.76826122905,349.043609459003,270.134979248047,85
2541,357.995420484989,349.271106351835,270.134979248047,85
2542,294.090410285473,346.726026717502,270.134979248047,85
2543,352.813473983986,348.038523643285,270.134979248047,85
2544,356.530495543197,348.387514973266,270.134979248047,85
2545,327.157072082896,347.439943953269,270.134979248047,85
2546,344.541624872843,347.510078570118,270.134979248047,85
2547,355.963834608878,347.609951314425,270.134979248047,85
2548,359.32955250035,348.402943308396,270.134979248047,85
2549,339.855012129124,348.089100373668,270.134979248047,85
2550,346.689871909355,347.638227514287,270.134979248047,85
2551,357.721444498961,347.442843161798,270.134979248047,85
2552,353.285278583566,348.863452324161,270.134979248047,85
2553,350.456833201227,348.706220321395,270.134979248047,85
2554,356.902714914483,349.235584803198,270.134979248047,85
2555,343.178818063143,348.615538995964,270.134979248047,85
2556,355.153965681518,350.156930205037,272.608123779297,85
2557,336.93435583977,349.056991862645,272.608123779297,85
2558,340.467774120375,348.498191280497,272.608123779297,85
2559,353.614285183882,348.012031547852,272.608123779297,85
2560,341.382490801203,347.366674446133,272.608123779297,85
2561,339.982592003416,346.813169770191,272.608123779297,85
2562,324.209429288771,345.319494886155,272.608123779297,85
2563,295.34778592328,343.519732518666,272.608123779297,85
2564,351.620083297333,343.479715241243,272.608123779297,85
2565,341.964658140591,343.087571117704,272.608123779297,85
2566,364.290087881083,343.339357813548,272.608123779297,85
2567,353.139829687646,345.701334589635,272.608123779297,85
2568,338.112951380932,345.113313685513,272.608123779297,85
2569,320.551521665453,343.674154730403,272.608123779297,85
2570,344.432294234983,344.365163616487,272.608123779297,85
2571,296.25629560481,342.433750445765,272.608123779297,85
2572,359.109527200065,342.559578149413,272.608123779297,85
2573,342.104511299151,341.870576501365,272.608123779297,85
2574,332.098183817391,341.560303368896,272.608123779297,85
2575,292.410752269175,339.389138583288,272.608123779297,85
2576,354.340011503399,339.253881263466,272.608123779297,85
2577,357.668617006479,339.429214800382,272.608123779297,85
2578,349.94346189209,339.408679948017,272.608123779297,85
2579,349.898455380417,339.128509566654,272.608123779297,85
2580,351.816505767756,339.474017074839,272.854095458984,85
2581,358.753267544756,339.617989149368,272.854095458984,85
2582,319.4047300962,338.916804119625,272.854095458984,85
2583,344.155875125167,339.064328159817,272.854095458984,85
2584,353.679071102888,339.066919596577,272.854095458984,85
2585,335.478250843187,338.830749998257,272.854095458984,85
2586,356.317583712362,339.484149666615,272.854095458984,85
2587,330.35153382055,339.729833847886,272.854095458984,85
2588,348.406538235373,341.852183940369,272.854095458984,85
2589,342.008219647964,341.467709394395,272.854095458984,85
2590,351.383025421309,341.844444085623,272.854095458984,85
2591,344.618741366212,341.057590225028,272.854095458984,85
2592,353.18308904135,341.059320599177,272.854095458984,85
2593,344.377322667488,341.309895450639,272.854095458984,85
2594,353.569233760429,342.630603934438,272.854095458984,85
2595,346.310931197286,342.70574941293,272.854095458984,85
2596,357.393533106069,345.15123891298,272.854095458984,85
2597,352.872902826885,344.901773938053,272.854095458984,85
2598,359.819151032542,345.610359527389,272.854095458984,85
2599,366.884527558528,347.001813277034,272.854095458984,85
2600,350.992130645133,349.345068412073,272.854095458984,85
2601,354.685399533286,349.358883933268,272.854095458984,85
2602,360.214045608374,349.460701077344,272.854095458984,85
2603,355.924887331423,349.699958094917,272.854095458984,85
2604,321.126461548784,348.549078341652,273.872924804688,85
2605,346.273214529725,348.327346692131,273.872924804688,85
2606,351.878573112355,348.052358914835,273.872924804688,85
2607,358.106180203955,349.600416919145,273.872924804688,85
2608,356.088570169265,350.077724720909,273.872924804688,85
2609,317.063275926634,348.613092913859,273.872924804688,85
2610,349.462027475145,349.172443979137,273.872924804688,85
2611,349.590523989963,348.903361590241,273.872924804688,85
2612,355.971329157283,349.92815340371,273.872924804688,85
2613,356.856024751283,350.266132864347,273.872924804688,85
2614,327.889117883693,349.701368793776,273.872924804688,85
2615,356.794473700961,349.917826724962,273.872924804688,85
2616,317.072557035742,348.815979351743,273.872924804688,85
2617,355.879912156358,348.923852276343,273.872924804688,85
2618,358.475460231481,349.487777778903,273.872924804688,85
2619,358.651958051595,349.69108675055,273.872924804688,85
2620,343.848665293845,349.592596114412,273.872924804688,85
2621,348.92771816087,349.253963516604,273.872924804688,85
2622,304.093628639217,347.302792549097,273.872924804688,85
2623,341.377307899478,346.565118823775,273.872924804688,85
2624,349.577390568196,345.872833344162,273.872924804688,85
2625,352.909861436963,345.949542575835,273.872924804688,85
2626,339.105176370199,345.326333649311,273.872924804688,85
2627,347.748965075182,344.827730427984,273.872924804688,85
2628,369.140765398265,345.356365550658,273.429748535156,85
2629,373.10168686007,347.435374563109,273.429748535156,85
2630,339.942179325542,347.182133154942,273.429748535156,85
2631,347.131629542533,346.992255412149,273.429748535156,85
2632,364.670197691924,347.254816111667,273.429748535156,85
2633,348.732787102648,346.960584789003,273.429748535156,85
2634,351.597127516837,348.341938852611,273.429748535156,85
2635,350.708827718159,348.391810862331,273.429748535156,85
2636,354.913448901314,348.604727858786,273.429748535156,85
2637,358.919809110743,348.722667056924,273.429748535156,85
2638,352.628061586256,348.553548530323,273.429748535156,85
2639,345.900315589611,349.27399643856,273.429748535156,85
2640,330.941933450343,348.239894828535,273.429748535156,85
2641,354.529771807482,349.738183419404,273.429748535156,85
2642,358.570546879506,349.84580880833,273.429748535156,85
2643,347.52573861222,349.40781994356,273.429748535156,85
2644,358.1280478215,349.386863534356,273.429748535156,85
2645,339.638818654664,349.218469668789,273.429748535156,85
2646,329.926059494503,348.458403322134,273.429748535156,85
2647,329.739583244017,349.484241506326,273.429748535156,85
2648,355.541737613232,350.050818694876,273.429748535156,85
2649,343.398213332643,349.803651605454,273.429748535156,85
2650,336.494342553539,349.147030850117,273.429748535156,85
2651,358.17059384238,349.909647549005,273.429748535156,85
2652,341.440089843356,349.657292539732,275.472930908203,85
2653,348.482636941911,348.830967401477,275.472930908203,85
2654,338.383230430971,347.442229144313,275.472930908203,85
2655,356.146637367572,348.090407465995,275.472930908203,85
2656,342.279915798741,347.896338916243,275.472930908203,85
2657,361.006268220248,347.749781737376,275.472930908203,85
2658,340.996139103482,347.440315817409,275.472930908203,85
2659,300.976083600901,345.415474060772,275.472930908203,85
2660,341.036135488601,345.028566371589,275.472930908203,85
2661,347.71993872447,344.740825964516,275.472930908203,85
2662,324.684158091115,343.371399923731,275.472930908203,85
2663,337.10447017225,342.75045626717,275.472930908203,85
2664,345.819548583604,342.74722558693,275.472930908203,85
2665,347.682887292253,343.416863740606,275.472930908203,85
2666,342.966225338965,342.954321881866,275.472930908203,85
2667,355.435705993286,342.828928246417,275.472930908203,85
2668,343.254497916081,342.658078618571,275.472930908203,85
2669,352.95104057615,342.450998328757,275.472930908203,85
2670,327.586471159398,341.968904428947,275.472930908203,85
2671,336.836879352785,342.245337223278,275.472930908203,85
2672,352.971214938738,343.174602491067,275.472930908203,85
2673,368.744423910292,343.702709942949,275.472930908203,85
2674,359.170822211733,344.333614298113,275.472930908203,85
2675,337.903548409971,344.38998253237,275.472930908203,85
2676,343.242178447619,343.79284591658,276.733642578125,85
2677,306.385878940118,342.39067748045,276.733642578125,85
2678,361.003122208001,342.891496891094,276.733642578125,85
2679,333.645920041093,342.702004475499,276.733642578125,85
2680,361.320558989431,342.908961340373,276.733642578125,85
2681,358.899178619682,343.57373185321,276.733642578125,85
2682,354.123325808893,343.298414156756,276.733642578125,85
2683,360.559348387822,344.08094252813,276.733642578125,85
2684,369.473575133682,346.820842189441,276.733642578125,85
2685,344.596816620887,346.963269434733,276.733642578125,85
2686,370.315017817159,347.86707259844,276.733642578125,85
2687,362.881436338762,349.394963728346,276.733642578125,85
2688,352.903254703752,350.026915109606,276.733642578125,85
2689,361.14948242006,350.640112463064,276.733642578125,85
2690,350.801418844936,350.764853725172,276.733642578125,85
2691,343.623178564843,350.791131854207,276.733642578125,85
2692,344.557320898669,350.355996450422,276.733642578125,85
2693,347.604109593768,350.52998091753,276.733642578125,85
2694,357.188785341892,350.699490708159,276.733642578125,85
2695,358.112432797305,351.920529173676,276.733642578125,85
2696,358.6001167199,352.79105866836,276.733642578125,85
2697,362.005036056577,353.152411513074,276.733642578125,85
2698,357.037148824036,352.684120509624,276.733642578125,85
2699,348.944529650308,352.275068807167,276.733642578125,85
2700,365.503109063707,353.379051233316,277.726135253906,85
2701,354.570385609957,353.832179519809,277.726135253906,85
2702,357.060843401751,355.859178098275,277.726135253906,85
2703,353.365030399656,355.553654425941,277.726135253906,85
2704,362.430642596752,356.705043328167,277.726135253906,85
2705,356.208067358463,356.500543662929,277.726135253906,85
2706,360.82037027753,356.577391329243,277.726135253906,85
2707,359.354338422628,356.786631833792,277.726135253906,85
2708,351.898847300841,356.440211790313,277.726135253906,85
2709,322.949598175771,354.579252711996,277.726135253906,85
2710,357.537379605515,355.096875231381,277.726135253906,85
2711,346.333743245871,354.13762424853,277.726135253906,85
2712,329.003316068541,352.782499437721,277.726135253906,85
2713,357.078519730915,352.949510038808,277.726135253906,85
2714,358.278795256561,352.834682552268,277.726135253906,85
2715,334.070811857466,352.165458272769,277.726135253906,85
2716,360.599211790733,352.844499601805,277.726135253906,85
2717,355.210383156122,353.270622092103,277.726135253906,85
2718,349.835073001947,353.35986062843,277.726135253906,85
2719,346.032766862248,352.913619889244,277.726135253906,85
2720,363.018886070576,353.109878020175,277.726135253906,85
2721,358.323190235412,353.098800960795,277.726135253906,85
2722,348.566178111154,352.561246642978,277.726135253906,85
2723,352.629423231157,352.384937619263,277.726135253906,85
2724,359.60298421601,352.811275801891,279.527221679688,85
2725,343.963837074216,351.949704922312,279.527221679688,85
2726,338.983581690598,351.326232765537,279.527221679688,85
2727,360.090734331567,351.44742840273,279.527221679688,85
2728,351.314985093805,351.365426590496,279.527221679688,85
2729,346.696800207511,350.736072894926,279.527221679688,85
2730,361.149202030092,350.933718281791,279.527221679688,85
2731,360.006462786186,350.901161982138,279.527221679688,85
2732,354.461208995893,350.705436805068,279.527221679688,85
2733,366.588901834456,351.293038986413,279.527221679688,85
2734,341.415530413143,352.031676275908,279.527221679688,85
2735,358.713663688603,352.078727639231,279.527221679688,85
2736,342.05058918205,351.907401476678,279.527221679688,85
2737,341.542347738286,352.408962743468,279.527221679688,85
2738,363.041463263592,352.647480484775,279.527221679688,85
2739,353.745318547382,352.466141416408,279.527221679688,85
2740,362.29046054669,353.594927363977,279.527221679688,85
2741,363.780552825176,353.722181005355,279.527221679688,85
2742,361.906603720023,353.990029827911,279.527221679688,85
2743,347.465134681896,353.895232295109,279.527221679688,85
2744,358.395334147139,354.389734986504,279.527221679688,85
2745,361.577107296497,354.332063835541,279.527221679688,85
2746,313.213882005358,352.527691506339,279.527221679688,85
2747,356.729628100207,352.854229505901,279.527221679688,85
2748,359.494427434689,353.128829674043,280.974426269531,85
2749,366.820117694126,353.417515013167,280.974426269531,85
2750,367.588963020743,354.362520051028,280.974426269531,85
2751,359.775630126329,355.194201988458,280.974426269531,85
2752,355.543281873535,355.012303890136,280.974426269531,85
2753,362.388435247918,355.455241896301,280.974426269531,85
2754,346.184133071744,355.43473521087,280.974426269531,85
2755,367.965484835081,355.70738652307,280.974426269531,85
2756,335.29832346972,354.719060950411,280.974426269531,85
2757,359.917883254915,354.937327920772,280.974426269531,85
2758,361.960659487324,354.752198226887,280.974426269531,85
2759,361.766011322994,355.566217463281,280.974426269531,85
2760,315.283075857752,353.828993950047,280.974426269531,85
2761,364.621785035918,354.731841784201,280.974426269531,85
2762,342.340224579828,354.763756857863,280.974426269531,85
2763,355.06898145089,354.444857585355,280.974426269531,85
2764,352.960543783975,354.413466594819,280.974426269531,85
2765,363.938930955665,354.479405411178,280.974426269531,85
2766,361.145943069382,354.374021020946,280.974426269531,85
2767,348.550275366588,353.839767886809,280.974426269531,85
2768,358.431352012625,354.278416580038,280.974426269531,85
2769,346.353007166469,353.796723500811,280.974426269531,85
2770,361.70299242583,353.801758905984,280.974426269531,85
2771,348.399522238047,355.209184515292,280.974426269531,85
2772,363.985184007801,355.499406751596,282.979675292969,85
2773,343.052195413158,354.841717470734,282.979675292969,85
2774,364.433655702834,354.746258991083,282.979675292969,85
2775,359.195627738185,354.41052557978,282.979675292969,85
2776,366.79985802961,354.691494695911,282.979675292969,85
2777,354.186270692736,354.63721424868,282.979675292969,85
2778,342.905648527901,353.857902779879,282.979675292969,85
2779,353.785640764388,354.161963087585,282.979675292969,85
2780,365.021512386246,354.044204189631,282.979675292969,85
2781,359.53519524134,355.013679060496,282.979675292969,85
2782,369.147501266192,355.382863780947,282.979675292969,85
2783,353.460637870079,355.042862916257,282.979675292969,85
2784,328.750686298153,353.722249915264,282.979675292969,85
2785,352.659594477552,355.217310660056,282.979675292969,85
2786,360.356536631046,355.046700723861,282.979675292969,85
2787,359.344766003168,355.726882380794,282.979675292969,85
2788,331.488848121128,354.783677047604,282.979675292969,85
2789,352.687407046402,354.772751578101,282.979675292969,85
2790,365.642128259564,354.840879470257,282.979675292969,85
2791,367.093222384841,355.078770642875,282.979675292969,85
2792,362.249625633878,355.626744653567,282.979675292969,85
2793,353.724086763358,355.438454043596,282.979675292969,85
2794,359.673199410392,355.971261733353,282.979675292969,85
2795,363.841545120647,356.056803841146,282.979675292969,85
2796,346.393450631362,355.976560976878,284.219512939453,85
2797,366.397897919249,356.073069533336,284.219512939453,85
2798,358.893472335947,356.706720610248,284.219512939453,85
2799,367.964967178742,356.847973069284,284.219512939453,85
2800,340.320153219422,356.092954088534,284.219512939453,85
2801,348.219574559884,355.349742749745,284.219512939453,85
2802,360.549788451841,355.604283460109,284.219512939453,85
2803,347.204607029801,355.776241800185,284.219512939453,85
2804,363.935977972885,356.182255288525,284.219512939453,85
2805,343.464694016045,355.319982553717,284.219512939453,85
2806,359.105468273168,355.30279347499,284.219512939453,85
2807,338.906483234242,354.093152753712,284.219512939453,85
2808,325.643677908532,352.98047435525,284.219512939453,85
2809,336.926434406965,353.307504279602,284.219512939453,85
2810,360.442281666411,353.618811767157,284.219512939453,85
2811,355.322889918645,353.417465898661,284.219512939453,85
2812,354.883394437011,353.239011036014,284.219512939453,85
2813,359.76228890551,354.36994866739,284.219512939453,85
2814,355.127360739397,354.46754681511,284.219512939453,85
2815,370.359635510825,354.65624710516,284.219512939453,85
2816,361.723643621063,354.441463954609,284.219512939453,85
2817,359.358053186655,354.32580105672,284.219512939453,85
2818,359.156009767387,354.543077976881,284.219512939453,85
2819,369.35407717818,354.930313087593,284.219512939453,85
2820,324.649363672686,353.362625829674,285.730346679688,85
2821,362.754338369216,354.017061339188,285.730346679688,85
2822,379.276220496693,354.532194242286,285.730346679688,85
2823,365.475116431905,354.795460006124,285.730346679688,85
2824,354.761066623947,354.267303983933,285.730346679688,85
2825,360.181652559621,355.061763957541,285.730346679688,85
2826,371.517344891346,355.993674770799,285.730346679688,85
2827,358.447204071412,355.909571395582,285.730346679688,85
2828,354.051593112108,356.183450838874,285.730346679688,85
2829,339.893364950709,355.221746317987,285.730346679688,85
2830,349.77524788468,355.474168472733,285.730346679688,85
2831,330.922574473635,354.346852720751,285.730346679688,85
2832,353.341516707816,354.924254059694,285.730346679688,85
2833,362.530989530063,356.399746524555,285.730346679688,85
2834,363.581741408766,357.465958804627,285.730346679688,85
2835,365.213576174156,357.656810584937,285.730346679688,85
2836,373.080613526252,358.367119529242,285.730346679688,85
2837,369.51092881656,358.952220904423,285.730346679688,85
2838,367.846501921433,359.27558942506,285.730346679688,85
2839,341.907865370814,358.746809610317,285.730346679688,85
2840,352.494986029299,358.032223631056,285.730346679688,85
2841,366.025418050396,358.204294608229,285.730346679688,85
2842,354.801277434799,358.022023578155,285.730346679688,85
2843,369.287724443437,358.427292165197,285.730346679688,85
2844,370.342129360111,358.466814252474,286.425903320312,85
2845,365.551324562742,360.102892688077,286.425903320312,85
2846,370.469917980637,360.411515872533,286.425903320312,85
2847,362.166633089452,359.727132376244,286.425903320312,85
2848,374.614652264693,360.092713809555,286.425903320312,85
2849,363.728253908317,360.45140130093,286.425903320312,85
2850,319.602767042214,358.828245880234,286.425903320312,85
2851,367.700567480441,358.675574783798,286.425903320312,85
2852,364.424387390894,358.914662116577,286.425903320312,85
2853,359.350622103049,359.126623276215,286.425903320312,85
2854,364.307195497753,360.103176498096,286.425903320312,85
2855,358.876008772551,360.467206933611,286.425903320312,85
2856,360.450126507232,361.648309014955,286.425903320312,85
2857,369.002521905237,362.274749222852,286.425903320312,85
2858,354.060100363202,361.935913656177,286.425903320312,85
2859,368.653923234679,362.138800929214,286.425903320312,85
2860,360.521508996387,361.951118242103,286.425903320312,85
2861,356.960007594193,361.306294004821,286.425903320312,85
2862,357.02665706145,360.806923134616,286.425903320312,85
2863,344.879876320068,359.888258110562,286.425903320312,85
2864,354.501855053929,360.392017697887,286.425903320312,85
2865,354.106576343102,360.456481310439,286.425903320312,85
2866,367.29363242778,360.507209885534,286.425903320312,85
2867,354.837013159802,360.508639314534,286.425903320312,85
2868,351.483598825414,359.796474289813,288.158843994141,85
2869,364.258263017339,359.553119636102,288.158843994141,85
2870,356.053126719055,359.173191722355,288.158843994141,85
2871,358.702706807215,358.702503275418,288.158843994141,85
2872,350.060177746612,358.218245061704,288.158843994141,85
2873,346.820111967494,357.106463449816,288.158843994141,85
2874,362.458560867714,357.055675728192,288.158843994141,85
2875,373.098969557399,359.1955238288,288.158843994141,85
2876,361.228856852219,358.936655403671,288.158843994141,85
2877,346.194486801584,358.207459380098,288.158843994141,85
2878,355.943392029587,358.07117017716,288.158843994141,85
2879,354.110917550928,357.663319059287,288.158843994141,85
2880,364.508482442803,357.888618006097,288.158843994141,85
2881,368.810519980458,358.223033745026,288.158843994141,85
2882,353.915084172795,357.619536235728,288.158843994141,85
2883,347.269268780021,357.347902972401,288.158843994141,85
2884,352.544647316066,356.703531935657,288.158843994141,85
2885,366.555091038495,356.944875217341,288.158843994141,85
2886,368.513547898995,357.407016829533,288.158843994141,85
2887,367.351879061982,357.820025709554,288.158843994141,85
2888,348.051510267511,357.946891067452,288.158843994141,85
2889,357.873041911665,358.081738541761,288.158843994141,85
2890,364.342494629642,358.491175273223,288.158843994141,85
2891,361.504682669157,358.259617282878,288.158843994141,85
2892,371.281748046948,358.917406678364,289.391906738281,85
2893,346.450519495996,358.716083505187,289.391906738281,85
2894,369.954712105119,358.943941468698,289.391906738281,85
2895,362.046483839875,359.183675753531,289.391906738281,85
2896,353.940746356615,358.993197335507,289.391906738281,85
2897,367.269079238377,359.681553395178,289.391906738281,85
2898,312.721258465494,358.317599255098,289.391906738281,85
2899,356.352480878445,358.073356055527,289.391906738281,85
2900,353.464102067522,357.287961355932,289.391906738281,85
2901,371.999446419725,357.718784938632,289.391906738281,85
2902,369.39427488299,358.646776461889,289.391906738281,85
2903,341.796812870549,358.080913295527,289.391906738281,85
2904,368.218331661616,358.645209859954,289.391906738281,85
2905,360.881673933134,358.500137519568,289.391906738281,85
2906,362.599209710174,358.251685108756,289.391906738281,85
2907,361.931918066166,358.572358464491,289.391906738281,85
2908,339.337144962214,358.255073511779,289.391906738281,85
2909,318.568512371368,356.896028113991,289.391906738281,85
2910,372.837574095589,357.147327436275,289.391906738281,85
2911,354.69670367126,356.594653667165,289.391906738281,85
2912,350.00774365826,355.900888251016,289.391906738281,85
2913,358.714405614907,356.327404064912,289.391906738281,85
2914,364.346928583023,356.586359531767,289.391906738281,85
2915,363.072962980857,356.535578265815,289.391906738281,85
2916,364.583891047408,356.658746600945,289.877777099609,85
2917,358.002188385954,356.127564214505,289.877777099609,85
2918,366.717424220263,356.938240403476,289.877777099609,85
2919,348.657857743583,356.086366229015,289.877777099609,85
2920,361.966766120573,356.083177520243,289.877777099609,85
2921,316.389774719859,354.581138654772,289.877777099609,85
2922,371.04689374054,354.732251234859,289.877777099609,85
2923,366.995242521833,356.903210597112,289.877777099609,85
2924,364.123086725359,357.214034830989,289.877777099609,85
2925,368.394536570818,357.811252211121,289.877777099609,85
2926,364.228609264198,357.5004187249,289.877777099609,85
2927,367.023596114513,357.405591574161,289.877777099609,85
2928,356.404783992044,357.989910419021,289.877777099609,85
2929,374.140286771097,358.2267886234,289.877777099609,85
2930,364.494756350997,358.371311920114,289.877777099609,85
2931,358.506158266894,358.207589862383,289.877777099609,85
2932,354.830149756988,357.923519130016,289.877777099609,85
2933,358.806584025989,358.702296692567,289.877777099609,85
2934,353.592859636789,360.103270583184,289.877777099609,85
2935,361.383270454765,359.645098437551,289.877777099609,85
2936,366.151603680203,360.103294437908,289.877777099609,85
2937,362.392883780457,360.598700042796,289.877777099609,85
2938,361.428463273133,360.707262349125,289.877777099609,85
2939,361.166337117309,360.580038690497,289.877777099609,85
2940,364.646114664261,360.642964757833,289.519866943359,85
2941,362.150607735742,360.545633425366,289.519866943359,85
2942,351.518022435397,360.286266787344,289.519866943359,85
2943,357.121602240783,359.902433908165,289.519866943359,85
2944,364.972619164585,360.555024365005,289.519866943359,85
2945,363.516438766577,360.617011270845,289.519866943359,85
2946,363.212277979363,362.489911401225,289.519866943359,85
2947,332.751469500537,360.958094431625,289.519866943359,85
2948,355.202625067645,360.486389733458,289.519866943359,85
2949,369.190280916805,360.689077501116,289.519866943359,85
2950,371.541229373865,360.814945213237,289.519866943359,85
2951,362.85071901875,360.75982960342,289.519866943359,85
2952,366.284655746546,360.730271988701,289.519866943359,85
2953,362.59699940359,360.977960605163,289.519866943359,85
2954,363.06055568941,360.534771361895,289.519866943359,85
2955,360.184580181909,360.362364315132,289.519866943359,85
2956,352.075497403045,360.105137880578,289.519866943359,85
2957,367.261597887704,360.602395805806,289.519866943359,85
2958,361.094930322365,360.693929657661,289.519866943359,85
2959,367.364496287866,361.244795123704,289.519866943359,85
2960,366.553579980849,361.451607504748,289.519866943359,85
2961,358.134994619864,361.130943142334,289.519866943359,85
2962,354.06754501401,360.797929591676,289.519866943359,85
2963,357.291028546193,360.632432202599,289.519866943359,85
2964,359.092374484433,360.549473697284,290.344024658203,85
2965,359.337566229315,360.337131759886,290.344024658203,85
2966,357.132182205044,360.136394738658,290.344024658203,85
2967,344.292412391826,359.847370336915,290.344024658203,85
2968,369.958987796972,360.360865759163,290.344024658203,85
2969,361.463782436837,360.220512290053,290.344024658203,85
2970,357.140701446966,359.965482797268,290.344024658203,85
2971,364.191391616969,360.004647342773,290.344024658203,85
2972,370.1333541011,361.499922726795,290.344024658203,85
2973,377.134620063023,362.37720252661,290.344024658203,85
2974,361.749100342043,362.07955530362,290.344024658203,85
2975,351.696818955752,361.285778886895,290.344024658203,85
2976,365.611190359199,361.396197740513,290.344024658203,85
2977,365.415898050329,361.361447432664,290.344024658203,85
2978,334.963759064744,360.256117819111,290.344024658203,85
2979,353.603544797432,359.877837383432,290.344024658203,85
2980,313.173463500558,357.997392716178,290.344024658203,85
2981,366.003383500976,358.554508160095,290.344024658203,85
2982,364.162480910282,358.430543480998,290.344024658203,85
2983,360.320103140445,358.399550393721,290.344024658203,85
2984,370.117179841479,358.509657735866,290.344024658203,85
2985,369.416781772124,358.624185807517,290.344024658203,85
2986,369.636065965319,359.084228661335,290.344024658203,85
2987,368.76266682361,359.672033533719,290.344024658203,85
2988,366.682689634331,360.047699977244,290.773162841797,85
2989,369.401147692478,360.460050905566,290.773162841797,85
2990,373.226524848036,361.015609250315,290.773162841797,85
2991,357.429689802395,361.027509554209,290.773162841797,85
2992,367.232387192542,361.945108546238,290.773162841797,85
2993,302.504588751466,359.246932584417,290.773162841797,85
2994,364.19046098915,359.35599972651,290.773162841797,85
2995,344.23749818791,358.839871596148,290.773162841797,85
2996,366.012742394644,358.912725627255,290.773162841797,85
2997,372.054693636585,358.989579208674,290.773162841797,85
2998,332.092694976167,357.1879022052,290.773162841797,85
2999,368.367054237875,357.452620361033,290.773162841797,85
3000,354.867111968983,357.579432081562,290.773162841797,85
3001,351.963779935662,357.033535664621,290.773162841797,85
3002,361.800168171941,356.888906469485,290.773162841797,85
3003,361.454114415482,357.948520683515,290.773162841797,85
3004,363.058269075517,358.326709654638,290.773162841797,85
3005,362.397028684841,360.29565226201,290.773162841797,85
3006,353.419348260053,359.792290852373,290.773162841797,85
3007,359.00102911613,359.585832780607,290.773162841797,85
3008,354.088622874943,359.336573569987,290.773162841797,85
3009,364.619452912371,359.116664492822,290.773162841797,85
3010,367.785918553675,359.051429964084,290.773162841797,85
3011,366.673160842238,358.932913759161,290.773162841797,85
3012,365.410652572905,358.798833189133,291.273956298828,85
3013,361.844205947143,358.605293841645,291.273956298828,85
3014,367.591829391638,358.532921109612,291.273956298828,85
3015,351.335119708614,357.657264904035,291.273956298828,85
3016,360.874030607779,357.79503853625,291.273956298828,85
3017,363.340169213236,357.639349817078,291.273956298828,85
3018,361.74105731611,360.008808559664,291.273956298828,85
3019,357.833870314508,359.754544932678,291.273956298828,85
3020,361.596043405795,360.448886741393,291.273956298828,85
3021,357.449615281936,360.106361656885,291.273956298828,85
3022,367.039662078382,359.905760394557,291.273956298828,85
3023,360.972705014509,361.060960796091,291.273956298828,85
3024,350.872749835198,360.361188619984,291.273956298828,85
3025,363.100863996802,360.690538701096,291.273956298828,85
3026,371.527904871834,361.473103698543,291.273956298828,85
3027,356.996553962443,361.280959130163,291.273956298828,85
3028,371.802292985915,361.694886272981,291.273956298828,85
3029,352.551853385648,361.274629645386,291.273956298828,85
3030,359.714933327453,361.16734583109,291.273956298828,85
3031,366.075338467944,361.673585439406,291.273956298828,85
3032,365.428821720083,361.930697143564,291.273956298828,85
3033,361.070701386849,362.20998028404,291.273956298828,85
3034,349.369849968479,361.599996166285,291.273956298828,85
3035,351.934162232518,360.965925913438,291.273956298828,85
3036,368.103705899091,361.023147715712,292.039855957031,85
3037,354.564286162285,360.589293059288,292.039855957031,85
3038,360.942251679757,360.553214888592,292.039855957031,85
3039,360.380734580959,360.264771096165,292.039855957031,85
3040,359.975855169482,360.6104005146,292.039855957031,85
3041,366.423307365869,360.832371584923,292.039855957031,85
3042,369.341923260955,361.072441746832,292.039855957031,85
3043,353.405486936323,360.739018931641,292.039855957031,85
3044,371.788984707729,361.297223507369,292.039855957031,85
3045,373.139185323692,361.758949184085,292.039855957031,85
3046,328.340512891884,360.594585088483,292.039855957031,85
3047,362.218660942957,360.401745043066,292.039855957031,85
3048,363.897697914362,360.51874475906,292.039855957031,85
3049,366.48598376317,361.143274116179,292.039855957031,85
3050,367.942219135633,361.336928321733,292.039855957031,85
3051,330.958175687486,359.714139154359,292.039855957031,85
3052,372.24375800458,360.324027316044,292.039855957031,85
3053,365.293774293958,360.063686568366,292.039855957031,85
3054,359.791733801113,360.353281784984,292.039855957031,85
3055,371.77192967457,360.835561638869,292.039855957031,85
3056,368.982612646464,360.95185260601,292.039855957031,85
3057,369.040664518212,361.096326317935,292.039855957031,85
3058,369.052501828503,361.415598335601,292.039855957031,85
3059,359.19607209825,361.808647220792,292.039855957031,85
3060,364.529521699128,362.312461599457,293.192810058594,85
3061,362.419777041995,362.085104445173,293.192810058594,85
3062,370.238544462595,362.712074777185,293.192810058594,85
3063,377.258651095324,363.364730753808,293.192810058594,85
3064,369.727745163067,363.738611177092,293.192810058594,85
3065,334.784397211943,362.730952858791,293.192810058594,85
3066,369.636140182352,362.85946617145,293.192810058594,85
3067,369.275631742614,362.856814510716,293.192810058594,85
3068,372.035940375244,363.602032648273,293.192810058594,85
3069,373.734484500053,363.679852639966,293.192810058594,85
3070,360.150570185055,363.160308034421,293.192810058594,85
3071,367.83822056311,364.74021634127,293.192810058594,85
3072,372.698270639201,365.159400729119,293.192810058594,85
3073,356.456216957508,364.861741490845,293.192810058594,85
3074,376.727681032058,365.271409381601,293.192810058594,85
3075,360.864807097429,364.988312900073,293.192810058594,85
3076,363.939671874208,366.307572747541,293.192810058594,85
3077,362.417078381019,365.914505562599,293.192810058594,85
3078,360.278886118171,365.713910035568,293.192810058594,85
3079,358.931210329879,365.679489096718,293.192810058594,85
3080,363.053902193306,365.330767997468,293.192810058594,85
3081,363.943280566205,365.129194714257,293.192810058594,85
3082,364.774544954992,364.958549931728,293.192810058594,85
3083,368.783491641811,364.947789524261,293.192810058594,85
3084,364.176358355642,365.147000974556,294.252960205078,85
3085,365.131033407306,365.171061442884,294.252960205078,85
3086,362.256371697582,365.164525229107,294.252960205078,85
3087,369.070636562218,365.117808913092,294.252960205078,85
3088,362.063136774091,364.509988340243,294.252960205078,85
3089,370.818023213507,364.55359946226,294.252960205078,85
3090,364.38142083743,365.73748040728,294.252960205078,85
3091,365.513095081119,365.57255860323,294.252960205078,85
3092,350.781269330069,364.832784106729,294.252960205078,85
3093,367.209707195253,364.639734779529,294.252960205078,85
3094,364.770460136673,364.281173804994,294.252960205078,85
3095,376.74418025697,364.94491820787,294.252960205078,85
3096,370.954028946378,365.069550543201,294.252960205078,85
3097,362.266449702309,364.652277705725,294.252960205078,85
3098,355.518191629025,364.614756692586,294.252960205078,85
3099,362.600586685051,364.049672918706,294.252960205078,85
3100,365.70670473334,364.243348824142,294.252960205078,85
3101,364.790726762907,364.27739101969,294.252960205078,85
3102,355.825510199694,364.013728292437,294.252960205078,85
3103,368.096913799504,364.32644939969,294.252960205078,85
3104,360.501472701546,364.389259894557,294.252960205078,85
3105,364.473572858004,364.446046721145,294.252960205078,85
3106,371.027256902151,364.729405774583,294.252960205078,85
3107,370.246306501274,364.948276236434,294.252960205078,85
3108,359.486678601991,364.576403714841,294.828552246094,85
3109,372.324496400715,364.902329236644,294.828552246094,85
3110,353.486687077305,364.436555383444,294.828552246094,85
3111,366.559058305556,364.608662847763,294.828552246094,85
3112,371.126990557422,364.690917007571,294.828552246094,85
3113,364.820662618925,364.801218041365,294.828552246094,85
3114,358.554515424989,364.310677729824,294.828552246094,85
3115,355.708905307962,363.963777108645,294.828552246094,85
3116,363.81302191058,363.895774181824,294.828552246094,85
3117,367.588567044709,364.568066090409,294.828552246094,85
3118,366.647495895272,364.54557763841,294.828552246094,85
3119,372.89522738921,364.870568328512,294.828552246094,85
3120,375.191432036336,364.808458399686,294.828552246094,85
3121,363.052369525275,364.492392022842,294.828552246094,85
3122,358.729562296321,364.350916526603,294.828552246094,85
3123,367.650095766612,364.836192692106,294.828552246094,85
3124,364.153602102844,364.898313308818,294.828552246094,85
3125,364.580278394716,364.853256255273,294.828552246094,85
3126,366.927355171484,364.938721391616,294.828552246094,85
3127,351.198747392415,364.753650879325,294.828552246094,85
3128,369.622622255594,364.814679217568,294.828552246094,85
3129,355.585534364161,364.618041684073,294.828552246094,85
3130,368.000907139312,364.759135055325,294.828552246094,85
3131,381.152315034252,365.164137380609,294.828552246094,85
3132,371.066222851376,365.196934034613,295.289611816406,85
3133,363.231154269188,365.346713061301,295.289611816406,85
3134,375.607887948892,365.478048723228,295.289611816406,85
3135,368.365380095435,366.073196443954,295.289611816406,85
3136,364.579509897541,365.994014507633,295.289611816406,85
3137,375.145605925707,366.154759122364,295.289611816406,85
3138,345.6072718814,365.386223492863,295.289611816406,85
3139,367.91277867594,365.760554022901,295.289611816406,85
3140,371.842328607147,366.405890954869,295.289611816406,85
3141,365.013456213044,366.453908326967,295.289611816406,85
3142,368.581571019126,366.493628485944,295.289611816406,85
3143,366.779275530758,366.498899671363,295.289611816406,85
3144,362.322680485203,366.075997795203,295.289611816406,85
3145,368.99959305576,365.82832423598,295.289611816406,85
3146,360.163966320438,365.712788107787,295.289611816406,85
3147,361.976383598931,365.842660959891,295.289611816406,85
3148,364.003323963721,365.696790087775,295.289611816406,85
3149,373.440649820591,366.068271996485,295.289611816406,85
3150,364.900710631412,366.081089285953,295.289611816406,85
3151,374.187363231787,366.371489608365,295.289611816406,85
3152,365.598654331566,366.947485885931,295.289611816406,85
3153,352.89510878532,366.27838534712,295.289611816406,85
3154,371.800989357764,366.927003546864,295.289611816406,85
3155,363.676536248716,366.754028711241,295.289611816406,85
3156,369.210647706361,366.276362018125,297.21142578125,85
3157,336.18198850084,364.880992644103,297.21142578125,85
3158,368.989381949207,365.111321751304,297.21142578125,85
3159,360.285935014699,364.498443633937,297.21142578125,85
3160,371.148244241082,364.609758199762,297.21142578125,85
3161,378.380413989346,365.161794363435,297.21142578125,85
3162,370.544102958377,364.977734244741,297.21142578125,85
3163,376.179268917152,366.200614126172,297.21142578125,85
3164,362.385501712344,365.979523047628,297.21142578125,85
3165,370.183588558163,365.913173445668,297.21142578125,85
3166,357.517245636232,365.613325022596,297.21142578125,85
3167,364.469620644333,365.448847007604,297.21142578125,85
3168,368.475744196774,365.516705754245,297.21142578125,85
3169,369.827588455803,365.816902073069,297.21142578125,85
3170,369.12047264914,365.821737256804,297.21142578125,85
3171,370.484708877039,366.234566959068,297.21142578125,85
3172,372.072091166065,366.638395261753,297.21142578125,85
3173,368.253805870971,366.808414538043,297.21142578125,85
3174,376.361991770583,366.925268216043,297.21142578125,85
3175,373.87311074481,367.284164220579,297.21142578125,85
3176,373.831001777167,367.269909762394,297.21142578125,85
3177,367.002293408518,367.326055325472,297.21142578125,85
3178,374.116883144714,368.174926299848,297.21142578125,85
3179,365.265211431482,367.913495182797,297.21142578125,85
3180,369.153602527587,368.132577833952,297.917205810547,85
3181,341.346829283071,367.01802509702,297.917205810547,85
3182,366.425403917825,368.227761713699,297.917205810547,85
3183,370.954934656173,368.306383821978,297.917205810547,85
3184,369.377151490967,368.670032481029,297.917205810547,85
3185,370.068512951578,368.626843229449,297.917205810547,85
3186,371.694601382636,368.35941072518,297.917205810547,85
3187,365.009771255324,368.138037457058,297.917205810547,85
3188,369.964582301203,367.88944999242,297.917205810547,85
3189,369.098301007043,368.157961964208,297.917205810547,85
3190,371.51587170438,368.211253290057,297.917205810547,85
3191,371.449660275148,368.768549875613,297.917205810547,85
3192,371.842495176483,369.063464856899,297.917205810547,85
3193,359.906206655034,368.72068335523,297.917205810547,85
3194,372.871478087332,368.842438940491,297.917205810547,85
3195,367.704717094414,368.785808718302,297.917205810547,85
3196,374.390580331581,368.942043576483,297.917205810547,85
3197,371.370954064233,368.91399809241,297.917205810547,85
3198,367.053893828345,368.866001610705,297.917205810547,85
3199,374.287593433348,368.783025677216,297.917205810547,85
3200,353.256963702668,367.95837979553,297.917205810547,85
3201,369.477802267247,367.784251815133,297.917205810547,85
3202,375.840410153213,368.137776484921,297.917205810547,85
3203,369.968094879533,367.971824954314,297.917205810547,85
3204,370.575469554221,368.184235279224,298.741546630859,85
3205,368.036196353412,368.139539032256,298.741546630859,85
3206,376.165911778562,369.532302332076,298.741546630859,85
3207,371.641078112234,369.740929299852,298.741546630859,85
3208,372.547545133337,369.804633718939,298.741546630859,85
3209,368.248254152556,369.759477825403,298.741546630859,85
3210,376.176090389262,370.00378092291,298.741546630859,85
3211,374.450040182922,370.113998474921,298.741546630859,85
3212,373.384342916445,370.448981341366,298.741546630859,85
3213,369.817624344048,370.44310302308,298.741546630859,85
3214,373.118092938643,370.603894700344,298.741546630859,85
3215,363.16193326279,370.26973716268,298.741546630859,85
3216,361.591885737044,369.875426181156,298.741546630859,85
3217,374.198387992717,369.969661893806,298.741546630859,85
3218,369.44386842149,370.351168364464,298.741546630859,85
3219,375.441855311587,370.453983453434,298.741546630859,85
3220,367.706993420468,370.454074506476,298.741546630859,85
3221,371.953984604278,370.356610677384,298.741546630859,85
3222,367.368887741588,370.196528024478,298.741546630859,85
3223,369.30785214629,370.286686357196,298.741546630859,85
3224,354.678049337231,369.502304593351,298.741546630859,85
3225,363.619902818183,369.916822157972,298.741546630859,85
3226,367.08239810263,369.821005991387,298.741546630859,85
3227,368.498720927403,369.527338422355,298.741546630859,85
3228,373.030861865941,369.649849101811,299.314971923828,85
3229,369.575338133201,369.60984384497,299.314971923828,85
3230,374.465187987658,369.86700351034,299.314971923828,85
3231,366.367163719936,369.475053587995,299.314971923828,85
3232,372.170742640599,369.49624016913,299.314971923828,85
3233,369.75038848551,369.384353903217,299.314971923828,85
3234,368.816164709849,369.407070325508,299.314971923828,85
3235,352.24923819018,368.449996237545,299.314971923828,85
3236,373.242463122789,368.40169315514,299.314971923828,85
3237,371.61035155895,368.33073350084,299.314971923828,85
3238,369.671201597432,368.324876590975,299.314971923828,85
3239,368.087214283551,368.123641444772,299.314971923828,85
3240,352.366401645494,367.69182018008,299.314971923828,85
3241,371.808207715686,368.100473059226,299.314971923828,85
3242,363.694097450232,367.680301437526,299.314971923828,85
3243,364.962266661019,367.501037367107,299.314971923828,85
3244,377.547499714247,367.585263143214,299.314971923828,85
3245,377.054864436291,367.959177983847,299.314971923828,85
3246,368.684634894803,367.828403995468,299.314971923828,85
3247,377.714384212575,368.242223854307,299.314971923828,85
3248,369.105026525609,368.23411082948,299.314971923828,85
3249,378.373854960349,369.181943054405,299.314971923828,85
3250,374.726609186707,369.626211309146,299.314971923828,85
3251,369.762229932024,369.733404582321,299.314971923828,85
3252,364.662452623816,369.579953850178,300.964965820312,85
3253,369.43291007858,369.436035778683,300.964965820312,85
3254,325.714442553829,367.681599955509,300.964965820312,85
3255,360.422804136139,367.119904601448,300.964965820312,85
3256,371.141803978736,367.3108902118,300.964965820312,85
3257,369.049059859756,367.186022900566,300.964965820312,85
3258,360.458510088223,366.814347764675,300.964965820312,85
3259,361.145525461548,366.507522194743,300.964965820312,85
3260,364.542236394211,366.999242122904,300.964965820312,85
3261,370.402627771125,366.885648708837,300.964965820312,85
3262,375.125145817988,367.026240479199,300.964965820312,85
3263,370.84092871555,367.073029563923,300.964965820312,85
3264,372.616507387474,367.25420128808,300.964965820312,85
3265,361.794625097351,367.631330226155,300.964965820312,85
3266,367.175240789512,367.446011549108,300.964965820312,85
3267,378.071917377911,368.021124346215,300.964965820312,85
3268,367.032788363381,368.103945214309,300.964965820312,85
3269,377.147269943427,368.087936023477,300.964965820312,85
3270,371.364296008964,367.860313286383,300.964965820312,85
3271,364.117099461819,367.677611869064,300.964965820312,85
3272,375.185145657098,367.576442326845,300.964965820312,85
3273,364.83068412125,367.405468630671,300.964965820312,85
3274,379.444229683124,367.448283619582,300.964965820312,85
3275,373.207089067728,367.387502814822,300.964965820312,85
3276,369.6769981752,367.38409354455,300.324584960938,85
3277,369.413128382169,367.574120574884,300.324584960938,85
3278,372.834229400303,367.710173347753,300.324584960938,85
3279,366.199532857501,369.3295769599,300.324584960938,85
3280,366.819827746355,369.585457904308,300.324584960938,85
3281,370.171442004017,369.546643425319,300.324584960938,85
3282,374.485868480466,369.764115770148,300.324584960938,85
3283,372.927285388497,370.262866782159,300.324584960938,85
3284,377.85020921732,370.93105413239,300.324584960938,85
3285,369.521311415923,371.130217133258,300.324584960938,85
3286,353.12217020548,370.438998830632,300.324584960938,85
3287,368.764444445913,370.184570775749,300.324584960938,85
3288,380.856342608281,370.585187331459,300.324584960938,85
3289,368.942517864283,370.438227750531,300.324584960938,85
3290,373.214088307241,370.895006278927,300.324584960938,85
3291,368.353429663224,370.942133833875,300.324584960938,85
3292,363.490394288181,370.358872910286,300.324584960938,85
3293,373.197395859497,370.60545721013,300.324584960938,85
3294,376.021853534877,370.560440553789,300.324584960938,85
3295,371.612356648474,370.570362979369,300.324584960938,85
3296,371.578708077294,370.868827323988,300.324584960938,85
3297,360.372925627616,370.276338522809,300.324584960938,85
3298,365.091186223287,370.28675860689,300.324584960938,85
3299,379.949367220974,370.306964108404,300.324584960938,85
3300,370.123384931187,370.183615942942,300.762542724609,85
3301,371.562170686391,370.25902284339,300.762542724609,85
3302,366.335818242377,370.135930437798,300.762542724609,85
3303,377.044446002094,370.30433910187,300.762542724609,85
3304,376.985748492417,370.735787727267,300.762542724609,85
3305,370.859828247661,370.897387747319,300.762542724609,85
3306,360.199919548247,370.498526849088,300.762542724609,85
3307,369.774462602297,370.310070613961,300.762542724609,85
3308,374.491365746564,370.372633828284,300.762542724609,85
3309,365.540218296519,369.880234191452,300.762542724609,85
3310,363.15689584249,369.625657568515,300.762542724609,85
3311,370.86104579386,370.33521259205,300.762542724609,85
3312,372.939294940863,370.502206611848,300.762542724609,85
3313,364.721148858241,369.856798861846,300.762542724609,85
3314,367.85154560496,369.813159971473,300.762542724609,85
3315,365.282541855213,369.495898113392,300.762542724609,85
3316,380.427888415776,369.978876463494,300.762542724609,85
3317,368.412686366902,370.175768146643,300.762542724609,85
3318,372.777447000648,370.158970192289,300.762542724609,85
3319,372.879344830079,370.033269844097,300.762542724609,85
3320,370.540453519294,369.99039371893,300.762542724609,85
3321,368.841391234431,369.880901045215,300.762542724609,85
3322,370.717602003724,370.29468810026,300.762542724609,85
3323,375.458296217942,370.709372500046,300.762542724609,85
3324,371.198327855854,370.359330925441,301.462066650391,85
3325,375.434461399864,370.571773984188,301.462066650391,85
3326,373.194188390798,370.637054692364,301.462066650391,85
3327,364.15345739532,370.549760258482,301.462066650391,85
3328,371.198546574469,370.315924281377,301.462066650391,85
3329,369.054719519071,369.998683122443,301.462066650391,85
3330,373.705260299597,370.112500404521,301.462066650391,85
3331,370.85253936493,370.538605197188,301.462066650391,85
3332,371.555385449944,370.609842111094,301.462066650391,85
3333,378.493416758777,370.769924151583,301.462066650391,85
3334,361.925086988131,370.625318899247,301.462066650391,85
3335,374.196107156285,371.066887351799,301.462066650391,85
3336,368.698903714076,370.980401668607,301.462066650391,85
3337,372.518718562218,370.963578613462,301.462066650391,85
3338,367.126800900365,371.059804695147,301.462066650391,85
3339,371.205905201215,371.193979078997,301.462066650391,85
3340,371.84304584395,371.456399238546,301.462066650391,85
3341,375.06838819969,371.242019229903,301.462066650391,85
3342,369.421933494658,371.282389115013,301.462066650391,85
3343,376.940507519671,371.448911535774,301.462066650391,85
3344,370.91698383098,371.37041709581,301.462066650391,85
3345,376.696744244188,371.616668724806,301.462066650391,85
3346,376.809657063857,371.935399357983,301.462066650391,85
3347,378.405531082379,372.242916521129,301.462066650391,85
3348,369.655420518493,372.010801493151,302.05419921875,85
3349,367.515686504314,371.86349583909,302.05419921875,85
3350,370.96563877703,371.684742934176,302.05419921875,85
3351,375.654089511653,371.78313897901,302.05419921875,85
3352,379.572352809878,372.399894795593,302.05419921875,85
3353,379.306495957465,372.724212770913,302.05419921875,85
3354,375.733355208468,372.991358198488,302.05419921875,85
3355,370.297200986924,372.855035825981,302.05419921875,85
3356,374.4399334643,372.998531589956,302.05419921875,85
3357,344.668892585181,371.923071875366,302.05419921875,85
3358,367.663516421907,371.489875861891,302.05419921875,85
3359,370.80573701104,371.845101862807,302.05419921875,85
3360,369.969416836512,371.676034250016,302.05419921875,85
3361,378.541011603864,372.069718565608,302.05419921875,85
3362,376.140404838167,372.214586016646,302.05419921875,85
3363,376.603779863183,372.593665175159,302.05419921875,85
3364,374.272288124237,372.71632049208,302.05419921875,85
3365,374.299849538341,372.814592639855,302.05419921875,85
3366,368.563497186719,372.554396999336,302.05419921875,85
3367,370.450431450008,372.59553691755,302.05419921875,85
3368,372.153836412279,372.404070073255,302.05419921875,85
3369,374.292920273565,372.539107530958,302.05419921875,85
3370,370.439034590134,372.288799144796,302.05419921875,85
3371,373.634847434245,372.161806759612,302.05419921875,85
3372,369.45204245672,371.803667214585,303.030822753906,85
3373,372.378789423176,371.912601970772,303.030822753906,85
3374,374.646803756669,372.197846660867,303.030822753906,85
3375,376.613387230351,372.423756598999,303.030822753906,85
3376,374.678603755735,372.384737168763,303.030822753906,85
3377,379.737669556901,372.391349838644,303.030822753906,85
3378,378.686975692222,372.366569028034,303.030822753906,85
3379,374.028690429948,372.298382436893,303.030822753906,85
3380,362.600740477164,371.990524016503,303.030822753906,85
3381,378.404335070397,372.149100080747,303.030822753906,85
3382,319.099385146314,371.126319783192,303.030822753906,85
3383,367.86064886736,371.13420508101,303.030822753906,85
3384,371.393381564473,371.157710863147,303.030822753906,85
3385,367.769247246596,371.069704079551,303.030822753906,85
3386,380.738210346681,371.157592029263,303.030822753906,85
3387,371.106425378103,370.956232850861,303.030822753906,85
3388,364.658248181762,370.478411583604,303.030822753906,85
3389,372.321131176245,370.400365305684,303.030822753906,85
3390,363.098790052662,369.952322926257,303.030822753906,85
3391,373.921321446554,370.166635896651,303.030822753906,85
3392,370.88541417492,370.184035205647,303.030822753906,85
3393,375.439265684342,370.315452376529,303.030822753906,85
3394,368.559792145529,370.086127251408,303.030822753906,85
3395,371.709357244437,370.13694015758,303.030822753906,85
3396,373.273381698959,370.122481528169,303.043060302734,85
3397,359.138894863863,369.709955624455,303.043060302734,85
3398,379.15937041349,369.981178864067,303.043060302734,85
3399,373.430052814383,369.932508826376,303.043060302734,85
3400,379.54839860113,370.049909281207,303.043060302734,85
3401,372.112826926507,369.947278208038,303.043060302734,85
3402,371.6828105071,369.625083846046,303.043060302734,85
3403,377.389411075234,369.573181261366,303.043060302734,85
3404,375.098390492643,369.615969263874,303.043060302734,85
3405,375.412481816533,370.128438917449,303.043060302734,85
3406,371.850973191557,369.866304442295,303.043060302734,85
3407,373.766924401096,372.053006012486,303.043060302734,85
3408,351.710391417584,371.406995714495,303.043060302734,85
3409,365.884188424564,371.186627988899,303.043060302734,85
3410,380.522580539786,371.696761320627,303.043060302734,85
3411,371.855879521217,371.341468087608,303.043060302734,85
3412,371.009592702355,371.337594780578,303.043060302734,85
3413,368.692178120031,371.498951978109,303.043060302734,85
3414,376.553901836444,371.668262804517,303.043060302734,85
3415,368.28396170123,371.87566967046,303.043060302734,85
3416,367.734999214199,371.628216781165,303.043060302734,85
3417,376.438707338718,371.850348507717,303.043060302734,85
3418,364.68616886706,371.420224635026,303.043060302734,85
3419,361.961527056926,371.156294031482,303.043060302734,85
3420,378.591244630023,371.431569526905,302.982788085938,85
3421,374.388467545492,371.476172960767,302.982788085938,85
3422,372.791913885106,372.022293721616,302.982788085938,85
3423,374.001572523944,371.815981806035,302.982788085938,85
3424,378.3139279641,372.011336812023,302.982788085938,85
3425,373.280212923282,371.760609384909,302.982788085938,85
3426,379.524791507398,372.057087968145,302.982788085938,85
3427,370.684522649822,372.017156453854,302.982788085938,85
3428,379.445558459388,372.09940234922,302.982788085938,85
3429,371.846483314841,371.969326062108,302.982788085938,85
3430,375.963246239133,371.991356639012,302.982788085938,85
3431,372.311010437484,372.009758128849,302.982788085938,85
3432,375.036429583479,372.060538336144,302.982788085938,85
3433,360.007165457327,372.392409297734,302.982788085938,85
3434,378.450459740403,372.895060150368,302.982788085938,85
3435,372.092664375587,372.5578635038,302.982788085938,85
3436,378.145912797511,372.809464834851,302.982788085938,85
3437,372.149223572225,372.855050069646,302.982788085938,85
3438,384.00419645003,373.467530802846,302.982788085938,85
3439,372.781801433178,373.316646786715,302.982788085938,85
3440,369.163674566149,373.351835301312,302.982788085938,85
3441,374.725730234682,373.631464542131,302.982788085938,85
3442,366.342379549693,373.22761143057,302.982788085938,85
3443,369.437680688764,373.417671903439,302.982788085938,85
3444,376.201838284093,373.987284352525,303.827545166016,85
3445,368.972740634572,373.602544192707,303.827545166016,85
3446,365.204306605688,373.235177755115,303.827545166016,85
3447,378.820994286762,373.476340971181,303.827545166016,85
3448,369.86727313895,373.310968995782,303.827545166016,85
3449,376.779383466871,373.249587215892,303.827545166016,85
3450,376.721996393133,373.387258554687,303.827545166016,85
3451,374.820472900287,373.199085810402,303.827545166016,85
3452,376.414332791283,373.428278216061,303.827545166016,85
3453,373.071214530918,373.173304458922,303.827545166016,85
3454,376.545856738417,373.361279395865,303.827545166016,85
3455,360.48471136624,372.742138000949,303.827545166016,85
3456,372.566919590439,372.752374367067,303.827545166016,85
3457,375.270971036346,372.761756025182,303.827545166016,85
3458,367.354833997528,373.05566276679,303.827545166016,85
3459,366.420643415804,372.574470113806,303.827545166016,85
3460,368.404055781705,372.426925770051,303.827545166016,85
3461,376.302087256062,372.353172748393,303.827545166016,85
3462,379.269375036916,372.63797880698,303.827545166016,85
3463,373.622700283829,372.222718960332,303.827545166016,85
3464,374.890016242795,372.307047552717,303.827545166016,85
3465,379.287439217711,372.71199813878,303.827545166016,85
3466,359.875664857936,372.11799552371,303.827545166016,85
3467,372.68917925751,372.371867512022,303.827545166016,85
3468,370.153110524689,372.400484705459,304.573669433594,85
3469,374.865050280041,372.347013185297,304.573669433594,85
3470,365.430563567319,372.205326102607,304.573669433594,85
3471,374.821931107192,372.590031082667,304.573669433594,85
3472,374.744932111135,372.426988595642,304.573669433594,85
3473,376.774631220883,372.70328291892,304.573669433594,85
3474,374.30672727046,372.604376671063,304.573669433594,85
3475,372.009214448242,372.415865393267,304.573669433594,85
3476,373.822618089369,372.375951200831,304.573669433594,85
3477,369.743930719038,372.109135117941,304.573669433594,85
3478,370.712121080793,372.014771379936,304.573669433594,85
3479,377.862957251912,372.067455400476,304.573669433594,85
3480,376.849677115785,372.722054030458,304.573669433594,85
3481,369.887881132757,372.61489249215,304.573669433594,85
3482,371.005478192402,372.444272778393,304.573669433594,85
3483,370.262883655362,372.560594764706,304.573669433594,85
3484,376.27526255542,372.954779530291,304.573669433594,85
3485,374.739301584001,373.208189362382,304.573669433594,85
3486,375.50944853023,373.176483813349,304.573669433594,85
3487,369.877133898997,372.800794167832,304.573669433594,85
3488,377.376871271435,372.950961007337,304.573669433594,85
3489,378.061975710085,373.077839386028,304.573669433594,85
3490,378.08866057345,373.029888240258,304.573669433594,85
3491,372.01529916256,373.515473612443,304.573669433594,85
3492,378.808397235952,373.76024233158,305.452423095703,85
3493,364.489717467356,373.533706609287,305.452423095703,85
3494,381.988663784827,373.818651149479,305.452423095703,85
3495,375.267502806454,374.212128719044,305.452423095703,85
3496,379.019469386428,374.380030250213,305.452423095703,85
3497,375.558129571773,374.412558148639,305.452423095703,85
3498,369.142483885514,374.107272255224,305.452423095703,85
3499,374.634809706474,374.120395552665,305.452423095703,85
3500,377.065472993701,374.322645894483,305.452423095703,85
3501,380.61781148442,374.594453630285,305.452423095703,85
3502,373.280604760602,374.735920591947,305.452423095703,85
3503,375.125044767636,374.912437539421,305.452423095703,85
3504,373.590163633001,374.741525794665,305.452423095703,85
3505,371.306299026808,374.519790671106,305.452423095703,85
3506,377.800458982426,374.836293785093,305.452423095703,85
3507,381.894373489661,375.271849596983,305.452423095703,85
3508,375.328858819399,375.474488603544,305.452423095703,85
3509,373.276738865517,375.354547655948,305.452423095703,85
3510,378.733992622134,375.514335297474,305.452423095703,85
3511,375.36194733072,375.508435249493,305.452423095703,85
3512,378.996006057272,375.873190135824,305.452423095703,85
3513,373.401491659652,375.714174951353,305.452423095703,85
3514,380.369064468189,375.806458501677,305.452423095703,85
3515,375.280415866808,375.694128713411,305.452423095703,85
3516,380.669171236563,376.040283596371,306.859405517578,85
3517,370.193820482314,375.695700526226,306.859405517578,85
3518,374.328665460301,376.089258445944,306.859405517578,85
3519,383.645932977836,376.155549213664,306.859405517578,85
3520,383.817609389334,376.497553476979,306.859405517578,85
3521,374.051782900439,376.29884601754,306.859405517578,85
3522,375.409400292757,376.292896846379,306.859405517578,85
3523,371.111556810118,376.371659763363,306.859405517578,85
3524,353.466158395224,375.524913710913,306.859405517578,85
3525,370.519466658709,375.263073457514,306.859405517578,85
3526,380.510621347901,375.258785852053,306.859405517578,85
3527,374.909930745821,375.323958891462,306.859405517578,85
3528,374.517028295405,375.299638232572,306.859405517578,85
3529,373.756961227943,375.30631013637,306.859405517578,85
3530,379.190831684138,375.621691442663,306.859405517578,85
3531,378.776865468506,375.660747702106,306.859405517578,85
3532,379.500028511178,375.564973902967,306.859405517578,85
3533,371.031460346706,375.39307796406,306.859405517578,85
3534,368.244830759331,375.191801639812,306.859405517578,85
3535,372.911874595432,374.958916918744,306.859405517578,85
3536,377.668917151452,375.051195711573,306.859405517578,85
3537,372.960487257922,374.809774959599,306.859405517578,85
3538,377.572528424231,374.976616430182,306.859405517578,85
3539,369.475781132577,374.540885096758,306.859405517578,85
3540,370.779987829831,374.360867975279,308.524322509766,85
3541,373.00982326134,374.05449405627,308.524322509766,85
3542,378.153417159785,374.372877923369,308.524322509766,85
3543,382.359934128802,374.694128670109,308.524322509766,85
3544,382.19418849703,374.636058890876,308.524322509766,85
3545,386.499401628798,374.743330580455,308.524322509766,85
3546,375.090907893012,374.784895580158,308.524322509766,85
3547,375.165821434426,374.775152425825,308.524322509766,85
3548,377.554329743934,375.032863343177,308.524322509766,85
3549,382.316654017405,376.186883168065,308.524322509766,85
3550,375.348524073496,376.380045464656,308.524322509766,85
3551,376.652408881953,376.225716966018,308.524322509766,85
3552,376.131830529394,376.274592957361,308.524322509766,85
3553,378.347703337375,376.42781995904,308.524322509766,85
3554,376.054249354753,376.519711484112,308.524322509766,85
3555,380.70770620996,376.580386465145,308.524322509766,85
3556,379.328335178847,376.602445253559,308.524322509766,85
3557,375.534207825197,376.44381242612,308.524322509766,85
3558,375.679772257707,376.62974490256,308.524322509766,85
3559,380.677280748745,377.127042902136,308.524322509766,85
3560,376.385989966891,377.266007516995,308.524322509766,85
3561,381.063289502321,377.401782411029,308.524322509766,85
3562,377.584586967162,377.586746399399,308.524322509766,85
3563,378.081281192667,377.607096510136,308.524322509766,85
3564,371.527455347322,377.689163478726,310.273284912109,85
3565,373.073823677747,377.780916912643,310.273284912109,85
3566,375.179882559348,377.867719284563,310.273284912109,85
3567,376.495361250256,377.801397048182,310.273284912109,85
3568,375.288405066107,377.518535885674,310.273284912109,85
3569,376.65413422212,377.296933714678,310.273284912109,85
3570,379.033744604582,376.998307433709,310.273284912109,85
3571,382.043060046452,377.276393519847,310.273284912109,85
3572,379.538260523587,377.451291083413,310.273284912109,85
3573,356.176832895669,376.596191209483,310.273284912109,85
3574,379.789108715373,376.495089397401,310.273284912109,85
3575,380.771101588278,376.711992497993,310.273284912109,85
3576,375.176337350527,376.652949636736,310.273284912109,85
3577,381.182368105141,376.854971139766,310.273284912109,85
3578,377.822515438242,376.8339636238,310.273284912109,85
3579,379.911493095596,376.988253373434,310.273284912109,85
3580,379.287962647825,376.931463630948,310.273284912109,85
3581,370.888111084485,376.593854667174,310.273284912109,85
3582,381.045731123025,376.814315599087,310.273284912109,85
3583,374.948636376965,376.785070163857,310.273284912109,85
3584,376.559219775862,376.620347724942,310.273284912109,85
3585,375.478530469552,376.584049345048,310.273284912109,85
3586,377.684728871722,376.448906919824,310.273284912109,85
3587,381.540586143147,376.607146886864,310.273284912109,85
3588,376.060271460668,376.526306497584,311.727478027344,85
3589,383.708905508002,377.013564504011,311.727478027344,85
3590,380.900739256799,377.326641127173,311.727478027344,85
3591,377.061875039752,377.401920826389,311.727478027344,85
3592,371.539024784943,377.203667367777,311.727478027344,85
3593,373.571290549143,377.134982787098,311.727478027344,85
3594,381.143722178937,377.314566305371,311.727478027344,85
3595,374.689403806375,377.140792673443,311.727478027344,85
3596,376.240247690304,376.908680179197,311.727478027344,85
3597,373.855347321978,376.681363651132,311.727478027344,85
3598,378.076796821884,377.557362208181,311.727478027344,85
3599,379.617958780292,377.550516210778,311.727478027344,85
3600,377.149464431122,377.405650724492,311.727478027344,85
3601,378.170293837347,377.525408983964,311.727478027344,85
3602,371.15507520779,377.12431726807,311.727478027344,85
3603,378.4994362886,377.151394102085,311.727478027344,85
3604,374.997245005652,376.954824178487,311.727478027344,85
3605,379.466802359579,376.961977766957,311.727478027344,85
3606,370.13501975924,376.931854113947,311.727478027344,85
3607,372.538670798289,376.591571700958,311.727478027344,85
3608,376.634320997767,376.65899908579,311.727478027344,85
3609,368.742892125715,376.346345979784,311.727478027344,85
3610,377.388090556705,376.42272838327,311.727478027344,85
3611,381.246157002746,376.565185508511,311.727478027344,85
3612,376.222696163156,376.352469909311,313.550109863281,85
3613,374.484560030346,376.289441452099,313.550109863281,85
3614,377.311597694618,376.033549139563,313.550109863281,85
3615,377.00345604281,375.877657811004,313.550109863281,85
3616,382.758327794077,376.105515921177,313.550109863281,85
3617,375.524284111436,376.264926294236,313.550109863281,85
3618,371.613911333005,376.186631125591,313.550109863281,85
3619,374.277039827645,375.911963831539,313.550109863281,85
3620,374.403264593524,375.900518263025,313.550109863281,85
3621,378.061299510471,375.973360335832,313.550109863281,85
3622,382.55521347664,376.321354982018,313.550109863281,85
3623,375.909154648663,376.234649295089,313.550109863281,85
3624,379.388572308988,376.225473836237,313.550109863281,85
3625,376.069279351197,376.18226643304,313.550109863281,85
3626,373.767780693308,376.006165907279,313.550109863281,85
3627,377.080802759322,376.24319500934,313.550109863281,85
3628,376.263538601727,376.153759101865,313.550109863281,85
3629,377.735707027878,376.263297582754,313.550109863281,85
3630,371.702107418514,375.952709785111,313.550109863281,85
3631,380.243366152223,376.357043640831,313.550109863281,85
3632,378.574246571936,376.598466671777,313.550109863281,85
3633,380.233548382349,376.74243576716,313.550109863281,85
3634,376.749279680891,377.062691269367,313.550109863281,85
3635,351.201074615294,376.015210631711,313.550109863281,85
3636,382.878901892158,376.080520427287,314.921325683594,85
3637,376.104686818849,376.075800053515,314.921325683594,85
3638,381.588020094034,376.359938456062,314.921325683594,85
3639,362.602387945262,375.771570066088,314.921325683594,85
3640,377.686093116475,375.798875549035,314.921325683594,85
3641,376.700099291339,375.556546408925,314.921325683594,85
3642,380.707764365965,375.763885619106,314.921325683594,85
3643,380.226851019825,376.108403206579,314.921325683594,85
3644,377.507690539753,376.237629235063,314.921325683594,85
3645,373.233872382094,376.190853546606,314.921325683594,85
3646,375.399089724372,376.084365155162,314.921325683594,85
3647,378.569339745581,375.92493020592,314.921325683594,85
3648,379.171188413508,376.055411556514,314.921325683594,85
3649,383.90257915304,376.235971830276,314.921325683594,85
3650,371.341342093235,376.046854339957,314.921325683594,85
3651,370.023749055555,375.897093074447,314.921325683594,85
3652,370.58689517665,375.63733677114,314.921325683594,85
3653,377.154038829284,375.672956780243,314.921325683594,85
3654,379.761472124466,375.753987384106,314.921325683594,85
3655,379.517250098901,376.066593091322,314.921325683594,85
3656,376.143006940525,375.902578722854,314.921325683594,85
3657,365.399523450616,375.375589798001,314.921325683594,85
3658,378.364993155028,375.300847588908,314.921325683594,85
3659,381.402438614985,375.486973946272,314.921325683594,85
3660,366.679586537085,376.106114423143,316.406707763672,85
3661,376.405086523813,375.84716180841,316.406707763672,85
3662,383.118192482783,376.127702034967,316.406707763672,85
3663,373.560347676131,375.806595138251,316.406707763672,85
3664,377.562074340085,376.404982594044,316.406707763672,85
3665,382.049273373761,376.579509804335,316.406707763672,85
3666,377.370775391701,376.60633684835,316.406707763672,85
3667,381.002276412704,376.618117330219,316.406707763672,85
3668,384.070600566274,376.771867312077,316.406707763672,85
3669,382.461504026244,376.970019851537,316.406707763672,85
3670,382.863015287699,377.355185567761,316.406707763672,85
3671,380.416819750815,377.555894768819,316.406707763672,85
3672,380.702214700036,377.641209766997,316.406707763672,85
3673,377.798634320881,377.586307603292,316.406707763672,85
3674,380.794726019278,377.461993477941,316.406707763672,85
3675,370.844518311608,377.442120526676,316.406707763672,85
3676,382.149738840693,377.927160118082,316.406707763672,85
3677,374.71832554697,378.092417332895,316.406707763672,85
3678,375.953858759005,378.044410130083,316.406707763672,85
3679,377.935812450195,377.971383743113,316.406707763672,85
3680,380.462205085715,378.009181942585,316.406707763672,85
3681,377.786691168977,378.074929311723,316.406707763672,85
3682,378.07767277194,378.582055284576,316.406707763672,85
3683,378.148959394083,378.573413934138,316.406707763672,85
3684,378.074446450815,378.440294247572,318.900543212891,85
3685,378.070881019792,378.89594602688,318.900543212891,85
3686,372.414126895396,378.736307641743,318.900543212891,85
3687,377.699853614655,378.519574087018,318.900543212891,85
3688,370.384099802327,378.392524172066,318.900543212891,85
3689,378.65190150796,378.436117258781,318.900543212891,85
3690,375.905590824534,378.190369956812,318.900543212891,85
3691,379.784881903543,378.286934217286,318.900543212891,85
3692,377.022051843415,378.127725234514,318.900543212891,85
3693,377.929337111389,377.882074696319,318.900543212891,85
3694,385.675548915133,378.010636491874,318.900543212891,85
3695,377.231332966491,377.785369199026,318.900543212891,85
3696,374.593398210937,377.552432337431,318.900543212891,85
3697,379.427272244347,377.501434639203,318.900543212891,85
3698,381.903444305376,377.665627038583,318.900543212891,85
3699,375.135646972092,377.439263876696,318.900543212891,85
3700,378.476365742267,377.744537773922,318.900543212891,85
3701,378.472297670624,377.597440127119,318.900543212891,85
3702,381.095800205531,377.852539113462,318.900543212891,85
3703,376.434481101422,377.871764007158,318.900543212891,85
3704,376.810858527223,377.826765850239,318.900543212891,85
3705,377.005660142138,377.688504052496,318.900543212891,85
3706,384.961500786707,377.975496437205,318.900543212891,85
3707,378.744594640672,378.002173311955,318.900543212891,85
3708,380.6679919486,378.102934614135,320.566680908203,85
3709,381.443233242825,378.237686085816,320.566680908203,85
3710,377.181053534118,378.202092986389,320.566680908203,85
3711,381.929109433969,378.582692287932,320.566680908203,85
3712,382.620270088931,378.779508946903,320.566680908203,85
3713,371.85897086134,378.838503789263,320.566680908203,85
3714,377.919209501955,378.809196109023,320.566680908203,85
3715,377.633051510595,378.878294536466,320.566680908203,85
3716,371.992068263149,378.56658199085,320.566680908203,85
3717,375.414476665039,378.502278983715,320.566680908203,85
3718,383.518248554784,378.725835441451,320.566680908203,85
3719,377.89215974746,378.414499874744,320.566680908203,85
3720,376.59397054444,378.389005377862,320.566680908203,85
3721,379.156386532055,378.571524910706,320.566680908203,85
3722,368.28806828052,378.125956752153,320.566680908203,85
3723,378.774806538578,378.000811241481,320.566680908203,85
3724,379.146647704267,378.161251270768,320.566680908203,85
3725,379.832057850875,378.215478955113,320.566680908203,85
3726,382.681474913647,378.383846044834,320.566680908203,85
3727,379.671539670835,378.326875623446,320.566680908203,85
3728,380.011075144166,378.469939385155,320.566680908203,85
3729,379.908448322097,378.59384297695,320.566680908203,85
3730,383.768448259125,378.86435450163,320.566680908203,85
3731,381.460929313358,378.724331642696,320.566680908203,85
3732,381.496246349716,378.834397711058,322.173248291016,85
3733,378.759535602843,378.758059457227,322.173248291016,85
3734,382.306766464091,378.792600786078,322.173248291016,85
3735,384.251548916788,379.075420601385,322.173248291016,85
3736,382.397531345201,379.094157477834,322.173248291016,85
3737,381.068117617085,379.03207137896,322.173248291016,85
3738,380.91514322732,379.394318273599,322.173248291016,85
3739,379.246684321036,379.447417266363,322.173248291016,85
3740,377.978607171886,379.461239492814,322.173248291016,85
3741,378.52516246522,379.722563260897,322.173248291016,85
3742,379.967035594535,379.904665618077,322.173248291016,85
3743,383.88169321988,379.919203404681,322.173248291016,85
3744,377.820903998866,379.916353174737,322.173248291016,85
3745,380.795188547928,380.084401894877,322.173248291016,85
3746,378.551527101569,380.060207517657,322.173248291016,85
3747,375.369906957649,380.343481064742,322.173248291016,85
3748,384.069382495235,380.555264103009,322.173248291016,85
3749,376.413737661467,380.445947701297,322.173248291016,85
3750,382.074867833891,380.535660100617,322.173248291016,85
3751,372.118313800192,380.113133656079,322.173248291016,85
3752,378.395417816328,380.062088781899,322.173248291016,85
3753,382.647569680737,380.167548563362,322.173248291016,85
3754,374.223452649858,379.940148736472,322.173248291016,85
3755,385.354472597022,380.003589709988,322.173248291016,85
3756,383.6772437571,380.092242287738,323.942443847656,85
3757,380.866608085498,380.067056757169,323.942443847656,85
3758,378.625321825235,380.061688206065,323.942443847656,85
3759,380.891859553258,380.005091929631,323.942443847656,85
3760,379.756702532646,379.825298074266,323.942443847656,85
3761,380.981492015176,379.768656501065,323.942443847656,85
3762,380.19376778303,379.733682507703,323.942443847656,85
3763,373.755499479223,379.447296757779,323.942443847656,85
3764,378.762205938037,379.427917622459,323.942443847656,85
3765,383.369675936831,379.643560373056,323.942443847656,85
3766,374.884666235812,379.49794052388,323.942443847656,85
3767,379.578334314172,379.482392472666,323.942443847656,85
3768,378.763238785425,379.277654295287,323.942443847656,85
3769,379.620149303258,379.349624107463,323.942443847656,85
3770,375.95048215394,379.155835851704,323.942443847656,85
3771,383.512505950481,379.35427500566,323.942443847656,85
3772,382.882084563168,379.654762109881,323.942443847656,85
3773,381.169249054535,379.538756772253,323.942443847656,85
3774,381.135892264146,379.72764295636,323.942443847656,85
3775,375.990445370588,379.484266057828,323.942443847656,85
3776,376.488149845933,379.659059499658,323.942443847656,85
3777,380.576023567322,379.746283729697,323.942443847656,85
3778,382.778263807176,379.751511494755,323.942443847656,85
3779,379.416192539059,379.959221090323,323.942443847656,85
3780,377.752611228667,379.655146635589,325.038970947266,85
3781,375.616712099441,379.332725369282,325.038970947266,85
3782,382.36322019733,379.392589853756,325.038970947266,85
3783,375.494858921255,379.267371337596,325.038970947266,85
3784,387.260934811607,379.52213434793,325.038970947266,85
3785,381.139638550068,379.577451788627,325.038970947266,85
3786,379.160011044012,379.504592549781,325.038970947266,85
3787,382.244953575594,379.586639981483,325.038970947266,85
3788,376.388619432717,379.691964779623,325.038970947266,85
3789,381.209891746292,379.789872211953,325.038970947266,85
3790,377.705026400667,379.563286230507,325.038970947266,85
3791,383.416439640663,379.904557166701,325.038970947266,85
3792,378.463819309153,379.8599765665,325.038970947266,85
3793,379.551931466986,379.891524273762,325.038970947266,85
3794,375.396660137868,379.722584707147,325.038970947266,85
3795,375.991287821837,379.724216933862,325.038970947266,85
3796,378.820389024922,379.53653225684,325.038970947266,85
3797,375.086852079697,379.224722957501,325.038970947266,85
3798,377.076722233705,379.061021884668,325.038970947266,85
3799,375.166440967722,378.822243832811,325.038970947266,85
3800,381.768156372803,379.0533522729,325.038970947266,85
3801,380.587756524728,379.217336540052,325.038970947266,85
3802,381.430634610734,379.251520981788,325.038970947266,85
3803,362.501499522651,378.440450410407,325.038970947266,85
3804,372.60984133966,378.168196362431,325.936126708984,85
3805,379.840011644978,378.251692379084,325.936126708984,85
3806,380.777095094687,378.458107698893,325.936126708984,85
3807,384.122870419315,378.528493707773,325.936126708984,85
3808,380.011154035221,378.709145512331,325.936126708984,85
3809,381.977122006457,378.497793000125,325.936126708984,85
3810,379.512759562722,378.432717840632,325.936126708984,85
3811,383.22327157802,378.595248261992,325.936126708984,85
3812,376.291465760547,378.35710874939,325.936126708984,85
3813,376.799955442362,378.373562189776,325.936126708984,85
3814,363.118126268194,377.649891570652,325.936126708984,85
3815,376.723900902495,377.610646550725,325.936126708984,85
3816,381.377159296419,377.529075336955,325.936126708984,85
3817,374.629648786083,377.375708516032,325.936126708984,85
3818,379.503473293945,377.373770189111,325.936126708984,85
3819,375.898014644417,377.393824369373,325.936126708984,85
3820,382.182218823058,377.641461609422,325.936126708984,85
3821,372.514961777329,377.389244519518,325.936126708984,85
3822,385.562023934303,377.808251393702,325.936126708984,85
3823,386.214770355763,378.173773318584,325.936126708984,85
3824,378.757157020858,378.31740196071,325.936126708984,85
3825,382.478762708893,378.345826214153,325.936126708984,85
3826,363.989985414553,377.681915369746,325.936126708984,85
3827,380.905412929939,377.660906502515,325.936126708984,85
3828,382.943434916806,378.478583918281,326.554626464844,85
3829,379.211128608146,378.74263540902,326.554626464844,85
3830,382.151633102351,378.835100267315,326.554626464844,85
3831,348.563450613515,377.546554488069,326.554626464844,85
3832,383.069941755301,377.504437341508,326.554626464844,85
3833,383.258216330911,377.634319833335,326.554626464844,85
3834,381.224217315167,377.604203645684,326.554626464844,85
3835,377.314411454126,377.51626972134,326.554626464844,85
3836,383.810470754113,377.539757688384,326.554626464844,85
3837,384.915925132115,377.884736063247,326.554626464844,85
3838,383.479863227178,378.151932374639,326.554626464844,85
3839,380.187138787278,378.834692875403,326.554626464844,85
3840,361.917317805999,378.242429551543,326.554626464844,85
3841,375.882918790878,378.022659931321,326.554626464844,85
3842,384.869076901031,378.432237055919,326.554626464844,85
3843,378.959096658081,378.410461990484,326.554626464844,85
3844,384.338248286538,378.748071336169,326.554626464844,85
3845,369.776694230509,378.251850352467,326.554626464844,85
3846,381.257434837965,378.601549274893,326.554626464844,85
3847,380.938963901424,378.416626873578,326.554626464844,85
3848,378.521187146934,378.108883545224,326.554626464844,85
3849,348.800166868872,376.910603939145,326.554626464844,85
3850,387.441913664057,377.109129977352,326.554626464844,85
3851,353.090316147586,376.673143206673,326.554626464844,85
3852,385.338843257937,376.850480419793,326.452087402344,85
3853,374.492666761878,376.512449693596,326.452087402344,85
3854,379.205893117504,376.51224027397,326.452087402344,85
3855,384.627071082683,376.611257793183,326.452087402344,85
3856,379.082805449671,377.832031986629,326.452087402344,85
3857,382.838610126147,377.822778721463,326.452087402344,85
3858,381.047815051091,377.734362670271,326.452087402344,85
3859,376.420168442228,377.542200715353,326.452087402344,85
3860,384.04717382824,377.811511210318,326.452087402344,85
3861,386.167845162101,377.905806186637,326.452087402344,85
3862,382.483614897793,377.808513777264,326.452087402344,85
3863,382.119697652788,377.754107154289,326.452087402344,85
3864,381.686292332666,377.814073296104,326.452087402344,85
3865,386.415278062659,378.79399170637,326.452087402344,85
3866,382.109117712858,379.04303966325,326.452087402344,85
3867,379.299134851531,378.82024198127,326.452087402344,85
3868,368.567613087318,378.404582638439,326.452087402344,85
3869,382.553633100958,378.333198031016,326.452087402344,85
3870,374.897625807348,378.53803529409,326.452087402344,85
3871,380.905529913466,378.52395909711,326.452087402344,85
3872,383.155573868353,378.612623495787,326.452087402344,85
3873,380.188369441066,378.679310787552,326.452087402344,85
3874,383.218454449945,380.056042290795,326.452087402344,85
3875,383.832098272512,379.911649675133,326.452087402344,85
3876,381.606130181608,381.052282236494,327.483306884766,85
3877,365.431009261661,380.255968876643,327.483306884766,85
3878,384.643636783931,380.662007677525,327.483306884766,85
3879,383.319064135831,380.826534518258,327.483306884766,85
3880,383.638093882027,380.786975430232,327.483306884766,85
3881,382.332863820867,380.91697776508,327.483306884766,85
3882,383.126048965838,380.928475318667,327.483306884766,85
3883,381.518659615955,380.947309101262,327.483306884766,85
3884,381.606206345299,381.154750617385,327.483306884766,85
3885,383.813766881418,381.145414339512,327.483306884766,85
3886,382.6648366972,381.005294000916,327.483306884766,85
3887,383.919510217483,381.062729813703,327.483306884766,85
3888,378.053382665953,380.90007721423,327.483306884766,85
3889,383.428407944982,380.969761838723,327.483306884766,85
3890,386.639422202078,380.978727604299,327.483306884766,85
3891,377.597190293013,380.798250507506,327.483306884766,85
3892,384.097742993734,380.990194833194,327.483306884766,85
3893,380.997104463381,381.487374488236,327.483306884766,85
3894,383.516372630433,381.525884069415,327.483306884766,85
3895,380.591439181333,381.753636604375,327.483306884766,85
3896,384.186983669206,381.884894754604,327.483306884766,85
3897,377.449629822248,381.65665699276,327.483306884766,85
3898,347.610985502699,380.353561635225,327.483306884766,85
3899,356.251072402339,379.274866353321,327.483306884766,85
3900,386.465882930912,379.380217739657,328.270874023438,85
3901,383.416119478418,379.45261731153,328.270874023438,85
3902,383.588075495279,380.178899960874,328.270874023438,85
3903,383.49509329934,380.132958221491,328.270874023438,85
3904,382.09405876138,380.083958006513,328.270874023438,85
3905,385.860302723804,380.172846360184,328.270874023438,85
3906,377.547192883163,379.981419522675,328.270874023438,85
3907,384.281068440906,380.027620301678,328.270874023438,85
3908,376.533371784785,379.828208788431,328.270874023438,85
3909,376.658511803628,379.630301006765,328.270874023438,85
3910,381.625390413357,379.542765948042,328.270874023438,85
3911,380.633645365287,379.461518294766,328.270874023438,85
3912,381.332291857988,379.358029560386,328.270874023438,85
3913,380.097975869755,379.439813288538,328.270874023438,85
3914,381.283531869634,379.354018245524,328.270874023438,85
3915,385.256989870373,379.298720952256,328.270874023438,85
3916,383.440544369828,379.532455115329,328.270874023438,85
3917,381.56429341503,379.43111713218,328.270874023438,85
3918,359.061895941649,378.553708791311,328.270874023438,85
3919,382.605355777408,378.51726811719,328.270874023438,85
3920,384.992792137793,378.693322235448,328.270874023438,85
3921,378.812515589919,378.478343512277,328.270874023438,85
3922,378.937622841854,378.537863233061,328.270874023438,85
3923,367.36412395161,379.327988771018,328.270874023438,85
3924,354.407547974756,379.254247793914,329.831787109375,85
3925,373.244072458501,378.725375375018,329.831787109375,85
3926,387.134608572939,378.874114938799,329.831787109375,85
3927,377.825335970064,378.64360535779,329.831787109375,85
3928,383.621038636791,378.648643171288,329.831787109375,85
3929,384.657466987668,378.75117950034,329.831787109375,85
3930,383.649165129707,378.662733996576,329.831787109375,85
3931,382.773931344156,378.871803535016,329.831787109375,85
3932,384.197749503503,378.868470777519,329.831787109375,85
3933,374.860433635959,378.801553251566,329.831787109375,85
3934,360.697677430685,378.163119876649,329.831787109375,85
3935,388.906014294633,378.4543448319,329.831787109375,85
3936,384.006221336698,378.589247870756,329.831787109375,85
3937,383.466110926056,378.674600633479,329.831787109375,85
3938,377.337601944271,378.564185676459,329.831787109375,85
3939,386.698787494493,378.780795901454,329.831787109375,85
3940,382.70453609294,378.678697750356,329.831787109375,85
3941,379.868391604984,378.535811639763,329.831787109375,85
3942,383.953405126402,378.631376108218,329.831787109375,85
3943,384.143028881534,379.634621425813,329.831787109375,85
3944,380.383364394289,379.545741770488,329.831787109375,85
3945,370.350560056193,378.960052487224,329.831787109375,85
3946,376.951507655484,378.885612169847,329.831787109375,85
3947,386.737093662032,379.197591002654,329.831787109375,85
3948,382.713233807636,379.811555396895,330.496704101562,85
3949,386.004161929032,381.075419955066,330.496704101562,85
3950,384.529314150849,381.52682962276,330.496704101562,85
3951,385.930023741317,381.478646229495,330.496704101562,85
3952,385.020373086969,381.766447714171,330.496704101562,85
3953,383.544844165301,381.763399935312,330.496704101562,85
3954,383.344663181828,381.710887783078,330.496704101562,85
3955,384.54970490727,381.74690937418,330.496704101562,85
3956,377.415769271206,381.532582891263,330.496704101562,85
3957,388.633152384922,381.709999006519,330.496704101562,85
3958,379.011487358203,381.876041155409,330.496704101562,85
3959,356.97411466647,381.72709864484,330.496704101562,85
3960,383.063016869185,381.493378747823,330.496704101562,85
3961,380.700765024732,381.361160495344,330.496704101562,85
3962,386.496754330474,381.482386231521,330.496704101562,85
3963,382.395487652294,381.684701659841,330.496704101562,85
3964,383.254792304169,381.546941852229,330.496704101562,85
3965,380.609114363178,381.463124983038,330.496704101562,85
3966,382.466391789949,381.567044990437,330.496704101562,85
3967,383.377283776352,381.544000136435,330.496704101562,85
3968,381.487552918715,381.437781097922,330.496704101562,85
3969,383.463471532898,381.560985383466,330.496704101562,85
3970,375.5459294903,381.76880016083,330.496704101562,85
3971,381.360400470127,381.945155873416,330.496704101562,85
3972,380.472018343757,381.694552860685,331.129211425781,85
3973,381.959263098239,381.664394032309,331.129211425781,85
3974,380.398971566377,381.440186417803,331.129211425781,85
3975,379.073906667004,381.221970118449,331.129211425781,85
3976,382.256208056475,381.075017491056,331.129211425781,85
3977,382.468324319856,380.972935540371,331.129211425781,85
3978,383.314136575356,380.963707236773,331.129211425781,85
3979,381.698124118921,380.897845674257,331.129211425781,85
3980,380.913544033639,380.752399239312,331.129211425781,85
3981,378.730261968574,380.804978947207,331.129211425781,85
3982,377.670735082425,380.366482255107,331.129211425781,85
3983,387.002297595096,380.686114664582,331.129211425781,85
3984,382.717896414026,381.715865934485,331.129211425781,85
3985,384.504352854571,381.7735193739,331.129211425781,85
3986,379.368888793364,381.720244324645,331.129211425781,85
3987,382.132768608815,381.545684895779,331.129211425781,85
3988,379.765557007567,381.44048766999,331.129211425781,85
3989,378.351632720923,381.24436128666,331.129211425781,85
3990,383.166095085195,381.346640515541,331.129211425781,85
3991,382.841819342971,381.361657617662,331.129211425781,85
3992,379.693086460642,381.214289725033,331.129211425781,85
3993,384.25795515496,381.325105814483,331.129211425781,85
3994,383.869604708466,381.341351141506,331.129211425781,85
3995,379.393354451908,381.49524813997,331.129211425781,85
3996,381.938677479389,381.518379220341,331.978820800781,85
3997,383.717847662496,381.64821239309,331.978820800781,85
3998,383.149262757002,381.695812379441,331.978820800781,85
3999,382.031915142865,381.7611301225,331.978820800781,85
4000,382.975330623513,381.917187080761,331.978820800781,85
