episode,reward,avg_reward,q0,steps
1,-118.028019033175,-118.028019033175,1.27053808682831e-05,42
2,-124.466499974636,-121.247259503906,1.27053808682831e-05,53
3,-38.3321585357731,-93.6088925145282,1.27053808682831e-05,85
4,-85.4103529100102,-91.5592576133987,1.27053808682831e-05,85
5,-55.8375939034791,-84.4149248714148,1.27053808682831e-05,85
6,-88.4786978818376,-85.0922203731519,1.27053808682831e-05,85
7,-87.9602085585116,-85.5019329710604,1.27053808682831e-05,85
8,9.49658355194875,-73.6271184056843,1.27053808682831e-05,85
9,-165.139081675565,-83.79511432456,1.27053808682831e-05,85
10,3.90370557359897,-75.0252323347441,1.27053808682831e-05,85
11,-73.1128915871249,-74.8513831758696,1.27053808682831e-05,85
12,-82.9200018889162,-75.5237680686235,1.27053808682831e-05,85
13,-26.5297991809172,-71.7550012311076,1.27053808682831e-05,85
14,-65.9660260363523,-71.3415030029108,1.27053808682831e-05,85
15,-141.048033628954,-75.988605044647,1.27053808682831e-05,85
16,-210.45655773815,-84.392852087991,1.27053808682831e-05,85
17,-85.1859865253547,-84.4395070548947,1.27053808682831e-05,54
18,-101.169004328043,-85.3689235700696,1.27053808682831e-05,85
19,-131.644608272899,-87.8044859228501,1.27053808682831e-05,85
20,-48.4185280653415,-85.8351880299747,1.27053808682831e-05,85
21,-126.189708768121,-87.7568318746483,1.27053808682831e-05,77
22,-69.3144919842011,-86.9185436978098,1.27053808682831e-05,85
23,-141.948455294714,-89.3111485498491,1.27053808682831e-05,85
24,11.9140237187808,-85.0934330386562,1.27053808682831e-05,85
25,-162.971431492789,-88.2085529768215,1.27053808682831e-05,85
26,-62.2774788984091,-85.9785313714308,-17.5867252349854,85
27,-179.682763216662,-88.1871819011119,-17.5867252349854,85
28,-108.022162348969,-90.9747820536397,-17.5867252349854,85
29,-63.4175931105302,-90.0950716616605,-17.5867252349854,85
30,-95.9338021660968,-91.6989199921652,-17.5867252349854,85
31,-94.7808083001881,-91.9510044088992,-17.5867252349854,85
32,-63.1715104931748,-90.9594564862858,-17.5867252349854,85
33,-113.057108663586,-95.8616041749072,-17.5867252349854,85
34,-80.8976882701745,-92.4919484386915,-17.5867252349854,85
35,-79.7650115548657,-95.8386971238301,-17.5867252349854,85
36,-80.3423109206081,-96.1278738971695,-17.5867252349854,57
37,-95.5048500918848,-96.6312678252882,-17.5867252349854,85
38,-92.3416405700712,-99.2637414808544,-17.5867252349854,57
39,-95.767784540368,-100.455811821015,-17.5867252349854,43
40,-118.701637902229,-99.561955991946,-17.5867252349854,85
41,-102.949227046921,-95.2616627642968,-17.5867252349854,51
42,-163.301968258343,-98.3863020336163,-17.5867252349854,85
43,-110.47520708576,-98.758550143925,-17.5867252349854,43
44,-144.623070231749,-99.277688622279,-17.5867252349854,85
45,-229.129356649518,-106.506121765646,-17.5867252349854,85
46,-63.8493794251982,-104.012508591929,-17.5867252349854,85
47,-57.2900306088117,-103.531530136914,-17.5867252349854,85
48,-97.4525460630755,-101.751693767648,-17.5867252349854,85
49,-60.4657571634267,-104.646885002936,-17.5867252349854,85
50,-40.382500039213,-99.7433277447933,-17.5867252349854,85
51,-74.1712820030775,-100.21907986898,-17.5867252349854,85
52,-125.9852402427,-98.0711789500216,-28.5798683166504,85
53,-67.4001358707194,-96.4462978908916,-28.5798683166504,85
54,-88.7241805141351,-97.4585613870358,-28.5798683166504,85
55,-92.4388009505859,-97.3187613384153,-28.5798683166504,85
56,-189.101231826811,-101.09157827948,-28.5798683166504,85
57,-147.885180442585,-104.480125077457,-28.5798683166504,85
58,-54.3810814834579,-102.133083990252,-28.5798683166504,85
59,-60.0756940158923,-101.30020422008,-28.5798683166504,85
60,-253.244435222378,-108.239381166781,-28.5798683166504,85
61,-41.6492682972725,-106.691659461847,-28.5798683166504,85
62,-98.6828130815712,-106.818777981435,-28.5798683166504,85
63,-102.482402719864,-107.224408467426,-28.5798683166504,80
64,-52.9430112189172,-105.511417534568,-28.5798683166504,85
65,-82.9768214628654,-104.082424876994,-28.5798683166504,85
66,-163.461455367911,-106.502914009833,-28.5798683166504,85
67,-180.806029662335,-107.203076465993,-28.5798683166504,85
68,-53.8022416326629,-104.936157847869,-28.5798683166504,85
69,-117.671149710149,-103.858081027005,-28.5798683166504,75
70,-71.3416993652962,-97.5465747356364,-28.5798683166504,85
71,-167.725062631521,-101.701602063889,-28.5798683166504,85
72,-61.5504722869358,-101.872019731014,-28.5798683166504,85
73,-92.6095280416467,-101.678299010157,-28.5798683166504,41
74,-278.736084470869,-110.409112102455,-28.5798683166504,85
75,-101.351472622983,-112.847871005806,-28.5798683166504,85
76,-113.225278509904,-114.410030866079,-28.5798683166504,85
77,-192.106213845911,-117.054869810207,-36.1729736328125,77
78,-74.3720407844874,-117.333746006758,-36.1729736328125,85
79,-211.086213719683,-122.22822733498,-36.1729736328125,85
80,-49.7782126450327,-120.521803802758,-36.1729736328125,85
81,-64.4518164501282,-115.53582718769,-36.1729736328125,85
82,-133.994835058948,-114.980213372345,-36.1729736328125,85
83,-169.100207517824,-119.56897841372,-36.1729736328125,85
84,-43.9622502740656,-118.924440664046,-36.1729736328125,85
85,-146.95214016024,-114.672748861561,-36.1729736328125,85
86,-96.7709956990969,-116.877617957634,-36.1729736328125,85
87,-14.86070333755,-113.524733567873,-36.1729736328125,85
88,-159.392235757894,-115.801126889394,-36.1729736328125,85
89,-90.7605625090934,-117.313828941001,-36.1729736328125,85
90,-15.7969264457917,-114.626633140318,-36.1729736328125,85
91,-66.6849314721708,-110.755572184489,-36.1729736328125,85
92,-67.0074747725832,-106.203629988899,-36.1729736328125,85
93,-35.6786847798782,-105.478687714787,-36.1729736328125,85
94,-49.3848386914383,-102.747235274039,-36.1729736328125,85
95,-246.401923154282,-109.749644225598,-36.1729736328125,85
96,-196.82149713521,-110.913501605746,-36.1729736328125,85
97,-103.406457979181,-112.587741033436,-36.1729736328125,85
98,-68.5300793687585,-111.62456308652,-36.1729736328125,85
99,-128.899691032648,-105.631107348991,-36.1729736328125,77
100,-185.307435303388,-108.989345856208,-36.1729736328125,65
101,-61.7116392493973,-106.928800285787,-43.0226440429688,85
102,-8.25145129027103,-99.5746097835616,-43.0226440429688,85
103,-51.5746471824176,-98.6627140394788,-43.0226440429688,85
104,-77.0252516808033,-93.3002755579236,-43.0226440429688,85
105,-49.2456263567882,-93.2789721063939,-43.0226440429688,85
106,-72.6555996339239,-93.6071234337457,-43.0226440429688,85
107,-130.977984663669,-93.4864494179345,-43.0226440429688,85
108,-49.8438741923438,-88.7161960849153,-43.0226440429688,85
109,-262.45184425646,-97.4557798442111,-43.0226440429688,85
110,-130.589910231153,-96.8012906470476,-43.0226440429688,64
111,-38.414057846115,-94.4670131329283,-43.0226440429688,85
112,-30.3420061327746,-95.0862652447373,-43.0226440429688,85
113,-58.1775916314388,-91.0376794796792,-43.0226440429688,85
114,-186.193120444469,-94.8549817970942,-43.0226440429688,59
115,-86.4878010196035,-97.6826167800466,-43.0226440429688,85
116,-49.8096823991467,-97.0076068171257,-43.0226440429688,85
117,-78.0512307570926,-97.449357056506,-43.0226440429688,85
118,-71.9807583228158,-98.9014399982236,-43.0226440429688,85
119,-58.3336387137211,-99.2593919991149,-43.0226440429688,85
120,-58.9622916572006,-91.7618067392316,-43.0226440429688,85
121,-74.3492654932967,-86.8629174735551,-43.0226440429688,85
122,-71.3923131987373,-85.5823516823374,-43.0226440429688,85
123,-84.3786918275748,-86.21629618069,-43.0226440429688,85
124,-98.152625912501,-84.9864135758841,-43.0226440429688,85
125,-89.5081785766263,-81.1544433068137,-43.0226440429688,85
126,-69.6632441045362,-81.4725075010192,-44.4874725341797,85
127,-124.715762648831,-86.1310799553616,-44.4874725341797,85
128,-75.7838591846806,-87.0994484354521,-44.4874725341797,85
129,-159.87719564854,-90.4135261941616,-44.4874725341797,85
130,-73.8490792393551,-91.3976643094643,-44.4874725341797,85
131,-64.6645124620486,-91.0780208225893,-44.4874725341797,85
132,-126.186689988131,-90.8863690355678,-44.4874725341797,85
133,-83.3185413904222,-92.2253557234909,-44.4874725341797,74
134,-113.825652597147,-86.2803080571184,-44.4874725341797,85
135,-71.1702375237299,-83.9035211488215,-44.4874725341797,85
136,-105.136578041025,-86.5724219566178,-44.4874725341797,83
137,-137.484636035313,-90.8581271527194,-44.4874725341797,85
138,-100.746139432946,-92.5608690647797,-44.4874725341797,85
139,-151.435783158853,-91.170575573355,-44.4874725341797,85
140,-136.725702379072,-93.1800916277337,-44.4874725341797,85
141,-69.0785899212869,-93.9508479286194,-44.4874725341797,85
142,-112.945898267257,-95.3466346290259,-44.4874725341797,85
143,-48.3554936194254,-94.4016240408903,-44.4874725341797,85
144,-215.639667224173,-100.693865181308,-44.4874725341797,85
145,-46.637997718862,-100.200893423775,-44.4874725341797,85
146,-132.094148431273,-102.510688741294,-44.4874725341797,85
147,-77.063655425915,-102.737542430381,-44.4874725341797,85
148,-85.0378274660194,-102.763907855919,-44.4874725341797,85
149,-156.337114150153,-105.091287385425,-44.4874725341797,85
150,-153.40385529085,-107.647114453994,-50.7155265808105,85
151,-58.344505420326,-107.194364906625,-50.7155265808105,85
152,-150.266522140499,-108.216395286292,-50.7155265808105,53
153,-28.2279576050494,-106.314159223107,-50.7155265808105,85
154,-55.5170914186398,-102.139755053911,-50.7155265808105,85
155,-63.7294168102874,-101.734968556748,-50.7155265808105,85
156,-88.1672350192901,-102.675077459038,-50.7155265808105,85
157,-46.1500091950034,-99.4736102273127,-50.7155265808105,85
158,-101.773985019824,-100.211827972489,-50.7155265808105,84
159,-75.9742044896741,-98.6977700481898,-50.7155265808105,85
160,-88.7880896270006,-99.4024841323206,-50.7155265808105,85
161,-45.2983850490699,-97.0089564126424,-50.7155265808105,85
162,-87.4246047086535,-95.006555159576,-50.7155265808105,85
163,-35.693941730197,-92.4044672514661,-50.7155265808105,85
164,-53.7148604394846,-88.4956303426914,-50.7155265808105,85
165,-30.8287429538864,-84.259751965684,-50.7155265808105,85
166,-135.24136341856,-86.9062629055749,-50.7155265808105,68
167,7.58612073604592,-82.0849821454428,-50.7155265808105,85
168,-39.2281326697899,-81.7198877074573,-50.7155265808105,85
169,-39.3775151012827,-74.6694016225417,-50.7155265808105,85
170,-64.1919302204047,-75.3715589226035,-50.7155265808105,85
171,-119.408045447727,-74.8641148032616,-50.7155265808105,85
172,-138.457997497832,-77.3198884861383,-50.7155265808105,83
173,-60.5413743499153,-76.3400303614941,-50.7155265808105,85
174,-25.1358159120787,-71.0919784319711,-50.7155265808105,85
175,-43.0607431523883,-66.6782539464327,-54.5341186523438,85
176,-120.796567157386,-69.1763364159151,-54.5341186523438,77
177,-63.6618485534501,-65.7121494724331,-54.5341186523438,85
178,-24.7147761263413,-65.5716222132848,-54.5341186523438,85
179,24.9086274419626,-62.3545934588607,-54.5341186523438,85
180,-48.3370321081373,-61.7388980707747,-54.5341186523438,85
181,-84.5708095812893,-61.5950410532547,-54.5341186523438,85
182,-54.8850743665246,-61.9444436601155,-54.5341186523438,85
183,-64.1744839691167,-60.4404636180872,-54.5341186523438,85
184,-221.778619240521,-66.2726402081211,-54.5341186523438,85
185,-77.8731347977338,-65.8360420149505,-54.5341186523438,85
186,-52.0750356347323,-66.1071080383769,-54.5341186523438,85
187,-104.945552682522,-66.8079459573317,-54.5341186523438,85
188,-28.2274119824347,-66.5092847674212,-54.5341186523438,85
189,-120.271729394119,-69.1715595256066,-54.5341186523438,50
190,-239.284975427893,-77.5098088245668,-54.5341186523438,85
191,-80.0374000330133,-75.3016502891449,-54.5341186523438,85
192,-96.5542872908994,-79.4672666102228,-54.5341186523438,70
193,-91.8259935023153,-81.5711810435238,-54.5341186523438,85
194,-56.5562846835737,-82.2583318268154,-54.5341186523438,85
195,-7.03866738887248,-79.9722013135541,-54.5341186523438,85
196,-68.3105495579785,-77.9283014779642,-54.5341186523438,85
197,-128.076977825724,-77.5130606910799,-54.5341186523438,79
198,-75.0055149684507,-78.0916263158213,-54.5341186523438,85
199,-8.13648183303511,-77.4116529526595,-54.5341186523438,85
200,-79.2000515396556,-78.8572252881502,-57.9450836181641,85
201,-29.1357105886487,-75.1907910254008,-57.9450836181641,85
202,-227.208413920542,-81.7326536400845,-57.9450836181641,85
203,-200.191097806209,-88.7517065072792,-57.9450836181641,85
204,-111.91315358455,-94.2245777483397,-57.9450836181641,85
205,-81.2219636304929,-95.5399750092339,-57.9450836181641,85
206,-96.6993788801229,-96.0251177811872,-57.9450836181641,81
207,-4.20794460975977,-93.9980325909166,-57.9450836181641,85
208,-64.338235831893,-94.0045826654277,-57.9450836181641,85
209,-130.872807922305,-90.368350212699,-57.9450836181641,85
210,-46.5902776612508,-89.1170359272397,-57.9450836181641,85
211,-103.111180941876,-91.1584817395255,-57.9450836181641,85
212,-123.993387748623,-91.9203951421695,-57.9450836181641,81
213,-62.6898857559323,-93.2988940931094,-57.9450836181641,85
214,-74.1883647179199,-91.4555595060614,-57.9450836181641,85
215,-54.5236340294445,-84.0651058501235,-57.9450836181641,85
216,-50.4597822706828,-82.8820011396303,-57.9450836181641,85
217,-131.556177409352,-84.2820767443684,-57.9450836181641,79
218,-77.9704140468698,-83.7278535661506,-57.9450836181641,85
219,-118.827852768806,-86.2187162895599,-57.9450836181641,80
220,-102.689719060704,-90.0447583564331,-57.9450836181641,85
221,-75.5514944665109,-90.3343961527744,-57.9450836181641,85
222,-75.2471145831387,-88.221201623071,-57.9450836181641,85
223,-91.9766917596134,-88.9000486947175,-57.9450836181641,85
224,21.6811850411988,-87.7073420197482,-61.8064956665039,85
225,-0.505804046943681,-84.5595721200397,-61.8064956665039,85
226,-129.609169688905,-88.5785104840499,-61.8064956665039,78
227,7.7585853260285,-79.1798305141871,-61.8064956665039,85
228,-75.2680233023596,-74.1829075340332,-61.8064956665039,85
229,-65.2584646118799,-72.3167199751264,-61.8064956665039,85
230,-56.2991940795984,-71.3198091930906,-61.8064956665039,85
231,-94.6810030151165,-71.2390741584903,-61.8064956665039,85
232,-170.543469193036,-77.8924951418214,-61.8064956665039,85
233,-89.0506900841086,-78.88099331191,-61.8064956665039,85
234,-56.3148064816757,-75.8986732542849,-61.8064956665039,85
235,-55.9430501657181,-76.2727841544636,-61.8064956665039,85
236,-58.670706877296,-74.4951651918803,-61.8064956665039,85
237,-97.0192536183689,-73.4161998266702,-61.8064956665039,85
238,-138.913071935463,-76.4651272738514,-61.8064956665039,83
239,-23.7786145314016,-74.4487372663907,-61.8064956665039,85
240,-130.02480103234,-77.4687839465065,-61.8064956665039,85
241,-73.8949609056913,-78.4061910919068,-61.8064956665039,53
242,-107.871999420348,-77.4588239723467,-61.8064956665039,69
243,-84.0915062541254,-77.7036676606369,-61.8064956665039,85
244,-61.9502010202487,-75.4285615906946,-61.8064956665039,85
245,-97.9281708064919,-75.2380996605261,-61.8064956665039,85
246,69.9410096476751,-69.4183994959587,-61.8064956665039,85
247,-94.4400172808078,-70.1861156038655,-61.8064956665039,85
248,-119.788139915007,-71.2985735300812,-61.8064956665039,78
249,-75.1731657950395,-75.1727475635307,-62.2021331787109,85
250,-80.9650978845048,-78.3911193170332,-62.2021331787109,85
251,-128.60383268501,-78.3509058368773,-62.2021331787109,77
252,-105.901724677038,-82.897318237,-62.2021331787109,78
253,-114.873380296107,-84.4815325167499,-62.2021331787109,71
254,-33.4000137420529,-83.2071944819568,-62.2021331787109,85
255,-57.3898337538572,-83.2508200689272,-62.2021331787109,85
256,-112.316668663619,-83.9562466948673,-62.2021331787109,70
257,-94.1097434306608,-80.8988976643723,-62.2021331787109,82
258,-106.117044425671,-81.5815518380348,-62.2021331787109,85
259,-44.1522877436826,-81.095051088515,-62.2021331787109,85
260,-84.726588602019,-82.2463926259671,-62.2021331787109,76
261,-93.7825236931391,-83.6508652986008,-62.2021331787109,74
262,-8.14476600221449,-80.0958857939546,-62.2021331787109,85
263,-94.1645481261119,-78.3059448415806,-62.2021331787109,85
264,-27.0937907381365,-78.4385518898499,-62.2021331787109,85
265,-81.2287718943505,-76.4867107243304,-62.2021331787109,77
266,-115.744326474355,-78.1606853470769,-62.2021331787109,82
267,-87.0920478237127,-77.3294872832115,-62.2021331787109,85
268,-90.3050065990609,-77.5780272970089,-62.2021331787109,85
269,-111.377350119656,-79.5551132609852,-62.2021331787109,84
270,-122.072221406326,-80.5208752849785,-62.2021331787109,70
271,-67.7168875369586,-86.0271911723639,-62.2021331787109,85
272,-97.1441125329949,-86.1353549824514,-62.2021331787109,79
273,-86.1565823516448,-84.7900926799169,-62.2021331787109,85
274,-67.3227352494172,-84.476075458092,-60.2649841308594,85
275,-91.9939395877416,-84.9172291262215,-60.2649841308594,85
276,-124.045772973949,-84.734906737779,-60.2649841308594,71
277,-20.4996672959268,-81.3188244425346,-60.2649841308594,85
278,-132.601324623574,-82.0279422156332,-60.2649841308594,83
279,-107.219705113102,-84.9807298704752,-60.2649841308594,85
280,6.49178525446134,-82.4254651101425,-60.2649841308594,85
281,-76.3012382879106,-80.9848478951141,-60.2649841308594,85
282,38.904835167368,-75.664264751193,-60.2649841308594,85
283,-62.3556795571557,-73.9138101564523,-60.2649841308594,85
284,-94.8747818641107,-75.9427099212695,-60.2649841308594,73
285,-37.9946039348445,-74.0734305345825,-60.2649841308594,85
286,-70.5967494513722,-73.1459995649118,-60.2649841308594,84
287,-65.8215598673598,-75.4530713195176,-60.2649841308594,85
288,-58.5188512461587,-74.0272434443195,-60.2649841308594,85
289,-15.2154911253787,-73.5521114598092,-60.2649841308594,85
290,-85.2592249143456,-73.713329580609,-60.2649841308594,85
291,-67.8788917671958,-71.7987121923226,-60.2649841308594,85
292,-114.689109353288,-72.9025946535057,-60.2649841308594,85
293,-76.4163908025652,-72.3470500216458,-60.2649841308594,85
294,-53.3976426781244,-70.0278617239846,-60.2649841308594,85
295,-70.4752858552192,-67.9639843019403,-60.2649841308594,62
296,-103.264879339889,-69.3859039740575,-60.2649841308594,81
297,-118.576826353344,-70.2432125268715,-60.2649841308594,57
298,-138.676616128378,-72.3440138779408,-60.2649841308594,81
299,-40.4327381396636,-71.2684139935507,-57.775447845459,85
300,-43.2934172900562,-69.3203931016432,-57.775447845459,85
301,-116.462083562397,-69.0170455251812,-57.775447845459,85
302,-80.5912299770357,-71.4207080324255,-57.775447845459,85
303,-10.2411215423953,-66.5262999091784,-57.775447845459,85
304,-89.8828867791417,-65.83282717582,-57.775447845459,85
305,-93.2263105877953,-69.8215510095103,-57.775447845459,74
306,-114.179515371427,-71.3366820928509,-57.775447845459,84
307,-142.311778174434,-78.585346626523,-57.775447845459,83
308,-52.9047486100346,-78.2073093886382,-57.775447845459,85
309,-71.6744706625844,-77.2792969405771,-57.775447845459,85
310,-87.613738164238,-79.2640623097529,-57.775447845459,62
311,-119.320577055327,-81.2130154139111,-57.775447845459,84
312,-45.6734387354441,-80.4070905686344,-57.775447845459,85
313,-126.874358067277,-83.1413108414792,-57.775447845459,71
314,-98.8942233318599,-86.4884601297384,-57.775447845459,85
315,-81.3892879891944,-86.3336626527323,-57.775447845459,85
316,67.4521559352713,-80.9204207446337,-57.775447845459,85
317,-113.366600187268,-80.8675203779929,-57.775447845459,76
318,-96.3137841010897,-81.6634161099338,-57.775447845459,72
319,-56.8802383595742,-81.8027199371918,-57.775447845459,85
320,-35.1572023334212,-80.3899965963199,-57.775447845459,85
321,-123.056687393654,-81.1816689184705,-57.775447845459,80
322,-40.6499098869062,-78.064592259813,-57.775447845459,85
323,-86.3654164968146,-75.9721442745505,-57.775447845459,74
324,-26.6398297753675,-75.4204279399786,-55.7143287658691,85
325,-123.711041372744,-78.6371329032861,-55.7143287658691,78
326,-107.80165478693,-78.2907157522675,-55.7143287658691,85
327,-91.322502033798,-78.719966634538,-55.7143287658691,85
328,-46.1142768301954,-80.1548928460499,-55.7143287658691,85
329,-55.1827678184108,-78.7668880876207,-55.7143287658691,85
330,-114.299331166889,-79.6098089107845,-55.7143287658691,78
331,-87.7264426625158,-78.551686002428,-55.7143287658691,85
332,-120.663556570055,-77.6857571382528,-55.7143287658691,68
333,-3.60029294535169,-75.7135789116655,-55.7143287658691,85
334,-103.437336212897,-76.984093533678,-55.7143287658691,75
335,40.1768138637819,-71.8724714525572,-55.7143287658691,85
336,29.6087290978617,-65.9152992064297,-55.7143287658691,85
337,-9.22916137898765,-64.4575281121714,-55.7143287658691,85
338,-25.7567668410411,-60.412824463122,-55.7143287658691,85
339,76.6052255822199,-53.3928465065588,-55.7143287658691,85
340,-20.8091334727779,-50.9696403259021,-55.7143287658691,85
341,-68.3034217354034,-56.3998634327291,-55.7143287658691,48
342,12.8262820646629,-51.3521481426519,-55.7143287658691,85
343,-50.7141056820748,-49.5281610058913,-55.7143287658691,85
344,-101.386839552081,-51.3084250535916,-55.7143287658691,85
345,-58.8222546152506,-52.2550271448647,-55.7143287658691,85
346,-69.0803640632214,-50.0959742116474,-55.7143287658691,85
347,-131.370869320264,-53.7248125889818,-55.7143287658691,85
348,-15.8017689946205,-50.902266688894,-55.7143287658691,85
349,9.21345721965386,-49.4681352090932,-52.1059074401855,85
350,-128.582428912154,-49.6629907106696,-52.1059074401855,83
351,-115.829240531234,-49.9840941404417,-52.1059074401855,76
352,-44.3446365105575,-48.1049795195121,-52.1059074401855,85
353,-67.8708834316162,-48.9752437835689,-52.1059074401855,85
354,-92.4399851204795,-50.4655324756517,-52.1059074401855,74
355,-98.6934905488229,-49.841298850929,-52.1059074401855,71
356,25.7861567063233,-45.3007948761755,-52.1059074401855,85
357,-53.4655441042121,-42.6128743775418,-52.1059074401855,85
358,-65.9030838739295,-45.1049860146849,-52.1059074401855,85
359,54.4297509411473,-38.7903025285231,-52.1059074401855,85
360,-131.417876188062,-45.6540901305969,-52.1059074401855,85
361,-107.265392070298,-51.1290549773232,-52.1059074401855,61
362,-77.7332287922318,-53.869217673853,-52.1059074401855,85
363,36.9087116990381,-51.3625985322498,-52.1059074401855,85
364,-117.320470489613,-59.1196263751232,-52.1059074401855,68
365,-69.4171401603112,-61.0639466426245,-52.1059074401855,85
366,-86.4111914878977,-61.7882574327243,-52.1059074401855,68
367,-72.3200420500727,-65.1941103973137,-52.1059074401855,70
368,56.7971973167365,-60.8936582773612,-52.1059074401855,85
369,-121.743631173844,-61.7079299422318,-52.1059074401855,85
370,-16.7209113331896,-60.0238762109493,-52.1059074401855,85
371,-129.564749530189,-62.443251629628,-52.1059074401855,79
372,-59.6645795956415,-59.5750000406431,-52.1059074401855,85
373,-22.2824463894966,-59.8342271364382,-52.1059074401855,85
374,-108.708392711102,-64.5511011336684,-47.9501609802246,82
375,-57.6396881201626,-61.7133915019887,-47.9501609802246,85
376,-62.9503454449394,-59.5982356985369,-47.9501609802246,68
377,-19.3417051569821,-58.5981184443939,-47.9501609802246,85
378,-130.986729660921,-61.1227522935661,-47.9501609802246,78
379,-98.150075086548,-61.3511558922089,-47.9501609802246,81
380,-55.2290373747248,-59.6125777652449,-47.9501609802246,85
381,-118.321649525479,-65.376890014517,-47.9501609802246,83
382,-68.7352504620784,-65.9876782688317,-47.9501609802246,85
383,79.3774334292603,-60.1764575767041,-47.9501609802246,85
384,45.973283362931,-60.5147162798327,-47.9501609802246,85
385,-124.422860879273,-60.2349156674812,-47.9501609802246,82
386,-71.5337919201699,-58.8056516614761,-47.9501609802246,85
387,53.292831565017,-53.5646092471861,-47.9501609802246,85
388,-50.0725189037115,-57.0438584712961,-47.9501609802246,83
389,73.9134594215823,-49.3945012748483,-47.9501609802246,85
390,-89.0936577359967,-50.1815619778757,-47.9501609802246,80
391,-7.75451628530128,-47.0352949697718,-47.9501609802246,85
392,-125.682768949898,-49.1698040457648,-47.9501609802246,85
393,-12.3247903472978,-51.9346835523262,-47.9501609802246,85
394,38.1745843130715,-45.5379549328496,-47.9501609802246,85
395,29.4515115797245,-43.691058016333,-47.9501609802246,85
396,62.8921337647827,-35.9927826845342,-47.9501609802246,85
397,-65.0868562118935,-36.2096737491842,-47.9501609802246,85
398,-140.634258078018,-40.9437462167251,-47.9501609802246,85
399,-73.2432930063236,-39.5251422285339,-38.1206398010254,57
400,61.142612132587,-34.773850218424,-38.1206398010254,85
401,-52.914436579324,-34.3724138637993,-38.1206398010254,85
402,-78.1279197539573,-36.7238624476783,-38.1206398010254,85
403,-49.0584050628126,-33.446729463754,-38.1206398010254,85
404,-60.4614218961133,-31.9391833361366,-38.1206398010254,85
405,-120.760418345301,-34.5604385749596,-38.1206398010254,79
406,-35.9320107352596,-31.2648530233509,-38.1206398010254,85
407,65.9640592376963,-25.8768806353599,-38.1206398010254,85
408,27.7466740796675,-27.9421110093436,-38.1206398010254,85
409,82.336965061818,-26.4875637413881,-38.1206398010254,85
410,11.2550807930714,-21.0604460744944,-38.1206398010254,85
411,-85.6710110219157,-21.6259348385642,-38.1206398010254,65
412,-10.6228611704618,-24.1825625479833,-38.1206398010254,85
413,-23.4494332727808,-23.1176391227461,-38.1206398010254,85
414,-33.6076164355147,-27.41848215703,-38.1206398010254,85
415,-27.6779778884313,-24.9618549631274,-38.1206398010254,85
416,-92.3564003073269,-28.3459303240084,-38.1206398010254,65
417,-31.7288514101358,-24.5877736224179,-38.1206398010254,85
418,-66.423569026498,-26.7517247695859,-38.1206398010254,85
419,3.96732333671741,-28.1200152086401,-38.1206398010254,85
420,-198.78100335951,-37.2493158062095,-38.1206398010254,85
421,-51.5167303499869,-41.8256703708003,-38.1206398010254,85
422,-97.2619131396892,-43.1126726479121,-38.1206398010254,85
423,-122.860200141499,-42.4017103304513,-38.1206398010254,76
424,-53.4119763025946,-41.6084576623022,-33.0293006896973,85
425,-28.7196501979652,-45.2029481555243,-33.0293006896973,85
426,-43.1499089157044,-44.8123670489795,-33.0293006896973,85
427,47.0819482322106,-39.8039723295328,-33.0293006896973,85
428,-113.100287110453,-42.3656476114384,-33.0293006896973,75
429,24.7047726720958,-38.95899982871,-33.0293006896973,85
430,-15.8983054393814,-34.7645153124732,-33.0293006896973,85
431,36.6229794581468,-31.862315704737,-33.0293006896973,85
432,-95.730285528464,-38.3300894953834,-33.0293006896973,62
433,11.8938193600487,-38.9642036841681,-33.0293006896973,85
434,10.8326910036333,-41.8243746464955,-33.0293006896973,85
435,-33.3621207503561,-43.6090627082326,-33.0293006896973,85
436,55.5072370928915,-37.9619327836403,-33.0293006896973,85
437,-19.8597790159835,-38.3314094974612,-33.0293006896973,85
438,-110.074017934779,-41.7963928839411,-33.0293006896973,72
439,-60.5819508567776,-42.8753662607916,-33.0293006896973,85
440,-17.583977318212,-42.4716062379829,-33.0293006896973,85
441,-52.5597219145772,-40.8797391022729,-33.0293006896973,85
442,12.4829911544786,-39.1112653996883,-33.0293006896973,85
443,39.2328394908951,-34.8850090589926,-33.0293006896973,85
444,-64.1354682743582,-37.6091207234356,-33.0293006896973,85
445,-12.6527715210652,-30.1639914498978,-33.0293006896973,85
446,-45.5910918732812,-29.9269659108296,-33.0293006896973,85
447,-9.26525335767125,-26.4070995195489,-33.0293006896973,85
448,-28.9966859801534,-22.652558953095,-33.0293006896973,85
449,57.0735686412651,-18.2331371553407,-24.7428112030029,85
450,5.92359633676873,-16.8474072939513,-24.7428112030029,85
451,-48.101471358946,-17.045469791681,-24.7428112030029,85
452,53.6648465176608,-16.782153860263,-24.7428112030029,85
453,31.7873967164307,-10.9866465071876,-24.7428112030029,85
454,-47.2529166351575,-13.8649540794777,-24.7428112030029,85
455,68.8290444265477,-10.4758600848406,-24.7428112030029,85
456,-104.279457035739,-16.111957544596,-24.7428112030029,82
457,-7.00969923781173,-12.5631340929699,-24.7428112030029,85
458,41.6848185111301,-11.3714941269267,-24.7428112030029,85
459,-41.3362780340521,-13.4582528884341,-24.7428112030029,85
460,-104.491138160353,-16.3034135848339,-24.7428112030029,72
461,-40.6278064765502,-20.1488153276116,-24.7428112030029,85
462,-5.11653159512474,-19.5590854307773,-24.7428112030029,85
463,3.75501641637593,-15.0059240567311,-24.7428112030029,85
464,-140.289587517694,-18.1942295231677,-24.7428112030029,84
465,-90.6179173474342,-21.1155871243366,-24.7428112030029,55
466,-57.2054906783159,-21.3014178748862,-24.7428112030029,85
467,83.0501915462963,-18.4787298592135,-24.7428112030029,85
468,26.5992700295608,-18.9840726376668,-24.7428112030029,85
469,24.9900196280155,-15.4190531215719,-24.7428112030029,85
470,-1.71266864687253,-14.9814490066042,-24.7428112030029,85
471,-6.7319395809856,-13.4270829149124,-24.7428112030029,85
472,-12.0281072718069,-13.5375970714778,-24.7428112030029,85
473,-120.984972447129,-17.2171285301568,-24.7428112030029,77
474,-79.6848738783533,-22.6874662309415,-20.8059692382812,85
475,-144.985049711462,-28.7238120728708,-20.8059692382812,85
476,-14.9817875130989,-27.3990247190369,-20.8059692382812,85
477,55.0621414226302,-27.3431329228381,-20.8059692382812,85
478,38.3958959403819,-27.07879295388,-20.8059692382812,85
479,97.0577627583378,-21.3063657781402,-20.8059692382812,85
480,71.0684221675366,-21.2167906685007,-20.8059692382812,85
481,101.825256943164,-12.9726021093446,-20.8059692382812,85
482,-3.27539304214907,-12.8232298615181,-20.8059692382812,85
483,-1.01662153645667,-14.5312874634215,-20.8059692382812,85
484,-67.8610405613481,-15.5922779645134,-20.8059692382812,69
485,-5.66826042478634,-11.6393628550907,-20.8059692382812,85
486,86.5260484485031,-6.5532086580886,-20.8059692382812,85
487,-47.2076959347107,-8.23685523167204,-20.8059692382812,85
488,37.386527643192,-6.8915947825994,-20.8059692382812,85
489,-10.7039989996805,-1.70817124187885,-20.8059692382812,85
490,-16.3574670958716,1.26224676818365,-20.8059692382812,85
491,58.808230068704,5.90279559806445,-20.8059692382812,85
492,53.3193576090453,4.7135622405744,-20.8059692382812,85
493,-34.5573890108699,2.26729587895718,-20.8059692382812,85
494,50.5793757891722,3.29087012540345,-20.8059692382812,85
495,-41.3279968424767,1.70625699757928,-20.8059692382812,85
496,-18.4047429073122,1.23934486452621,-20.8059692382812,85
497,-23.3058806973848,0.788233927503098,-20.8059692382812,85
498,-3.38108942109912,5.49238924854428,-13.9819250106812,85
499,-26.3432880858385,7.62605268024487,-13.9819250106812,85
500,-56.5442193718436,11.1636858938296,-13.9819250106812,85
501,15.4648950795861,12.381553197537,-13.9819250106812,85
502,-19.8873023188616,9.38357544787733,-13.9819250106812,85
503,58.4471016279868,10.1856236753815,-13.9819250106812,85
504,-67.7744103854422,3.59233674963033,-13.9819250106812,85
505,-90.2030691159763,-2.85852290171019,-13.9819250106812,66
506,87.2454178850582,-3.44171646403441,-13.9819250106812,85
507,-23.8759815028758,-4.26574000246348,-13.9819250106812,85
508,66.9745678499707,-1.54609242700638,-13.9819250106812,85
509,-3.28977559498613,1.03675817164809,-13.9819250106812,85
510,-30.6301586625869,0.0382822421360726,-13.9819250106812,85
511,-111.572155250244,-7.88564590581381,-13.9819250106812,83
512,65.9820143787067,-3.35805749327712,-13.9819250106812,85
513,6.1922170057956,-4.60582991877297,-13.9819250106812,85
514,75.2476934310093,-1.16776222154538,-13.9819250106812,85
515,17.7230187435096,0.195457212029866,-13.9819250106812,85
516,32.9224667148292,-0.839973322125127,-13.9819250106812,85
517,-0.189485114214487,-2.98032703105552,-13.9819250106812,85
518,50.8775425243959,0.437070230355114,-13.9819250106812,85
519,-24.4837160454824,-2.56545344303107,-13.9819250106812,85
520,56.5403790721369,1.34928159355347,-13.9819250106812,85
521,-6.21197720548747,1.83699222162646,-13.9819250106812,85
522,-31.0258473049219,1.52819355732498,-7.87033843994141,85
523,-35.8231213126245,0.230512281663964,-7.87033843994141,85
524,54.007619235234,3.44454857450686,-7.87033843994141,85
525,37.0127685636536,7.18682809192675,-7.87033843994141,85
526,37.6261789988424,8.073279448697,-7.87033843994141,85
527,81.8422824080737,12.1424628377744,-7.87033843994141,85
528,-63.1108485780182,7.28014482953422,-7.87033843994141,85
529,77.2435897960515,13.080864836794,-7.87033843994141,85
530,39.0622501943402,18.2514776092066,-7.87033843994141,85
531,14.7196185257323,15.3504456348336,-7.87033843994141,85
532,98.4547080078621,20.2436732152631,-7.87033843994141,85
533,-19.7659379203325,16.774052984451,-7.87033843994141,85
534,69.444923834519,19.6834409616312,-7.87033843994141,85
535,100.317220941182,24.9213361457819,-7.87033843994141,85
536,-4.2472908562801,29.2143307215405,-7.87033843994141,85
537,-52.9194664915608,24.4582714867298,-7.87033843994141,85
538,5.3689900281932,24.4253424076257,-7.87033843994141,85
539,95.284370561716,25.226809492854,-7.87033843994141,85
540,45.445560917822,26.3357111798265,-7.87033843994141,85
541,65.7632333078881,27.6493418435488,-7.87033843994141,85
542,115.104019492714,32.261082027826,-7.87033843994141,85
543,-12.9650991329868,29.7073763615307,-7.87033843994141,85
544,64.9048055359989,33.2829172247899,-7.87033843994141,85
545,30.8023325886465,32.2533953654503,-7.87033843994141,85
546,19.9656727048603,33.3005013618642,4.52486753463745,85
547,-57.3769549596669,32.2464570556744,4.52486753463745,85
548,22.7559331316807,34.5896192334466,4.52486753463745,85
549,28.7807863057136,33.5805459162658,4.52486753463745,85
550,113.575050456081,36.6430371919629,4.52486753463745,85
551,36.1398138968098,36.5835825878816,4.52486753463745,85
552,57.7618300360088,35.620364492999,4.52486753463745,85
553,-23.0479869783017,37.2228789569876,4.52486753463745,85
554,-30.2865352092493,32.9216739567756,4.52486753463745,85
555,77.6367934352037,34.4646556864102,4.52486753463745,85
556,-28.8370263817308,32.7223898901116,4.52486753463745,85
557,12.1460297524735,29.2700427598961,4.52486753463745,85
558,74.6377739803382,33.0461912359229,4.52486753463745,85
559,1.36118941479999,30.3228418591342,4.52486753463745,85
560,38.1616458532659,27.8366188556175,4.52486753463745,85
561,71.957310883416,30.8848029252054,4.52486753463745,85
562,16.051974346861,33.6436605587422,4.52486753463745,85
563,-5.877224704148,33.1938119694486,4.52486753463745,85
564,5.36082171993441,29.5968700157773,4.52486753463745,85
565,54.4499747247241,29.9570465680534,4.52486753463745,85
566,-54.7726954295647,25.1356094185553,4.52486753463745,85
567,17.319294123249,21.2242204037767,4.52486753463745,85
568,-19.4259367754411,20.9657868980785,4.52486753463745,85
569,13.9573871923238,18.9278901643315,4.52486753463745,85
570,79.274974238847,20.8667958303395,4.84997510910034,85
571,74.8158486622203,23.0608028686339,4.84997510910034,85
572,-13.9128456692098,24.7993672402522,4.84997510910034,85
573,42.6668222867098,25.5958028064534,4.84997510910034,85
574,27.8664394593327,25.5592289325981,4.84997510910034,85
575,62.8497448763056,23.5302167094071,4.84997510910034,85
576,85.2511676118646,25.4946708580093,4.84997510910034,85
577,-32.7525161934204,21.8740970088322,4.84997510910034,85
578,86.1171124079096,26.2407009842806,4.84997510910034,85
579,11.3831200996217,27.9074871966354,4.84997510910034,85
580,45.6554629737649,26.6282339781779,4.84997510910034,85
581,-4.70024466262488,27.5937052469421,4.84997510910034,85
582,-22.5168564874697,26.2071897973444,4.84997510910034,85
583,-62.4360710317065,20.7242359968626,4.84997510910034,85
584,77.194591088333,23.7575720638039,4.84997510910034,85
585,-25.8295629319695,21.1979237123945,4.84997510910034,85
586,110.336493142121,22.7330910027427,4.84997510910034,85
587,-47.4499347550721,20.1930146386654,4.84997510910034,85
588,5.66430893978386,20.6546759844227,4.84997510910034,85
589,8.39493688040713,20.7760405908416,4.84997510910034,85
590,20.8258494520712,19.4310755799354,4.84997510910034,85
591,16.8521554039087,22.2960696132744,4.84997510910034,85
592,81.8180265842407,24.8760189117141,4.84997510910034,85
593,29.2526869923493,26.8231638624257,4.84997510910034,85
594,-51.8798080445652,24.1896760529501,5.54775762557983,85
595,74.3155288273733,23.9912982364912,5.54775762557983,85
596,-1.43973998945821,20.941074690424,5.54775762557983,85
597,-24.4253655281855,20.520573896065,5.54775762557983,85
598,78.4778079206047,21.9530133214208,5.54775762557983,85
599,-11.9646008585966,20.3597717087036,5.54775762557983,85
600,-31.2005916221349,16.597758248766,5.54775762557983,85
601,-7.19182889067577,12.9000383886644,5.54775762557983,85
602,11.9419675201005,14.6878177372052,5.54775762557983,85
603,25.4652377030336,12.2617427490102,5.54775762557983,85
604,17.0408885221246,12.4880534859103,5.54775762557983,85
605,65.7758951357138,13.2928707723883,5.54775762557983,85
606,-29.6791260145439,12.2937155183115,5.54775762557983,85
607,118.491635658253,17.9340552041404,5.54775762557983,85
608,57.5085329283675,22.7318393625434,5.54775762557983,85
609,70.7972618297282,22.4759461921992,5.54775762557983,85
610,42.2222320946007,25.198017993262,5.54775762557983,85
611,68.6209472227646,23.5293961564878,5.54775762557983,85
612,72.8180478462247,28.3401154605396,5.54775762557983,85
613,80.3089817961502,31.3259023747943,5.54775762557983,85
614,54.2547583704964,33.1602952343979,5.54775762557983,85
615,76.0345331157115,35.3686425809435,5.54775762557983,85
616,-1.32790400084557,34.6414402047533,5.54775762557983,85
617,52.3127027955365,33.4612272532051,5.54775762557983,85
618,66.4814877764935,34.9503792845709,3.76984429359436,85
619,84.1786220988152,40.3927164903061,3.76984429359436,85
620,-7.64149276660504,37.114435626547,3.76984429359436,85
621,66.61568297044,39.8366525449429,3.76984429359436,85
622,30.6469490994776,42.0395451300494,3.76984429359436,85
623,67.6284271118659,41.6055698976999,3.76984429359436,85
624,55.9489310540974,44.3221111742076,3.76984429359436,85
625,28.9036514396502,46.726280896679,3.76984429359436,85
626,93.813048725692,50.7664760013337,3.76984429359436,85
627,-29.8717089819889,49.0939289412502,3.76984429359436,85
628,57.2402139388677,50.3649279906835,3.76984429359436,85
629,46.7518157037871,51.55336507795,3.76984429359436,85
630,-13.4489893852361,48.384369697112,3.76984429359436,85
631,-14.5321068450203,48.990250463893,3.76984429359436,85
632,93.981742840878,48.009854751198,3.76984429359436,85
633,-19.7487950040567,44.919561633901,3.76984429359436,85
634,39.8402386236992,43.6812807056598,3.76984429359436,85
635,-80.8611310216758,38.7579461810088,3.76984429359436,85
636,99.6505998879057,39.9991322876144,3.76984429359436,85
637,-34.6961622864499,35.6985638823074,3.76984429359436,85
638,16.9839487216886,33.165562559329,3.76984429359436,85
639,6.77207391032033,31.2662551809219,3.76984429359436,85
640,19.3627316096054,28.9993831206777,3.76984429359436,85
641,-11.9252270181042,28.5754901999873,3.76984429359436,85
642,41.8200478070986,28.1557840004498,6.38909530639648,85
643,-5.79494996357177,25.2647264908472,6.38909530639648,85
644,-17.6452164453324,21.1917729490813,6.38909530639648,85
645,53.6074195855621,23.641729443168,6.38909530639648,85
646,26.2632353417319,22.0276315380197,6.38909530639648,85
647,2.3416795259259,20.8954207550776,6.38909530639648,85
648,118.029231224108,22.9114529195673,6.38909530639648,85
649,-12.6988885057923,20.1655401371717,6.38909530639648,85
650,7.34317990344152,19.3031212757234,6.38909530639648,85
651,102.947041330267,19.6684809799064,6.38909530639648,85
652,27.326990788967,21.9564289707446,6.38909530639648,85
653,-32.8183812849876,18.3540851617904,6.38909530639648,85
654,70.0750974379471,19.2870164311568,6.38909530639648,85
655,79.0271966017065,22.9860638706345,6.38909530639648,85
656,74.3974239542508,26.5432451026053,6.38909530639648,85
657,5.76581424639055,23.0146079588258,6.38909530639648,85
658,92.5298197787309,27.5057525501373,6.38909530639648,85
659,117.594518924078,30.6159237621525,6.38909530639648,85
660,-24.9093752287748,32.8539939938685,6.38909530639648,85
661,37.3397224817797,30.3615588976235,6.38909530639648,85
662,53.2614367850233,33.8798628604824,6.38909530639648,85
663,41.4923267813255,34.8601979828679,6.38909530639648,85
664,15.6910469483796,35.2169569043903,6.38909530639648,85
665,76.0702350388905,37.4852570415617,6.38909530639648,85
666,41.7298434100576,39.6314598586882,7.31724166870117,85
667,95.522681134499,41.7795651917842,7.31724166870117,85
668,-20.1843013136481,41.2039911377811,7.31724166870117,85
669,76.5343174487728,44.9711724935453,7.31724166870117,85
670,55.728170223809,45.0560025190752,7.31724166870117,85
671,72.2921320834537,46.8971583887441,7.31724166870117,85
672,51.1202238875724,48.8483001632099,7.31724166870117,85
673,6.25246424009658,44.3772294838495,7.31724166870117,85
674,98.3501607090354,48.8191914524426,7.31724166870117,85
675,-14.943964326477,47.9277056832459,7.31724166870117,85
676,37.9188959012881,45.3265798660867,7.31724166870117,85
677,21.4040351856941,45.0896616419558,7.31724166870117,85
678,142.385689430221,52.0978244705641,7.31724166870117,85
679,-32.7428005432475,47.9851085513163,7.31724166870117,85
680,90.3657011370942,48.4386487327318,7.31724166870117,85
681,61.9372026568113,47.9402398808342,7.31724166870117,85
682,87.515170973847,51.2102141499325,7.31724166870117,85
683,64.9591079543292,50.1073856769564,7.31724166870117,85
684,78.2923453385164,48.535298733534,7.31724166870117,85
685,11.7688631760709,50.0024282697278,7.31724166870117,85
686,108.969159422035,52.867605747338,7.31724166870117,85
687,17.4235913839386,51.4340919312946,7.31724166870117,85
688,53.0364560174298,51.8958571007388,7.31724166870117,85
689,63.2515531965715,53.7982773506665,7.31724166870117,85
690,42.2899915954198,52.4470676129276,6.69633817672729,85
691,109.769819655657,55.1686666627516,6.69633817672729,85
692,109.043634403589,55.7095047935152,6.69633817672729,85
693,105.534052985884,60.7382389654965,6.69633817672729,85
694,36.1409765742356,59.122505330515,6.69633817672729,85
695,58.023800968733,59.2143305603119,6.69633817672729,85
696,70.385067094225,59.1380479607428,6.69633817672729,85
697,23.2356172868408,58.0226636967135,6.69633817672729,85
698,89.4801115597939,61.3517695895014,6.69633817672729,85
699,107.794991561819,61.7295628236128,6.69633817672729,85
700,77.4246555938552,65.4243076204261,6.69633817672729,85
701,79.8906469452154,67.1031776621832,6.69633817672729,85
702,106.475057465058,70.5060185533577,6.69633817672729,85
703,113.209304490966,69.3389631557875,6.69633817672729,85
704,80.6607622325567,73.8751056668197,6.69633817672729,85
705,-7.00643961213841,69.9802200368504,6.69633817672729,85
706,24.438541446515,68.4802735884385,6.69633817672729,85
707,50.75083998339,67.0097003488202,6.69633817672729,85
708,1.01309487133174,64.4518598255003,6.69633817672729,85
709,-43.5891225130246,59.5766011114387,6.69633817672729,85
710,-4.0318492267237,58.9445726153269,6.69633817672729,85
711,-37.5561073836013,53.0835619431015,6.69633817672729,85
712,3.07886766016243,52.5097729941504,6.69633817672729,85
713,65.7566461550102,53.0185805996536,6.69633817672729,85
714,99.1404142264679,54.4541350408495,5.8625111579895,85
715,88.9065060829393,56.3187956203502,5.8625111579895,85
716,80.4232706370203,55.1449336596048,5.8625111579895,85
717,50.6370637704439,52.808670834279,5.8625111579895,85
718,69.6661320637283,51.3739539973928,5.8625111579895,85
719,19.4937237915774,50.7080638860864,5.8625111579895,85
720,37.6397570992123,49.8927021313056,5.8625111579895,85
721,45.6689738216685,48.9040584004034,5.8625111579895,85
722,47.7851917184151,49.8860413776663,5.8625111579895,85
723,22.8726780390474,47.2217440368365,5.8625111579895,85
724,38.2262665375533,44.4389950358658,5.8625111579895,85
725,19.2549966358654,42.1122086775463,5.8625111579895,85
726,-4.77424672183141,38.7256129308644,5.8625111579895,85
727,41.0736930473225,36.1095583541549,5.8625111579895,85
728,52.5922060138602,33.6848744150707,5.8625111579895,85
729,108.360844382082,34.7928777010518,5.8625111579895,85
730,95.412250468021,38.8896253042581,5.8625111579895,85
731,116.545453338561,42.57390177994,5.8625111579895,85
732,104.967990231762,44.7425877898749,5.8625111579895,85
733,101.258806623167,48.7524162599483,5.8625111579895,85
734,91.6689421871871,54.1627388479568,5.8625111579895,85
735,27.0298399221619,55.4052064139122,5.8625111579895,85
736,90.1399584894936,60.513049048836,5.8625111579895,85
737,80.7670944232036,63.6205781193576,5.8625111579895,85
738,93.97854454411,64.7494540549216,10.3789682388306,85
739,109.707442947216,65.1721352037515,10.3789682388306,85
740,83.2869427132854,64.9473526689654,10.3789682388306,85
741,86.8686279246012,65.2051669604686,10.3789682388306,85
742,-8.31395558537369,62.8471261862359,10.3789682388306,85
743,101.980425325757,64.139697916717,10.3789682388306,85
744,86.1552792239471,66.8061601340118,10.3789682388306,85
745,110.723097832077,69.7294937633264,10.3789682388306,85
746,19.1496066144976,68.6687190750396,10.3789682388306,85
747,61.0879838180497,69.200830759025,10.3789682388306,85
748,49.5541108347467,70.2680880708529,10.3789682388306,85
749,21.9158280716972,69.6156705322187,10.3789682388306,85
750,103.267145891597,72.976156502448,10.3789682388306,85
751,4.95897684707639,73.3654854452043,10.3789682388306,85
752,99.7186976936166,75.711285631056,10.3789682388306,85
753,123.326235736647,78.5406468199675,10.3789682388306,85
754,9.62253170239523,74.59111431278,10.3789682388306,85
755,50.0247337042235,72.7756136422281,10.3789682388306,85
756,84.4757431967302,71.4928252365549,10.3789682388306,85
757,81.8720900967209,70.5689892311532,10.3789682388306,85
758,79.1133145069192,69.6831695465033,10.3789682388306,85
759,99.5366431098859,69.9978775834113,10.3789682388306,85
760,18.5328156608075,69.6579966129571,10.3789682388306,85
761,56.7526968255878,68.3225061464008,10.3789682388306,85
762,65.6131018169391,67.7163464421503,12.8076257705688,85
763,78.3715358462932,67.0920660942376,12.8076257705688,85
764,70.605853035023,65.5280024977499,12.8076257705688,85
765,64.8314824020659,64.7897840853011,12.8076257705688,85
766,49.4447786891641,63.2928301158836,12.8076257705688,85
767,109.439330524235,68.002961560268,12.8076257705688,85
768,83.2253631516129,67.2527590733022,12.8076257705688,85
769,10.6624720213659,64.233046785199,12.8076257705688,85
770,52.7777839787439,61.9152342310656,12.8076257705688,85
771,58.0020149538204,63.4693305646386,12.8076257705688,85
772,64.1278656068018,63.5909258361886,12.8076257705688,85
773,43.536255433758,63.3502116201491,12.8076257705688,85
774,98.9514572855129,66.4316367887017,12.8076257705688,85
775,102.524870954768,66.4019457912286,12.8076257705688,85
776,34.9071876410765,67.5998742229886,12.8076257705688,85
777,57.6099565050186,65.9155245754446,12.8076257705688,85
778,111.677470589683,65.4495739695661,12.8076257705688,85
779,23.4746228333231,66.0036576148032,12.8076257705688,85
780,40.5573284667605,65.6249614053047,12.8076257705688,85
781,49.1340549896421,64.2112938770212,12.8076257705688,85
782,34.7503881998326,62.3264258011456,12.8076257705688,85
783,-20.8971077516962,58.326008910801,12.8076257705688,85
784,128.388785980706,59.4800946256338,12.8076257705688,85
785,109.211073588736,63.107224942751,12.8076257705688,85
786,22.8911579163823,61.7527633863828,14.6376342773438,85
787,-0.056381204423825,59.1259840655282,14.6376342773438,85
788,27.7901944670629,57.102730410359,14.6376342773438,85
789,28.1282488505538,55.4036262429803,14.6376342773438,85
790,27.9179060423195,53.9270831885904,14.6376342773438,85
791,45.8878155002593,53.7848046610342,14.6376342773438,85
792,52.6415473192696,51.5128933328356,14.6376342773438,85
793,89.2159474837898,51.7525167061227,14.6376342773438,85
794,-15.0556907818072,50.7237901939957,14.6376342773438,85
795,-4.31744672736162,48.4399809657515,14.6376342773438,85
796,34.2402803558616,47.4895115818332,14.6376342773438,85
797,3.37584664743336,45.0594308234584,14.6376342773438,85
798,94.0989932627888,47.0819403366197,14.6376342773438,85
799,31.8024254615008,44.3959790636592,14.6376342773438,85
800,-13.5031302283565,39.7548590163342,14.6376342773438,85
801,-83.8796832645706,35.0033841801083,14.6376342773438,83
802,78.3377247913739,35.8324949115625,14.6376342773438,85
803,95.2420253222099,35.1750771008636,14.6376342773438,85
804,84.2939103570523,37.6078486018128,14.6376342773438,85
805,146.778132760369,41.8566807735571,14.6376342773438,85
806,86.918335837749,43.3680520074814,14.6376342773438,85
807,50.5265427554987,43.9990981897081,14.6376342773438,85
808,55.7472932824866,47.0648742310754,14.6376342773438,85
809,41.1482940908146,43.5752545554797,14.6376342773438,85
810,88.0028154574845,42.7269242302296,14.6949024200439,85
811,86.842976060535,45.2849969559957,14.6949024200439,85
812,116.529848045651,49.9484461259987,14.6949024200439,85
813,125.936152600905,53.8742844513524,14.6949024200439,85
814,129.044874258192,57.910949467658,14.6949024200439,85
815,77.3921181924595,59.8899179536635,14.6949024200439,85
816,91.1340699982416,61.6997681335828,14.6949024200439,85
817,31.1145224769463,60.8386871398899,14.6949024200439,85
818,78.6183069874359,60.4147815200357,14.6949024200439,85
819,84.9841544526254,64.4163753294131,14.6949024200439,85
820,79.5295827312191,67.7702565077563,14.6949024200439,85
821,96.3784547125655,70.2557834820244,14.6949024200439,85
822,93.1945783470339,73.8485327500085,14.6949024200439,85
823,111.108607903462,74.5289173356354,14.6949024200439,85
824,132.634183944423,78.5621876749523,14.6949024200439,85
825,56.7336564614937,81.3716591425463,14.6949024200439,85
826,93.0310274993708,88.4480875731039,14.6949024200439,85
827,61.6053500167676,87.7787925821197,14.6949024200439,85
828,-23.404965380275,83.0329129540203,14.6949024200439,85
829,61.3869757133852,82.1166355682736,14.6949024200439,85
830,-15.048349204991,75.6435762896592,14.6949024200439,85
831,62.8273921180587,74.6799385408716,14.6949024200439,85
832,133.821075051588,78.0117198327152,14.6949024200439,85
833,21.9407221709932,76.6594569882554,14.6949024200439,85
834,23.0951893014467,75.9373327966807,14.5337934494019,85
835,107.200267266088,76.7052308690249,14.5337934494019,85
836,25.115807450279,74.2361441246146,14.5337934494019,85
837,72.0402843795955,72.4565615779724,14.5337934494019,85
838,76.7947806268983,70.4909066990121,14.5337934494019,85
839,100.787185845948,69.3605991625224,14.5337934494019,85
840,102.653795561748,70.3710662572939,14.5337934494019,85
841,6.57589542174085,66.9887392742339,14.5337934494019,85
842,89.1307443651122,69.3093881497605,14.5337934494019,85
843,102.49041766162,70.2642725767279,14.5337934494019,85
844,66.4976289441577,69.5248115563892,14.5337934494019,85
845,77.8298519660465,69.4568223257823,14.5337934494019,85
846,72.7822084261978,68.5129724743276,14.5337934494019,85
847,9.31211472376059,65.1576739293966,14.5337934494019,85
848,67.8170711021367,63.4260124573436,14.5337934494019,85
849,71.5901064168284,60.9842493562398,14.5337934494019,85
850,54.2018104361688,60.8829755152268,14.5337934494019,85
851,112.821324646732,61.6745874011213,14.5337934494019,85
852,40.9568264939317,60.8486464602079,14.5337934494019,85
853,40.8450935329798,63.418648816738,14.5337934494019,85
854,80.4672317637143,64.1818590587512,14.5337934494019,85
855,-13.215215758172,64.255184396624,14.5337934494019,85
856,58.8374548525639,64.0955869060042,14.5337934494019,85
857,102.82653145794,62.8558051622582,14.5337934494019,85
858,118.358804200632,66.7125284434438,14.6256875991821,85
859,100.318064855153,69.801443465592,14.6256875991821,85
860,31.1351688120743,66.7588395274315,14.6256875991821,85
861,106.722462907729,70.0231057457295,14.6256875991821,85
862,74.8376877817798,70.1350018818168,14.6256875991821,85
863,128.956642184908,72.2214763441372,14.6256875991821,85
864,101.497249796523,72.2498789021602,14.6256875991821,85
865,107.068681616303,72.4264743443424,14.6256875991821,85
866,97.9397567236061,76.081028796417,14.6256875991821,85
867,120.773497452282,77.3467389199038,14.6256875991821,85
868,104.432900876116,77.4244382484837,14.6256875991821,85
869,70.5536260852861,77.5866781341288,14.6256875991821,85
870,63.0691089545486,76.9962484136689,14.6256875991821,85
871,72.6293873587013,76.990135570969,14.6256875991821,85
872,44.1065583527692,78.3819133161294,14.6256875991821,85
873,17.585214541147,76.3726390536898,14.6256875991821,85
874,116.317967135092,78.1617534824203,14.6256875991821,85
875,70.7025103861342,78.8217814804189,14.6256875991821,85
876,103.155442721186,78.4351462033971,14.6256875991821,85
877,103.448410701666,80.9348095717065,14.6256875991821,85
878,141.944281972613,84.9787771092918,14.6256875991821,85
879,125.660623619721,86.7865127835321,14.6256875991821,85
880,93.9351521327356,91.0725274991684,14.6256875991821,85
881,112.835520037452,93.2324501065639,14.6256875991821,85
882,124.33857724545,94.0929319380643,21.2898273468018,85
883,82.7786963208069,92.6697276228713,21.2898273468018,85
884,52.9415078411461,90.7746653423111,21.2898273468018,85
885,113.545368710369,94.0710733382429,21.2898273468018,85
886,134.098528745256,95.1661159717439,21.2898273468018,85
887,125.161946189461,97.1790863080512,21.2898273468018,85
888,76.889736566384,95.0964100833102,21.2898273468018,85
889,137.977637005563,96.5556255716718,21.2898273468018,85
890,63.315610295605,94.8055027188439,21.2898273468018,85
891,108.959806646805,95.2463047157719,21.2898273468018,85
892,94.3511661431737,94.1894114634076,21.2898273468018,85
893,175.311097841768,97.0245393420336,21.2898273468018,85
894,102.765702046731,98.3130223804914,21.2898273468018,85
895,114.495816922582,100.370090699213,21.2898273468018,85
896,133.894999630207,102.820715190073,21.2898273468018,85
897,116.984419657727,105.735829642271,21.2898273468018,85
898,116.662319320067,109.698913833428,21.2898273468018,85
899,89.4118617970005,108.622669619904,21.2898273468018,85
900,93.9810675559089,109.553811906695,21.2898273468018,85
901,83.0610238287742,108.750035150999,21.2898273468018,85
902,102.522420089255,108.712995526502,21.2898273468018,85
903,104.213207002523,107.203752527699,21.2898273468018,85
904,88.4389798622964,105.714886777402,21.2898273468018,85
905,125.295296375653,106.969292547119,21.2898273468018,85
906,171.139608681872,109.301456092895,23.7089462280273,85
907,66.0789260017255,106.971070043146,23.7089462280273,85
908,90.6803599115363,107.287136586776,23.7089462280273,85
909,102.107026690945,109.253757340768,23.7089462280273,85
910,119.380485701046,109.487162020395,23.7089462280273,85
911,65.8410255401281,106.75686189219,23.7089462280273,85
912,90.6886647490486,105.377930634573,23.7089462280273,85
913,124.509153919281,107.282707328689,23.7089462280273,85
914,135.726097218358,107.192645737201,23.7089462280273,85
915,112.162516357263,109.146521979667,23.7089462280273,85
916,113.80135315025,109.340183839805,23.7089462280273,85
917,103.95703119764,109.724418441984,23.7089462280273,85
918,86.2734771981239,106.162913616238,23.7089462280273,85
919,83.5351335558517,105.393690876603,23.7089462280273,85
920,98.3688150425398,104.748610801401,23.7089462280273,85
921,121.644688804165,104.258598368359,23.7089462280273,85
922,120.083373212736,104.38255651056,23.7089462280273,85
923,148.503241565165,105.656193400363,23.7089462280273,85
924,120.287733719264,106.891228277254,23.7089462280273,85
925,113.269496421939,107.662765431895,23.7089462280273,85
926,120.761768422575,109.170795215647,23.7089462280273,85
927,196.660132972428,112.936303730974,23.7089462280273,85
928,125.794679327077,113.799562623956,23.7089462280273,85
929,166.312303690516,116.914495577085,23.7089462280273,85
930,155.052717260735,118.104792412488,29.4154014587402,85
931,100.036499730519,115.260668054434,29.4154014587402,85
932,116.789699963926,117.289099012922,29.4154014587402,85
933,124.67642159992,118.648941480458,29.4154014587402,85
934,100.525598523582,118.585684353763,29.4154014587402,85
935,129.304954414666,118.982663102308,29.4154014587402,85
936,98.7184933240296,120.297761813664,29.4154014587402,85
937,122.527767404982,121.571325919901,29.4154014587402,85
938,125.016336964512,121.591613241711,29.4154014587402,85
939,90.5180173343525,119.78329004635,29.4154014587402,85
940,128.040837697702,120.418422899968,29.4154014587402,85
941,149.27822532251,121.837497786858,29.4154014587402,85
942,102.491645550949,121.778882360991,29.4154014587402,85
943,129.972168900665,123.526830029092,29.4154014587402,85
944,116.712180341314,124.853911900511,29.4154014587402,85
945,142.221042580529,126.60800100203,29.4154014587402,85
946,62.7154003075576,124.250829462166,29.4154014587402,85
947,170.096190004261,126.251342133827,29.4154014587402,85
948,117.799018306892,125.023173203496,29.4154014587402,85
949,108.667555070811,124.558366057558,29.4154014587402,85
950,113.765635286189,124.578211612128,29.4154014587402,85
951,126.221138533671,124.796586416572,29.4154014587402,85
952,138.645414987082,122.475997697158,29.4154014587402,85
953,141.531142577302,123.105456227167,29.4154014587402,85
954,152.272722619339,122.54387298432,40.5911712646484,85
955,100.532130031828,120.363049495164,40.5911712646484,85
956,115.465345697812,120.980203333855,40.5911712646484,85
957,151.994735040507,122.388404736919,40.5911712646484,85
958,115.746824450725,122.031220850951,40.5911712646484,85
959,107.639010398831,122.315757325961,40.5911712646484,85
960,130.50406005315,122.3637215515,40.5911712646484,85
961,112.159325083762,122.901354821889,40.5911712646484,85
962,127.081791456642,123.083515783956,40.5911712646484,85
963,110.68384255857,122.510216007718,40.5911712646484,85
964,111.113922937489,123.334052231844,40.5911712646484,85
965,132.786608089442,123.523883047513,40.5911712646484,85
966,147.625160288867,123.457760446167,40.5911712646484,85
967,115.751477666147,123.988153730775,40.5911712646484,85
968,121.780798656573,123.660498921012,40.5911712646484,85
969,123.841611059295,123.945676149731,40.5911712646484,85
970,68.1041819431125,120.981001724234,40.5911712646484,85
971,131.620996243576,123.737225561675,40.5911712646484,85
972,169.047554269344,123.695280132278,40.5911712646484,85
973,82.6431813592499,122.289046654373,40.5911712646484,85
974,217.991438537547,126.662001993042,40.5911712646484,85
975,102.959357401587,126.229750877658,40.5911712646484,85
976,75.4382316955723,124.198434604134,40.5911712646484,85
977,100.555604583874,122.674842188006,40.5911712646484,85
978,139.095043480108,122.577398224118,42.9529075622559,85
979,163.458340411231,123.024822935794,42.9529075622559,85
980,158.933875670976,125.36089276136,42.9529075622559,85
981,112.721145471131,125.251124752292,42.9529075622559,85
982,124.919417226785,124.168112039744,42.9529075622559,85
983,199.088782653383,127.50179036785,42.9529075622559,85
984,105.828683990746,127.429377311526,42.9529075622559,85
985,126.123026336023,127.254135962841,42.9529075622559,85
986,132.173430904754,128.054700195681,42.9529075622559,85
987,82.6111294994668,126.275873717394,42.9529075622559,85
988,168.435518334806,128.585940748443,42.9529075622559,85
989,124.855763123184,129.135614355871,42.9529075622559,85
990,109.318685284061,128.196897443656,42.9529075622559,85
991,126.430285523936,127.349102453059,42.9529075622559,85
992,138.438931902588,128.256600622516,42.9529075622559,85
993,98.7915697112969,127.337031464705,42.9529075622559,85
994,101.915914342093,126.460003596017,42.9529075622559,85
995,111.074646033024,128.178822159614,42.9529075622559,85
996,141.163292998356,128.560514029805,42.9529075622559,85
997,117.237448734599,126.488109808415,42.9529075622559,85
998,128.72113195483,128.331227832238,42.9529075622559,85
999,131.034518499617,124.852951030721,42.9529075622559,85
1000,193.590522580154,128.478197637864,42.9529075622559,85
1001,188.617324989001,133.005361369601,42.9529075622559,85
1002,106.455211041785,133.241345627917,55.0679664611816,85
1003,110.722052914329,132.106426005286,55.0679664611816,85
1004,62.624622095377,128.073077272652,55.0679664611816,85
1005,133.446773794111,127.053593197577,55.0679664611816,85
1006,135.504472594125,127.964926282497,55.0679664611816,85
1007,130.203926344672,128.176306647213,55.0679664611816,85
1008,114.818449631696,124.805493326345,55.0679664611816,85
1009,117.962501760931,125.290846037153,55.0679664611816,85
1010,148.087801593465,126.16943704745,55.0679664611816,85
1011,82.7159557211749,124.191138040107,55.0679664611816,85
1012,104.367551127043,125.06139490521,55.0679664611816,85
1013,117.009145323713,123.004339984766,55.0679664611816,85
1014,103.875937646009,122.165146965679,55.0679664611816,85
1015,169.538550101001,124.573941558357,55.0679664611816,85
1016,156.099219874259,125.76069893237,55.0679664611816,85
1017,102.711169533465,124.331588437605,55.0679664611816,85
1018,112.261921072571,124.870402492056,55.0679664611816,85
1019,131.52357209014,126.054708801978,55.0679664611816,85
1020,118.577535911983,126.354824397136,55.0679664611816,85
1021,134.093786495034,126.072044137003,55.0679664611816,85
1022,154.628532452362,127.567687485714,55.0679664611816,85
1023,107.73583919529,126.728275775332,55.0679664611816,85
1024,149.803200706624,127.479023063613,55.0679664611816,85
1025,112.772180346787,124.246289374278,55.0679664611816,85
1026,108.373531844032,121.036537648479,55.9658164978027,85
1027,166.89193287541,123.454006521824,55.9658164978027,85
1028,170.290372719168,125.836739314018,55.9658164978027,85
1029,136.7233223972,128.800687326091,55.9658164978027,85
1030,228.04549695794,132.584636252644,55.9658164978027,85
1031,84.3996075243864,130.540441649854,55.9658164978027,85
1032,177.199015957137,132.420245234353,55.9658164978027,85
1033,183.327344575128,135.16060103209,55.9658164978027,85
1034,85.6533227067682,133.868233869924,55.9658164978027,85
1035,110.910852021437,132.381155887043,55.9658164978027,85
1036,104.390309782458,133.248130049494,55.9658164978027,85
1037,130.259527862221,134.283809118901,55.9658164978027,85
1038,115.201361390059,134.211497761555,55.9658164978027,85
1039,95.6602163168692,133.882868908389,55.9658164978027,85
1040,171.375130233952,133.956332113707,55.9658164978027,85
1041,142.203226589674,133.400492382324,55.9658164978027,85
1042,179.325735228779,136.465075010136,55.9658164978027,85
1043,133.802779830771,137.326709360464,55.9658164978027,85
1044,95.5783549259645,135.888900673897,55.9658164978027,85
1045,144.804580856111,136.937982471663,55.9658164978027,85
1046,170.266224488649,138.384879991407,55.9658164978027,85
1047,162.517047951772,138.700420611383,55.9658164978027,85
1048,159.500306050573,140.770999285595,55.9658164978027,85
1049,104.129342426106,138.944044954374,55.9658164978027,85
1050,119.37278216478,139.208069027094,59.6233520507812,85
1051,93.712756503068,138.621638013455,59.6233520507812,85
1052,156.077620374587,138.189065513422,59.6233520507812,85
1053,107.662272243707,135.683941494404,59.6233520507812,85
1054,120.205100337131,135.023212612001,59.6233520507812,85
1055,103.279328095623,130.032565857508,59.6233520507812,85
1056,159.350491635275,133.030601221944,59.6233520507812,85
1057,114.726260897424,130.531691019555,59.6233520507812,85
1058,156.99217233749,129.47828413005,59.6233520507812,85
1059,146.285679112037,131.903578386261,59.6233520507812,85
1060,152.995706853217,133.586972579532,59.6233520507812,85
1061,127.372006077285,134.506240431325,59.6233520507812,85
1062,211.164928883074,137.742456472159,59.6233520507812,85
1063,130.169509236847,138.341182386031,59.6233520507812,85
1064,115.438923445351,139.13233067117,59.6233520507812,85
1065,169.554130572199,139.0594906847,59.6233520507812,85
1066,177.071976314578,140.454240673696,59.6233520507812,85
1067,154.725001141013,139.470211310185,59.6233520507812,85
1068,117.823017011279,138.831020797406,59.6233520507812,85
1069,185.466463445676,142.426545138194,59.6233520507812,85
1070,186.196544697288,144.082223691841,59.6233520507812,85
1071,150.698778798309,143.299525864228,59.6233520507812,85
1072,192.724946019075,144.50784178692,59.6233520507812,85
1073,117.241994083945,142.817509308255,59.6233520507812,85
1074,174.936477842841,145.649794724924,62.483570098877,85
1075,150.733855450819,146.904237656366,62.483570098877,85
1076,159.39165664771,149.531393662151,62.483570098877,85
1077,136.996010194488,148.768129254947,62.483570098877,85
1078,124.085312664312,149.425050871771,62.483570098877,85
1079,154.193104888534,150.784571053828,62.483570098877,85
1080,111.279634571544,151.104583312864,62.483570098877,85
1081,161.862898906705,151.205079603722,62.483570098877,85
1082,165.98467035066,153.255415981851,62.483570098877,85
1083,145.585763983229,152.799159647681,62.483570098877,85
1084,190.903220664935,154.583861309796,62.483570098877,85
1085,152.375996937384,154.559072913163,62.483570098877,85
1086,148.455424937073,155.402409667555,62.483570098877,85
1087,150.869220971281,152.990581351083,62.483570098877,85
1088,154.318173350843,153.956527915643,62.483570098877,85
1089,107.677814802697,153.646083569937,62.483570098877,85
1090,246.973779773896,156.742869538005,62.483570098877,85
1091,134.220149043914,155.028796447178,62.483570098877,85
1092,147.557596209032,154.742100249899,62.483570098877,85
1093,189.91768089937,157.625886805422,62.483570098877,85
1094,193.073396941325,157.930164145248,62.483570098877,85
1095,143.836855348509,156.235776571297,62.483570098877,85
1096,168.822668300558,156.960732151387,62.483570098877,85
1097,192.60504469723,156.955936098513,62.483570098877,85
1098,89.4204008986601,155.843072371102,69.3000564575195,85
1099,139.686441872731,154.433070932297,69.3000564575195,85
1100,235.569503803761,157.826496866415,69.3000564575195,85
1101,204.151872705192,159.616905508714,69.3000564575195,85
1102,113.183678807842,158.664412253249,69.3000564575195,85
1103,155.644685294687,159.926787158464,69.3000564575195,85
1104,158.267027900721,160.089744078951,69.3000564575195,85
1105,147.057052601487,161.520840800149,69.3000564575195,85
1106,153.40930681336,161.182697116415,69.3000564575195,85
1107,176.372809964606,161.598222700973,69.3000564575195,85
1108,123.46618357835,160.713439484778,69.3000564575195,85
1109,103.525517975231,157.218331377189,69.3000564575195,85
1110,146.097915959869,156.967208138089,69.3000564575195,85
1111,167.677091763951,157.736074811164,69.3000564575195,85
1112,181.61825192878,158.966036049464,69.3000564575195,85
1113,174.2279623854,159.762427610846,69.3000564575195,85
1114,129.391118527379,160.630959759834,69.3000564575195,85
1115,153.804042210515,156.904170257298,69.3000564575195,85
1116,227.128930400869,160.620521511577,69.3000564575195,85
1117,253.481022176906,164.857458550291,69.3000564575195,85
1118,191.697276454096,164.928642372481,69.3000564575195,85
1119,122.638444824294,162.111244287799,69.3000564575195,85
1120,166.081481662074,163.001029340342,69.3000564575195,85
1121,180.278767990552,163.459273327942,69.3000564575195,85
1122,192.908968384682,163.47143027544,73.5335311889648,85
1123,238.00559887076,169.414838194324,73.5335311889648,85
1124,143.076895453671,169.550456337561,73.5335311889648,85
1125,202.442889732135,168.225391774696,73.5335311889648,85
1126,150.293461759525,166.07105533687,73.5335311889648,85
1127,171.20706929094,168.391990956194,73.5335311889648,85
1128,132.099442693343,167.45018125214,73.5335311889648,85
1129,143.137652115364,166.845006220726,73.5335311889648,85
1130,187.687841340029,168.470237770267,73.5335311889648,85
1131,187.890923211348,169.849502426187,73.5335311889648,85
1132,232.347285707065,172.088481455885,73.5335311889648,85
1133,192.387872173082,174.845348999675,73.5335311889648,85
1134,171.256514743951,177.554588870423,73.5335311889648,85
1135,162.649871221622,178.216667080893,73.5335311889648,85
1136,251.18666477697,181.557050001414,73.5335311889648,85
1137,148.302559815805,180.224422316895,73.5335311889648,85
1138,152.272908172346,179.346220148373,73.5335311889648,85
1139,154.283097808546,180.34189931962,73.5335311889648,85
1140,161.435107911233,180.647141947648,73.5335311889648,85
1141,189.874806717637,179.156977000319,73.5335311889648,85
1142,135.660980281182,174.44417532449,73.5335311889648,85
1143,146.648047005043,172.642206146528,73.5335311889648,85
1144,194.911769533956,175.533139134915,73.5335311889648,85
1145,128.411651932651,174.026345945738,73.5335311889648,85
1146,175.822253975666,173.848085385142,77.5789947509766,85
1147,212.226356039721,174.620780891344,77.5789947509766,85
1148,139.244469834263,170.670335729884,77.5789947509766,85
1149,212.167098681407,173.433943858993,77.5789947509766,85
1150,230.868380137921,174.570963475225,77.5789947509766,85
1151,175.614219915552,175.583793801466,77.5789947509766,85
1152,171.999698659848,175.615498976222,77.5789947509766,85
1153,136.830500038759,175.804741270039,77.5789947509766,85
1154,234.708129637423,179.467560370921,77.5789947509766,85
1155,146.877731870458,177.835155992138,77.5789947509766,85
1156,178.23473515556,177.448908469907,77.5789947509766,85
1157,124.161753468623,173.121487180369,77.5789947509766,85
1158,100.143693912028,169.431720049927,77.5789947509766,85
1159,162.659607219538,169.08784374895,77.5789947509766,85
1160,209.937276207314,170.979339948378,77.5789947509766,85
1161,175.976778417864,167.970944494014,77.5789947509766,85
1162,160.719681891139,168.467629377027,77.5789947509766,85
1163,136.257192655401,167.827000756349,77.5789947509766,85
1164,177.01427260447,168.736247748186,77.5789947509766,85
1165,222.928725437202,171.195992449225,77.5789947509766,85
1166,287.262549240917,175.091502150156,77.5789947509766,85
1167,168.261126108443,176.395507983247,77.5789947509766,85
1168,187.576878535528,178.032661244466,77.5789947509766,85
1169,179.22835846773,177.405324801817,77.5789947509766,85
1170,186.621699254854,179.733726694705,84.3097076416016,85
1171,143.096634881068,178.424701930921,84.3097076416016,85
1172,165.382781316012,176.550958941973,84.3097076416016,85
1173,268.059555240176,181.703562358209,84.3097076416016,85
1174,156.994466376765,179.496657066024,84.3097076416016,85
1175,181.114422095176,177.506498744314,84.3097076416016,85
1176,187.266779489784,177.972601127283,84.3097076416016,85
1177,218.330556392961,179.825835436608,84.3097076416016,85
1178,144.196239290976,180.120465006696,84.3097076416016,85
1179,287.358025034609,182.226460822584,84.3097076416016,85
1180,175.260271801898,183.361762419841,84.3097076416016,85
1181,200.657679100621,184.258680177644,84.3097076416016,85
1182,129.380943073666,184.467447761846,84.3097076416016,85
1183,159.476233859199,186.840749359733,84.3097076416016,85
1184,212.711237412345,188.842814567445,84.3097076416016,85
1185,196.473548607966,188.304265463471,84.3097076416016,85
1186,237.552442173282,190.767292013688,84.3097076416016,85
1187,171.264327600001,191.189077842042,84.3097076416016,85
1188,223.454287258803,194.676961626178,84.3097076416016,85
1189,255.129904135435,197.801586887417,84.3097076416016,85
1190,134.670345897453,194.271251705827,84.3097076416016,85
1191,153.024953026789,188.901747857262,84.3097076416016,85
1192,255.870519657009,192.406123599204,84.3097076416016,85
1193,175.768353396485,191.933782593642,84.3097076416016,85
1194,152.612388971354,190.869143813787,90.1952209472656,85
1195,204.793102978966,191.595999962752,90.1952209472656,85
1196,218.986378449685,194.631589705497,90.1952209472656,85
1197,196.236081622785,195.865721717768,90.1952209472656,85
1198,220.727109537045,193.972423889642,90.1952209472656,85
1199,170.929244970767,194.529815033402,90.1952209472656,85
1200,216.894538511778,195.961019690066,90.1952209472656,85
1201,224.254297098636,197.44052039442,90.1952209472656,85
1202,189.21016239345,196.27570463444,90.1952209472656,85
1203,186.325138411615,197.960860599266,90.1952209472656,85
1204,235.175521533109,195.873560459206,90.1952209472656,85
1205,149.333649930522,194.836495584351,90.1952209472656,85
1206,154.155229439713,192.976397597914,90.1952209472656,85
1207,194.722461153101,195.590058321092,90.1952209472656,85
1208,283.799548237523,200.562990896225,90.1952209472656,85
1209,173.092697828151,198.978249312857,90.1952209472656,85
1210,135.133688492372,196.524654908233,90.1952209472656,85
1211,192.931227669739,194.739806328091,90.1952209472656,85
1212,263.122651164451,198.414139270669,90.1952209472656,85
1213,185.52883966725,196.897121367007,90.1952209472656,85
1214,190.48250065283,194.311225227703,90.1952209472656,85
1215,205.532454869804,197.145709586597,90.1952209472656,85
1216,200.798377570631,199.056646568351,90.1952209472656,85
1217,177.951084477327,195.939869161163,90.1952209472656,85
1218,256.123952891775,199.154093140975,97.6498413085938,85
1219,153.684453827928,199.196975735238,97.6498413085938,85
1220,106.308768709563,195.257602364462,97.6498413085938,85
1221,199.031660816454,194.459413659133,97.6498413085938,85
1222,153.432387842683,192.747265907929,97.6498413085938,85
1223,183.701809311534,191.266253898908,97.6498413085938,85
1224,243.302284445329,194.161175477891,97.6498413085938,85
1225,250.379039431111,195.500555514664,97.6498413085938,85
1226,184.327008470709,193.903463969547,97.6498413085938,85
1227,157.507970842718,192.635376307518,97.6498413085938,85
1228,174.064019116374,192.144931535708,97.6498413085938,85
1229,178.958906987694,189.896266953891,97.6498413085938,85
1230,198.355155522411,191.857127177567,97.6498413085938,85
1231,233.477704760159,195.030026190385,97.6498413085938,85
1232,173.495324267804,194.180940714973,97.6498413085938,85
1233,192.340771429839,190.522589642665,97.6498413085938,85
1234,207.597010800784,191.902762161571,97.6498413085938,85
1235,181.037052856589,193.73889673614,97.6498413085938,85
1236,184.601448197706,193.405705557258,97.6498413085938,85
1237,161.86875350656,189.355549650943,97.6498413085938,85
1238,238.896033756341,191.490237414506,97.6498413085938,85
1239,201.994266471129,191.950708047238,97.6498413085938,85
1240,234.092027472475,193.093090951345,97.6498413085938,85
1241,209.130420396322,193.426372664373,97.6498413085938,85
1242,191.423600265082,193.965273295883,102.698043823242,85
1243,123.654218347485,188.666483914111,102.698043823242,85
1244,198.43076530682,190.456336373267,102.698043823242,85
1245,234.072171519945,195.566872485682,102.698043823242,85
1246,251.626080795105,197.670649284828,102.698043823242,85
1247,199.012218766529,199.493842521782,102.698043823242,85
1248,291.298359936591,203.797704546784,102.698043823242,85
1249,129.660773276056,199.252044100014,102.698043823242,85
1250,157.630562107048,195.542105007051,102.698043823242,85
1251,258.808293160939,198.52135639466,102.698043823242,85
1252,186.057004573078,199.663317743875,102.698043823242,85
1253,191.342529582697,200.354458162528,102.698043823242,85
1254,190.058105988877,200.798426122575,102.698043823242,85
1255,138.758212487992,198.414548401198,102.698043823242,85
1256,246.935914599592,198.952876794775,102.698043823242,85
1257,270.576965170002,202.836142430863,102.698043823242,85
1258,237.381180898309,204.637758809602,102.698043823242,85
1259,222.616431043129,205.238535619296,102.698043823242,85
1260,235.852147773458,207.431139415971,102.698043823242,85
1261,195.16964593038,207.853867325278,102.698043823242,85
1262,233.406705549532,210.715385406996,102.698043823242,85
1263,116.96699274826,205.838223766673,102.698043823242,85
1264,218.814232460824,206.511022406261,102.698043823242,85
1265,246.626029159579,207.012382473745,102.698043823242,85
1266,172.473850935783,205.546119695324,108.379219055176,85
1267,234.334860050594,207.262570086744,108.379219055176,85
1268,209.025627592335,210.677426456538,108.379219055176,85
1269,176.106470429455,209.784454661444,108.379219055176,85
1270,206.265688378944,208.672195335804,108.379219055176,85
1271,209.662887897026,206.99366761988,108.379219055176,85
1272,208.167513413308,207.359879405752,108.379219055176,85
1273,233.72116753372,205.056791709637,108.379219055176,85
1274,205.818903349527,208.103116912576,108.379219055176,85
1275,224.162278401215,210.764385564342,108.379219055176,85
1276,247.250636489648,210.302079297491,108.379219055176,85
1277,245.598952263215,212.683757205096,108.379219055176,85
1278,187.326502347606,212.523116115692,108.379219055176,85
1279,236.509197870709,214.381159790966,108.379219055176,85
1280,190.90345773427,216.466969600817,108.379219055176,85
1281,259.653297443193,216.975664914561,108.379219055176,85
1282,225.848774255541,215.186537277982,108.379219055176,85
1283,188.453557886121,213.229432357495,108.379219055176,85
1284,147.647389155357,210.230670681984,108.379219055176,85
1285,240.697155763915,210.424471001602,108.379219055176,85
1286,144.39903612433,208.39364660936,108.379219055176,85
1287,268.276665430666,209.788445004606,108.379219055176,85
1288,277.667204315494,216.216453467295,108.379219055176,85
1289,205.739974820157,215.693483161668,108.379219055176,85
1290,178.692162093026,212.976128479006,112.103500366211,85
1291,256.622451528427,216.342072502712,112.103500366211,85
1292,218.816302762439,215.721330211186,112.103500366211,85
1293,247.645668930619,217.266131864717,112.103500366211,85
1294,229.744199874731,219.411641042528,112.103500366211,85
1295,240.773568183281,220.791956234702,112.103500366211,85
1296,164.401320563845,218.981493541374,112.103500366211,85
1297,145.851000145801,216.488833010674,112.103500366211,85
1298,240.990529284318,216.779607480698,112.103500366211,85
1299,226.950419043802,217.624868108469,112.103500366211,85
1300,255.087740246126,218.861886582265,112.103500366211,85
1301,229.563067589874,218.154383826275,112.103500366211,85
1302,188.661733671381,215.876895082601,112.103500366211,85
1303,166.927478507585,215.060934129,112.103500366211,85
1304,236.816491707053,215.073225882454,112.103500366211,85
1305,256.079784969159,217.68027897185,112.103500366211,85
1306,289.003377364289,218.854282168693,112.103500366211,85
1307,171.074307936682,216.663303515939,112.103500366211,85
1308,164.873538233184,215.720102729822,112.103500366211,85
1309,186.776268747835,217.285257913521,112.103500366211,85
1310,280.46343006848,218.875908885703,112.103500366211,85
1311,287.786825480512,224.611420459951,112.103500366211,85
1312,182.323185626544,221.173281267786,112.103500366211,85
1313,236.377757594036,219.521703398927,112.103500366211,85
1314,226.040040504315,220.333706026294,114.393218994141,85
1315,197.912302838172,221.1025116561,114.393218994141,85
1316,153.298204380334,216.969541770176,114.393218994141,85
1317,212.708351599578,216.725223723661,114.393218994141,85
1318,192.544757426275,214.521187263488,114.393218994141,85
1319,200.612531005452,213.355920508716,114.393218994141,85
1320,255.13768795361,213.93048529953,114.393218994141,85
1321,215.211106152226,215.962876723065,114.393218994141,85
1322,281.460141166654,221.387242363899,114.393218994141,85
1323,275.113749028685,222.752171153674,114.393218994141,85
1324,241.31674202343,223.326824072859,114.393218994141,85
1325,197.512777445731,221.023825560843,114.393218994141,85
1326,166.368439277336,218.496040428342,114.393218994141,85
1327,224.574466676072,219.932549748529,114.393218994141,85
1328,216.310133126624,221.907855933291,114.393218994141,85
1329,173.160356533998,219.361610526369,114.393218994141,85
1330,215.668125358432,217.745144141939,114.393218994141,85
1331,276.775181182177,217.256016294655,114.393218994141,85
1332,271.786938837712,221.284521530696,114.393218994141,85
1333,216.845899277407,223.363415972465,114.393218994141,85
1334,184.813562662314,223.284907729044,114.393218994141,85
1335,222.656831469435,220.972643785083,114.393218994141,85
1336,236.248612911479,218.911115282321,114.393218994141,85
1337,230.471353885091,220.837042012663,114.393218994141,85
1338,218.217699289745,220.110639680491,120.778709411621,85
1339,238.631715481193,220.614306679567,120.778709411621,85
1340,222.651806422536,221.603886822941,120.778709411621,85
1341,272.355243363873,226.366168382283,120.778709411621,85
1342,326.210950416123,230.906272334944,120.778709411621,85
1343,231.985417218427,232.48389872663,120.778709411621,85
1344,223.367983380732,233.394116821642,120.778709411621,85
1345,265.651288123533,233.814660828439,120.778709411621,85
1346,170.296364066981,232.018071145029,120.778709411621,85
1347,220.752994705217,229.589785286571,120.778709411621,85
1348,247.013096690039,228.465759193025,120.778709411621,85
1349,233.809862711154,228.165484020534,120.778709411621,85
1350,225.630160175826,229.290179329738,120.778709411621,85
1351,218.954045219824,231.393603567438,120.778709411621,85
1352,202.968827188803,230.529377987947,120.778709411621,85
1353,199.847008450821,229.870853000915,120.778709411621,85
1354,228.611255287228,232.088888951044,120.778709411621,85
1355,207.548683187355,231.764111264201,120.778709411621,85
1356,246.09531390061,230.536916572938,120.778709411621,85
1357,157.706625632425,225.973704044727,120.778709411621,85
1358,185.573751402013,224.722818129711,120.778709411621,85
1359,221.140708633701,226.175903968567,120.778709411621,85
1360,195.884594624949,225.105014494787,120.778709411621,85
1361,274.944891948486,226.652865656267,120.778709411621,85
1362,262.409609498253,227.930395880794,125.604949951172,85
1363,265.017645042733,229.802393710913,125.604949951172,85
1364,271.092499113405,231.100825056202,125.604949951172,85
1365,290.131185979504,233.80000023848,125.604949951172,85
1366,258.527164775325,233.246877094939,125.604949951172,85
1367,291.843665329453,231.872185691472,125.604949951172,85
1368,207.114677738254,230.877356112265,125.604949951172,85
1369,311.901209479685,234.418685156223,125.604949951172,85
1370,202.039916957429,231.874230309579,125.604949951172,85
1371,273.710035718083,236.010777175623,125.604949951172,85
1372,223.282646494595,236.111963247198,125.604949951172,85
1373,143.711102718132,231.979883488322,125.604949951172,85
1374,221.721909998883,231.496365379831,125.604949951172,85
1375,195.429982262403,230.288358263294,125.604949951172,85
1376,259.515033774099,231.910797805465,125.604949951172,85
1377,239.624179132528,233.377011883214,125.604949951172,85
1378,253.540005817418,235.524731777878,125.604949951172,85
1379,232.13169605875,235.665549408739,125.604949951172,85
1380,218.484810415774,236.102994497876,125.604949951172,85
1381,188.642366323125,233.804876594776,125.604949951172,85
1382,265.56477110936,238.119202413854,125.604949951172,85
1383,165.879710428152,237.331440774899,125.604949951172,85
1384,193.496148625317,236.225658374564,125.604949951172,85
1385,218.671473601149,237.137133533612,125.604949951172,85
1386,225.091943076551,235.143015578734,129.882919311523,85
1387,165.677197794469,231.273719110583,129.882919311523,85
1388,262.492140419691,231.172698925661,129.882919311523,85
1389,254.130926752054,230.494236031207,129.882919311523,85
1390,209.164573100769,227.255571516058,129.882919311523,85
1391,181.838484032355,224.188024286339,129.882919311523,85
1392,223.894515459256,221.470058291531,129.882919311523,85
1393,264.486374572761,223.764926164912,129.882919311523,85
1394,195.0416571297,219.090544070912,129.882919311523,85
1395,272.732629067499,221.918252555315,129.882919311523,85
1396,207.172211892397,219.256739602287,129.882919311523,85
1397,146.181029362643,216.172674917009,129.882919311523,85
1398,242.553847344444,220.126384702062,129.882919311523,85
1399,222.000300729417,220.137520331283,129.882919311523,85
1400,245.644440709094,222.146098669151,129.882919311523,85
1401,278.956318068232,222.923750040916,129.882919311523,85
1402,156.516995449204,219.599462693583,129.882919311523,85
1403,211.947953707251,217.935780609177,129.882919311523,85
1404,299.856584050714,220.644776128855,129.882919311523,85
1405,310.093627196363,224.309128800079,129.882919311523,85
1406,315.556034952034,229.385675545235,129.882919311523,85
1407,247.734442687607,228.672462408365,129.882919311523,85
1408,220.458705815714,230.855622223867,129.882919311523,85
1409,296.182711783978,234.963084750214,129.882919311523,85
1410,255.700586451824,236.444249264241,133.512283325195,85
1411,193.268444182696,235.171309308487,133.512283325195,85
1412,259.147810126268,238.910133801759,133.512283325195,85
1413,234.398626334992,237.786393238371,133.512283325195,85
1414,213.45654366723,236.159417914978,133.512283325195,85
1415,241.378201495502,237.447963050767,133.512283325195,85
1416,214.612969758988,238.758942479832,133.512283325195,85
1417,153.015192583127,235.923769564787,133.512283325195,85
1418,273.102898195476,236.268430509696,133.512283325195,85
1419,263.121960793465,238.991642656246,133.512283325195,85
1420,176.608778388873,235.146688629101,133.512283325195,85
1421,223.57102482576,235.802641146436,133.512283325195,85
1422,276.406640794866,241.011665603725,133.512283325195,85
1423,214.604514510347,239.893692290361,133.512283325195,85
1424,201.384367809337,239.069054973558,133.512283325195,85
1425,282.079114157583,240.526441911497,133.512283325195,85
1426,156.510527547169,235.628610290655,133.512283325195,85
1427,291.672299431943,241.034822449964,133.512283325195,85
1428,244.448279959643,242.33483550006,133.512283325195,85
1429,220.864241204054,239.175141786194,133.512283325195,85
1430,199.901806184375,234.767468945714,133.512283325195,85
1431,235.411952379644,231.561705642818,133.512283325195,85
1432,304.513071255749,233.832850785544,133.512283325195,85
1433,290.238117375842,236.624027247949,133.512283325195,85
1434,238.877146978788,234.331804655742,139.937911987305,85
1435,197.348841698607,231.997734865613,139.937911987305,85
1436,159.66740519583,230.653693306138,139.937911987305,85
1437,268.901670719388,231.043847729863,139.937911987305,85
1438,159.514562380973,228.048485171702,139.937911987305,85
1439,233.575923300925,228.85326035705,139.937911987305,85
1440,230.980636703182,228.437357765357,139.937911987305,85
1441,268.1095706444,230.577221800774,139.937911987305,85
1442,210.681027689366,232.883855205023,139.937911987305,85
1443,172.541710238223,228.861407686733,139.937911987305,85
1444,271.187878657795,229.184044401306,139.937911987305,85
1445,234.482332944992,231.498986583551,139.937911987305,85
1446,282.028975365047,233.837304605123,139.937911987305,85
1447,231.865006560813,232.055639235761,139.937911987305,85
1448,227.516514329263,232.572119228517,139.937911987305,85
1449,227.669984427807,233.623543893256,139.937911987305,85
1450,176.450009652503,229.398379713053,139.937911987305,85
1451,219.180768709501,231.905189359546,139.937911987305,85
1452,246.259243108094,230.088667106592,139.937911987305,85
1453,277.259051310167,231.401097960613,139.937911987305,85
1454,199.513519578411,230.547069095587,139.937911987305,85
1455,230.611825889078,231.775469883776,139.937911987305,85
1456,228.07919375026,231.4821595386,139.937911987305,85
1457,283.142726542884,230.627345750086,139.937911987305,85
1458,234.775226106801,228.408830099324,140.289016723633,85
1459,269.93510913653,229.651148585634,140.289016723633,85
1460,292.709270411645,233.465565734155,140.289016723633,85
1461,283.095991097218,238.402709170211,140.289016723633,85
1462,191.960549315066,235.325064314038,140.289016723633,85
1463,280.504848780069,240.164675770002,140.289016723633,85
1464,287.973042849544,242.340560551946,140.289016723633,85
1465,231.870562074103,242.376157566783,140.289016723633,85
1466,261.296569389367,242.103637516582,140.289016723633,85
1467,198.452599331141,241.614500382253,140.289016723633,85
1468,233.972221858867,244.071720847079,140.289016723633,85
1469,303.591049887748,245.367847696277,140.289016723633,85
1470,308.778382869701,248.339689693265,140.289016723633,85
1471,261.467490939017,247.517230316224,140.289016723633,85
1472,220.894037559724,247.07839155618,140.289016723633,85
1473,233.840130427426,247.331336200107,140.289016723633,85
1474,205.353287801438,246.438668335052,140.289016723633,85
1475,269.080827471585,250.143901047815,140.289016723633,85
1476,290.42802094251,252.993791137136,140.289016723633,85
1477,295.201896457399,254.951497271108,140.289016723633,85
1478,264.266631010183,254.431800459109,140.289016723633,85
1479,256.54743353472,256.713157017361,140.289016723633,85
1480,309.027794424986,259.849795758797,140.289016723633,85
1481,232.142902261254,260.012344099237,140.289016723633,85
1482,232.582604635405,257.989939222938,148.602035522461,85
1483,294.214488156823,260.367509704939,148.602035522461,85
1484,282.192781731862,260.857816608752,148.602035522461,85
1485,228.253027150284,258.279566878298,148.602035522461,85
1486,254.201942897043,257.123804950291,148.602035522461,85
1487,231.426582061074,258.702446260131,148.602035522461,85
1488,260.831205219184,257.915500517696,148.602035522461,85
1489,232.372557711737,255.691481112183,148.602035522461,85
1490,259.337997973865,256.790178548174,148.602035522461,85
1491,294.254806417576,258.108508029302,148.602035522461,85
1492,217.898394571409,258.886339838913,148.602035522461,85
1493,251.941590761433,259.605114595015,148.602035522461,85
1494,285.715558386311,258.890094934958,148.602035522461,85
1495,276.211474070608,257.587418582994,148.602035522461,85
1496,298.433038657667,259.06604049174,148.602035522461,85
1497,114.500640257099,254.810304599635,148.602035522461,85
1498,284.047469098616,256.818598146483,148.602035522461,85
1499,282.019231632528,259.885235899726,148.602035522461,85
1500,247.46344754553,259.020540702684,148.602035522461,85
1501,264.807462870395,257.9957183798,148.602035522461,85
1502,172.38975059134,253.083232545157,148.602035522461,85
1503,256.969937291357,252.791364796404,148.602035522461,85
1504,308.252480897635,254.859566690921,148.602035522461,85
1505,314.39285793759,255.074169231425,148.602035522461,85
1506,311.161084636883,258.23489652645,150.189712524414,85
1507,293.013489026474,260.652131902093,150.189712524414,85
1508,271.98842492072,259.763089372649,150.189712524414,85
1509,217.100416436139,257.15939476082,150.189712524414,85
1510,276.895659626697,259.105100059876,150.189712524414,85
1511,278.211196290671,260.065470195622,150.189712524414,85
1512,311.925836575826,263.285440376212,150.189712524414,85
1513,189.937249131463,260.449682132703,150.189712524414,85
1514,257.707521676132,261.463080691278,150.189712524414,85
1515,295.38333853913,262.904894313889,150.189712524414,85
1516,254.17375976796,261.301652447904,150.189712524414,85
1517,260.115129525976,262.990321846087,150.189712524414,85
1518,296.573482850608,264.775597529654,150.189712524414,85
1519,213.15182429693,261.873048166079,150.189712524414,85
1520,280.908578603969,262.060932347413,150.189712524414,85
1521,245.526421329766,259.944667654297,150.189712524414,85
1522,256.246853007613,265.614516164318,150.189712524414,85
1523,263.732460440514,264.801915817994,150.189712524414,85
1524,245.433628112233,263.338491677182,150.189712524414,85
1525,234.390744962258,262.815583573851,150.189712524414,85
1526,262.723536567193,262.732226521723,150.189712524414,85
1527,272.751308268222,266.746688828798,150.189712524414,85
1528,261.815263304849,266.940501869338,150.189712524414,85
1529,277.567451865603,265.713100708057,150.189712524414,85
1530,248.703912326774,263.085542883624,157.101119995117,85
1531,174.215506416012,257.607719754789,157.101119995117,85
1532,249.285360214923,255.858594602327,157.101119995117,85
1533,265.708302421758,255.607389702369,157.101119995117,85
1534,316.426292566953,259.580424747601,157.101119995117,85
1535,200.817507852157,256.53729867662,157.101119995117,85
1536,267.419144651453,256.105616611051,157.101119995117,85
1537,305.566255227525,255.851233357119,157.101119995117,85
1538,304.49763590361,260.433648828005,157.101119995117,85
1539,296.56335059306,261.987881984682,157.101119995117,85
1540,259.932091714551,260.569832111699,157.101119995117,85
1541,264.027518145453,260.963982446799,157.101119995117,85
1542,301.114089069213,262.603940828528,157.101119995117,85
1543,238.166914634583,260.267678099887,157.101119995117,85
1544,297.668824083315,263.648358091342,157.101119995117,85
1545,248.346290850376,262.345866581199,157.101119995117,85
1546,302.146638991902,264.610675287684,157.101119995117,85
1547,294.724369869325,266.149775962153,157.101119995117,85
1548,215.413334895714,264.217010940361,157.101119995117,85
1549,180.655166850958,261.62587248991,157.101119995117,85
1550,256.731805364028,262.51951490598,157.101119995117,85
1551,238.688721129414,261.558122288469,157.101119995117,85
1552,236.500866936167,260.108104635187,157.101119995117,85
1553,302.142822145515,261.721206988814,157.101119995117,85
1554,248.639145476934,260.564074733267,157.777328491211,85
1555,243.078274932036,260.339049237477,157.777328491211,85
1556,297.3603156552,265.264841607045,157.777328491211,85
1557,250.87379943662,265.328379175913,157.777328491211,85
1558,253.546273416521,264.841898015703,157.777328491211,85
1559,256.242428543317,262.434543454758,157.777328491211,85
1560,297.498295602996,266.301774964791,157.777328491211,85
1561,282.523732813261,266.905958491264,157.777328491211,85
1562,309.993922349174,267.08306517613,157.777328491211,85
1563,256.344128939466,265.156924897564,157.777328491211,85
1564,227.003518837406,262.374531627338,157.777328491211,85
1565,287.766994258957,263.487927729114,157.777328491211,85
1566,202.570517855297,261.029647717508,157.777328491211,85
1567,253.958876510176,259.143439215146,157.777328491211,85
1568,319.787261489698,262.408253089351,157.777328491211,85
1569,282.483767708565,261.800850834361,157.777328491211,85
1570,284.959724328172,263.265388173473,157.777328491211,85
1571,256.519509387641,261.440302989302,157.777328491211,85
1572,292.159422092741,261.337705078239,157.777328491211,85
1573,234.941114533618,262.118816263755,157.777328491211,85
1574,314.359203392247,267.466977725407,157.777328491211,85
1575,233.578011427518,266.540825967946,157.777328491211,85
1576,271.150684666252,267.83930450942,157.777328491211,85
1577,309.102056684272,270.743352099344,157.777328491211,85
1578,321.469665444893,271.516425831319,160.679382324219,85
1579,260.056085899784,271.973103448233,160.679382324219,85
1580,293.27171943856,273.980841228494,160.679382324219,85
1581,279.850174554827,273.280435584479,160.679382324219,85
1582,231.385421414612,272.500900463599,160.679382324219,85
1583,258.519518616066,272.699830271581,160.679382324219,85
1584,318.583475149915,275.193472135845,160.679382324219,85
1585,322.94156949932,276.211203091698,160.679382324219,85
1586,290.851899880162,276.544329774374,160.679382324219,85
1587,237.23488131073,273.633968132836,160.679382324219,85
1588,193.771323824577,271.13105592824,160.679382324219,85
1589,313.011479351073,274.571374348787,160.679382324219,85
1590,286.624389282933,274.525670149746,160.679382324219,85
1591,276.524189881415,277.483817030791,160.679382324219,85
1592,257.238116424947,277.614986627382,160.679382324219,85
1593,191.577762488325,272.486606667327,160.679382324219,85
1594,290.717025026168,272.815936960031,160.679382324219,85
1595,276.427064677377,272.474630573999,160.679382324219,85
1596,291.696855830105,273.881724431697,160.679382324219,85
1597,180.789585300847,269.426930960022,160.679382324219,85
1598,266.944039773084,270.7070479696,160.679382324219,85
1599,294.662168731731,269.91916658318,160.679382324219,85
1600,293.531846797698,272.317319997987,160.679382324219,85
1601,271.505399604125,272.331508595502,160.679382324219,85
1602,253.483637863518,270.106771842672,161.021240234375,85
1603,291.361055650532,268.902427450897,161.021240234375,85
1604,238.931959217156,268.057462383592,161.021240234375,85
1605,293.617464175182,268.071292173057,161.021240234375,85
1606,257.110531835818,267.161706464297,161.021240234375,85
1607,283.501368824629,269.246344360697,161.021240234375,85
1608,271.327324387852,269.758656591569,161.021240234375,85
1609,311.289251657548,269.466887651874,161.021240234375,85
1610,263.182468064643,267.076523594487,161.021240234375,85
1611,322.151001842265,268.328487672971,161.021240234375,85
1612,250.134553295362,268.844474552356,161.021240234375,85
1613,240.743759871745,270.723371994243,161.021240234375,85
1614,324.814079294402,271.195475991976,161.021240234375,85
1615,314.599045086655,272.314462224125,161.021240234375,85
1616,176.284387095566,268.304870112691,161.021240234375,85
1617,328.971954070866,271.174223618528,161.021240234375,85
1618,266.814883894191,274.183708474763,161.021240234375,85
1619,325.503539335202,275.575169047124,161.021240234375,85
1620,309.154400731355,276.884262489283,161.021240234375,85
1621,277.717119767996,276.325073046799,161.021240234375,85
1622,308.227704711227,281.422597823214,161.021240234375,85
1623,307.163620834298,283.031381065662,161.021240234375,85
1624,318.722280763984,283.993785546953,161.021240234375,85
1625,299.552474205374,284.23461064326,161.021240234375,85
1626,293.61098209265,285.118833942801,165.938522338867,85
1627,255.520608844401,285.200312782036,165.938522338867,85
1628,298.579115558609,285.489035178359,165.938522338867,85
1629,280.601529897378,287.155818005568,165.938522338867,85
1630,270.463405502813,286.229655658673,165.938522338867,85
1631,308.002069040386,288.265317146856,165.938522338867,85
1632,266.256784874054,287.575533788833,165.938522338867,85
1633,295.688989259857,288.550000383713,165.938522338867,85
1634,283.059319463254,287.420803095941,165.938522338867,85
1635,276.225252092446,287.942514457053,165.938522338867,85
1636,230.180134086599,284.263679746827,165.938522338867,85
1637,280.514377675272,285.478872722023,165.938522338867,85
1638,281.874571163151,287.124105173679,165.938522338867,85
1639,313.72847132127,286.680680854754,165.938522338867,85
1640,287.175278802923,285.583730203405,165.938522338867,85
1641,285.575215969337,289.955363358356,165.938522338867,85
1642,332.630567228873,290.101707884676,165.938522338867,85
1643,223.705864638721,288.377347114457,165.938522338867,85
1644,293.841212579725,287.110854044238,165.938522338867,85
1645,237.968967281167,284.263436706231,165.938522338867,85
1646,292.094423200751,284.838528843541,165.938522338867,85
1647,261.436155649087,282.966866881055,165.938522338867,85
1648,250.854289539797,280.714493629275,165.938522338867,85
1649,177.642609346833,275.071306772589,165.938522338867,85
1650,257.850927356391,273.40324489863,171.240463256836,85
1651,305.195944859154,273.86664340929,171.240463256836,85
1652,246.164036634443,273.492380520892,171.240463256836,85
1653,285.527379739594,272.970311088131,171.240463256836,85
1654,258.703738359807,272.094399426628,171.240463256836,85
1655,286.553032864177,272.737984521083,171.240463256836,85
1656,308.235130571296,272.747306982319,171.240463256836,85
1657,254.135250035014,272.262445588758,171.240463256836,85
1658,313.499363285384,272.974860549779,171.240463256836,85
1659,205.979745916456,269.891677607907,171.240463256836,85
1660,225.775763469882,267.873698063004,171.240463256836,85
1661,269.403876533622,269.442647760885,171.240463256836,85
1662,267.774899151631,268.933068619939,171.240463256836,85
1663,287.386421582311,269.153542636706,171.240463256836,85
1664,315.729153521114,269.2335699247,171.240463256836,85
1665,270.130881540485,268.551794034202,171.240463256836,85
1666,182.881155661467,264.444031621887,171.240463256836,85
1667,327.369644989273,264.233594732303,171.240463256836,85
1668,196.693853375859,263.153114281789,171.240463256836,85
1669,301.942980201519,263.477184986661,171.240463256836,85
1670,292.920228050224,265.675235417423,171.240463256836,85
1671,253.085148387162,264.114864424879,171.240463256836,85
1672,231.433725081235,262.914767202165,171.240463256836,85
1673,313.02594442932,265.401633397746,171.240463256836,85
1674,248.942016545497,268.253609685693,171.287399291992,85
1675,230.708979652654,267.167931777543,171.287399291992,85
1676,279.607927477728,266.144411082286,171.287399291992,85
1677,242.155630327967,265.984074830027,171.287399291992,85
1678,267.007291683666,265.24327130779,171.287399291992,85
1679,326.207998030647,267.943441694624,171.287399291992,85
1680,226.870649432105,265.556146357341,171.287399291992,85
1681,310.64240304009,265.652437256092,171.287399291992,85
1682,324.168815397914,268.453779870609,171.287399291992,85
1683,239.767077878835,265.504488454347,171.287399291992,85
1684,316.529482711584,269.926477926152,171.287399291992,85
1685,248.696513013788,270.843307907908,171.287399291992,85
1686,266.028083421027,270.708276183404,171.287399291992,85
1687,319.275195680948,272.768288044577,171.287399291992,85
1688,260.67948400021,271.700010541293,171.287399291992,85
1689,321.82107288627,271.943687315899,171.287399291992,85
1690,257.158250252077,271.424782064363,171.287399291992,85
1691,313.60637484938,276.653790831879,171.287399291992,85
1692,310.96440311226,275.997581156799,171.287399291992,85
1693,243.403784025275,277.865978382775,171.287399291992,85
1694,277.981705865903,276.907527409351,171.287399291992,85
1695,238.728285474869,274.739849706336,171.287399291992,85
1696,282.230104772362,275.905647961744,171.287399291992,85
1697,298.593035978056,278.592020397617,171.287399291992,85
1698,291.241708175933,277.720650947482,171.214996337891,85
1699,248.937841043354,277.720483927396,171.214996337891,85
1700,249.830021157464,278.485325587588,171.214996337891,85
1701,286.30360296639,278.753152607135,171.214996337891,85
1702,238.882764064791,278.622237956608,171.214996337891,85
1703,288.502879599629,279.482061473246,171.214996337891,85
1704,285.856644679758,277.868007339211,171.214996337891,85
1705,325.068848682623,281.795935309232,171.214996337891,85
1706,288.160787268189,280.896670678356,171.214996337891,85
1707,284.983013441141,279.329238600085,171.214996337891,85
1708,303.83240933129,281.891851858183,171.214996337891,85
1709,288.916023489687,280.787313489307,171.214996337891,85
1710,235.689528062545,280.267034091257,171.214996337891,85
1711,286.588436236548,281.089448203878,171.214996337891,85
1712,298.269147835788,280.249206290072,171.214996337891,85
1713,230.729530840453,279.051208163681,171.214996337891,85
1714,259.309214466145,276.550733826876,171.214996337891,85
1715,297.517395600784,278.165099640825,171.214996337891,85
1716,305.191504568937,277.828504829607,171.214996337891,85
1717,275.26088619596,276.400364152955,171.214996337891,85
1718,268.388344161072,277.399746558387,171.214996337891,85
1719,246.700970552009,276.148517145831,171.214996337891,85
1720,253.035873688711,276.720820674385,171.214996337891,85
1721,243.281025228825,275.162857492643,171.214996337891,85
1722,270.668936409512,274.045893509901,172.525436401367,85
1723,232.553292678405,271.69835689,172.525436401367,85
1724,243.976720215761,271.499912056897,172.525436401367,85
1725,265.671940847805,272.13358884451,172.525436401367,85
1726,321.24893998664,273.53140232532,172.525436401367,85
1727,315.726398065934,276.605147685366,172.525436401367,85
1728,280.111570787411,276.269495332877,172.525436401367,85
1729,250.992830762912,274.874942776204,172.525436401367,85
1730,261.608362063803,272.336523311451,172.525436401367,85
1731,212.149315122621,269.296064425628,172.525436401367,85
1732,284.164643188343,269.263329615516,172.525436401367,85
1733,310.591663044441,269.533699764042,172.525436401367,85
1734,257.617197325682,268.281746717482,172.525436401367,85
1735,314.174774099445,271.421156558958,172.525436401367,85
1736,285.704963350438,271.385817643514,172.525436401367,85
1737,203.690830744624,267.602684959867,172.525436401367,85
1738,235.798500807327,267.805443758542,172.525436401367,85
1739,266.616355624231,268.097729404865,172.525436401367,85
1740,286.67230794787,267.663925898749,172.525436401367,85
1741,250.152145495424,265.462351535808,172.525436401367,85
1742,227.055693289193,263.534143819538,172.525436401367,85
1743,279.336181714817,263.972057321687,172.525436401367,85
1744,293.362740501879,265.838528119682,172.525436401367,85
1745,296.89889703512,267.593049053539,172.525436401367,85
1746,213.90243012385,266.41790524934,171.40251159668,85
1747,228.59408033295,264.734911006277,171.40251159668,85
1748,286.400139909946,266.888784895539,171.40251159668,85
1749,238.850844875987,266.683749881948,171.40251159668,85
1750,256.768288279941,266.327603779233,171.40251159668,85
1751,278.567638714984,264.620351728367,171.40251159668,85
1752,218.556557334799,260.733558099122,171.40251159668,85
1753,291.860490876602,261.203514902689,171.40251159668,85
1754,294.790156839699,262.955407945761,171.40251159668,85
1755,316.839525456606,265.164654481473,171.40251159668,85
1756,301.97587723318,268.757716965895,171.40251159668,85
1757,247.815647422568,267.303757135264,171.40251159668,85
1758,251.328460899938,264.933229049484,171.40251159668,85
1759,261.816802293111,265.101213248181,171.40251159668,85
1760,265.991182099513,263.173869568184,171.40251159668,85
1761,264.846919162265,262.339547800657,171.40251159668,85
1762,237.105283205445,263.67612589909,171.40251159668,85
1763,302.420748148982,266.341015792756,171.40251159668,85
1764,294.995470297509,267.476180379687,171.40251159668,85
1765,307.718446782736,268.318025933082,171.40251159668,85
1766,314.61939984662,270.89671610713,171.40251159668,85
1767,251.870640926032,271.889314012603,171.40251159668,85
1768,314.592448803612,273.299564696155,171.40251159668,85
1769,304.718584602051,273.753798460162,171.40251159668,85
1770,313.821850954458,274.430716616935,170.684036254883,85
1771,325.941173629077,278.912266357145,170.684036254883,85
1772,276.98625600535,280.84795338404,170.684036254883,85
1773,286.121463911967,280.836806344121,170.684036254883,85
1774,341.179728951372,284.929961707137,170.684036254883,85
1775,300.555688025179,286.681457696946,170.684036254883,85
1776,271.271866471422,286.389626807204,170.684036254883,85
1777,259.833598551969,288.040708455891,170.684036254883,85
1778,288.992437014575,287.925986301409,170.684036254883,85
1779,267.593068645836,286.838102773655,170.684036254883,85
1780,319.221841172371,286.933395402286,170.684036254883,85
1781,274.988677675733,285.853907419988,170.684036254883,85
1782,242.211395156539,285.629737329347,170.684036254883,85
1783,274.5660729317,286.559241810617,170.684036254883,85
1784,330.500894377189,289.30660549398,170.684036254883,85
1785,271.108490029336,289.511297811173,170.684036254883,85
1786,288.325927721009,290.450458153523,170.684036254883,85
1787,258.515478201906,291.306865953381,170.684036254883,85
1788,234.419364362298,288.586810601914,170.684036254883,85
1789,284.798630263119,288.178937000538,170.684036254883,85
1790,301.187998072225,287.917719052118,170.684036254883,85
1791,168.391953064914,282.06862118085,170.684036254883,85
1792,265.793917260713,282.625552234237,170.684036254883,85
1793,254.651951157702,280.2279323284,170.684036254883,85
1794,249.030534457196,278.000410322606,170.785614013672,85
1795,272.69731175283,276.355428754541,170.785614013672,85
1796,271.981945360963,274.197059623816,170.785614013672,85
1797,283.270833832703,274.448442736911,170.785614013672,85
1798,235.645349909925,272.429398176829,170.785614013672,85
1799,309.195658852421,271.150035372871,170.785614013672,85
1800,288.408833558511,270.664161194204,170.785614013672,85
1801,296.232704988987,271.662594734907,170.785614013672,85
1802,249.451410832995,271.247307226148,170.785614013672,85
1803,215.834731557449,268.320999007863,170.785614013672,85
1804,256.377619648587,267.872381047973,170.785614013672,85
1805,178.2498171719,262.233500087954,170.785614013672,85
1806,304.219117398915,263.402717676881,170.785614013672,85
1807,310.429850756145,266.131455900865,170.785614013672,85
1808,213.516906823407,263.689489256534,170.785614013672,85
1809,254.211091443969,260.637897139205,170.785614013672,85
1810,299.67719989111,261.780645533676,170.785614013672,85
1811,236.550543907632,259.709630181141,170.785614013672,85
1812,253.772715377294,259.519919668156,170.785614013672,85
1813,293.213281726725,261.871676362733,170.785614013672,85
1814,327.349994463426,263.573730930746,170.785614013672,85
1815,316.773603690082,264.19715515546,170.785614013672,85
1816,336.078932671607,270.904634339728,170.785614013672,85
1817,245.797471980085,270.104776528503,170.785614013672,85
1818,281.235319068812,271.168111244947,172.069473266602,85
1819,300.922624460366,273.243794845074,172.069473266602,85
1820,348.865481635957,276.290521640399,172.069473266602,85
1821,251.425208242081,275.468252155644,172.069473266602,85
1822,334.567428477796,277.520115941447,172.069473266602,85
1823,231.393556790301,277.350044216662,172.069473266602,85
1824,323.469024572545,277.920978845467,172.069473266602,85
1825,270.545048856137,277.206427457372,172.069473266602,85
1826,313.320701416251,277.889947314463,172.069473266602,85
1827,258.532732969345,278.253200199917,172.069473266602,85
1828,277.624658096545,280.724797261481,172.069473266602,85
1829,218.05170486237,279.191760670032,172.069473266602,85
1830,205.687554751644,280.289270173222,172.069473266602,85
1831,235.692727086186,277.548214560713,172.069473266602,85
1832,289.64545488442,276.716838725844,172.069473266602,85
1833,258.25368761123,278.506309957357,172.069473266602,85
1834,275.236417058036,279.347322981919,172.069473266602,85
1835,312.189786488259,279.847826445805,172.069473266602,85
1836,273.525668986176,281.326831448947,172.069473266602,85
1837,223.541324063865,280.11757579641,172.069473266602,85
1838,330.321296400474,281.60189638336,172.069473266602,85
1839,326.734375973795,281.577271643775,172.069473266602,85
1840,279.665889298282,280.092963068103,172.069473266602,85
1841,274.234251192632,277.619175808944,172.069473266602,85
1842,307.929790548233,280.10446855167,173.262847900391,85
1843,265.181745151252,279.462325594967,173.262847900391,85
1844,277.124760756427,278.51041104681,173.262847900391,85
1845,266.373257236971,275.21072207085,173.262847900391,85
1846,271.435351222155,276.011127790053,173.262847900391,85
1847,308.709544127611,274.976812416046,173.262847900391,85
1848,325.360607556763,278.735494446704,173.262847900391,85
1849,297.564706825907,277.699321736839,173.262847900391,85
1850,319.175013779186,279.644520333761,173.262847900391,85
1851,291.350327508836,278.765705377464,173.262847900391,85
1852,329.914977545931,281.620995160527,173.262847900391,85
1853,328.160777724566,283.642439945648,173.262847900391,85
1854,304.806667901728,287.112638467223,173.262847900391,85
1855,255.800402684359,289.117152384531,173.262847900391,85
1856,340.160091330367,293.295846954298,173.262847900391,85
1857,245.605263593891,291.534239302677,173.262847900391,85
1858,267.861356292979,291.918546049947,173.262847900391,85
1859,254.222627747728,291.077994477535,173.262847900391,85
1860,240.827587097832,288.223506501918,173.262847900391,85
1861,182.903941803256,284.598637414601,173.262847900391,85
1862,267.26277647898,286.347495511206,173.262847900391,85
1863,280.556332701726,284.356896963256,173.262847900391,85
1864,300.895873501296,283.323356864356,173.262847900391,85
1865,252.453282546837,282.234852594298,173.262847900391,85
1866,272.555941876493,282.167720221652,176.097183227539,85
1867,336.637376645912,283.31602366556,176.097183227539,85
1868,205.134247716872,280.914123768184,176.097183227539,85
1869,262.985300795302,280.348545369739,176.097183227539,85
1870,194.035142231409,277.455020769517,176.097183227539,85
1871,260.199649961448,277.005592719089,176.097183227539,85
1872,224.230069278329,273.626413725117,176.097183227539,85
1873,211.053644777535,269.054135213948,176.097183227539,85
1874,182.07193867942,264.434424488089,176.097183227539,85
1875,230.491578616827,260.887087081594,176.097183227539,85
1876,264.96895073772,259.83183201075,176.097183227539,85
1877,312.300376730347,259.127247978126,176.097183227539,85
1878,247.501151408964,255.900862925502,176.097183227539,85
1879,275.605647027544,254.732822090535,176.097183227539,85
1880,243.849665215516,254.254792591781,176.097183227539,85
1881,205.501387248561,248.868444428509,176.097183227539,85
1882,293.521127016015,250.785078965394,176.097183227539,85
1883,239.934306950573,249.667996991698,176.097183227539,85
1884,198.210512696837,247.427512389662,176.097183227539,85
1885,322.539602676042,250.69599301279,176.097183227539,85
1886,299.165826716906,255.346468409336,176.097183227539,85
1887,316.716337563179,257.324610852704,176.097183227539,85
1888,262.254534364366,256.59253891921,176.097183227539,85
1889,333.685627677734,257.904129086268,176.097183227539,85
1890,304.515313786149,259.98661033584,176.467193603516,85
1891,311.275870984479,261.535407500159,176.467193603516,85
1892,277.028703287056,259.151060565805,176.467193603516,85
1893,324.317082137029,263.918373942611,176.467193603516,85
1894,331.120478907394,266.643781067095,176.467193603516,85
1895,307.599779686673,271.186366565306,176.467193603516,85
1896,272.075630143655,271.661405772594,176.467193603516,85
1897,341.626368664132,276.357257748026,176.467193603516,85
1898,334.978776179528,281.314263004106,176.467193603516,85
1899,302.954425649903,286.149562482925,176.467193603516,85
1900,254.524451488643,287.110877397798,176.467193603516,85
1901,312.04790896087,288.994035726724,176.467193603516,85
1902,338.455763280657,290.040251188736,176.467193603516,85
1903,344.013036802665,293.900726604484,176.467193603516,85
1904,270.038513329962,293.678041256581,176.467193603516,85
1905,332.295903618266,297.215890792691,176.467193603516,85
1906,289.734616092348,300.585219946442,176.467193603516,85
1907,301.178653588808,300.891521009354,176.467193603516,85
1908,268.306674575177,302.026415714338,176.467193603516,85
1909,253.396823593491,304.233868150205,176.467193603516,85
1910,297.00054868495,303.212305990561,176.467193603516,85
1911,324.260431324306,304.216090174857,176.467193603516,85
1912,252.825308931896,301.660449029606,176.467193603516,85
1913,336.957633404732,304.64857299122,176.467193603516,85
1914,278.067510714517,302.423848312691,181.538833618164,85
1915,311.510006255726,302.703636011475,181.538833618164,85
1916,305.182001587628,302.459881235601,181.538833618164,85
1917,321.082100479578,304.222017123301,181.538833618164,85
1918,301.79777990497,303.321245034019,181.538833618164,85
1919,286.544153588812,301.538192021276,181.538833618164,85
1920,302.735915486472,301.343637453268,181.538833618164,85
1921,341.854851667017,304.134806314202,181.538833618164,85
1922,284.167594176491,301.836455334697,181.538833618164,85
1923,296.609822691122,300.30169719516,181.538833618164,85
1924,313.547019236535,300.725400938626,181.538833618164,85
1925,265.822592954383,301.177326597255,181.538833618164,85
1926,336.715823131435,302.164043164078,181.538833618164,85
1927,233.153441229216,297.95195028202,181.538833618164,85
1928,330.359727871008,297.405817924754,181.538833618164,85
1929,330.765693760249,299.834905141966,181.538833618164,85
1930,321.720692511759,299.411896697705,181.538833618164,85
1931,293.121255470823,299.547362272844,181.538833618164,85
1932,305.642853851206,299.72593028334,181.538833618164,85
1933,266.509123416683,299.654028237,181.538833618164,85
1934,291.223118386663,301.167080028727,181.538833618164,85
1935,337.058454106176,302.769396245576,181.538833618164,85
1936,340.786300206954,303.430431000882,181.538833618164,85
1937,280.769671222051,304.548205492488,181.538833618164,85
1938,272.030749581887,301.951130139575,187.896072387695,85
1939,249.747640033502,300.818335312334,187.896072387695,85
1940,278.565306705457,299.500547330323,187.896072387695,85
1941,336.837619162622,300.766772033323,187.896072387695,85
1942,304.739263449186,300.113058552107,187.896072387695,85
1943,274.404448794402,299.017325307684,187.896072387695,85
1944,294.227193363676,299.324646898679,187.896072387695,85
1945,281.77894526231,298.486368089712,187.896072387695,85
1946,291.446145838247,296.470019856562,187.896072387695,85
1947,324.799647098163,298.095301973429,187.896072387695,85
1948,324.137228196025,299.196398193625,187.896072387695,85
1949,309.310310609605,299.026929848547,187.896072387695,85
1950,281.241926667009,299.643703197053,187.896072387695,85
1951,277.93488725914,297.292465762161,187.896072387695,85
1952,302.551031099477,300.068369356971,187.896072387695,85
1953,270.530268310268,297.675190974542,187.896072387695,85
1954,322.268703889513,297.335311379712,187.896072387695,85
1955,308.109833752957,296.79087702936,187.896072387695,85
1956,312.898689736805,297.581974399999,187.896072387695,85
1957,295.862246521227,297.1907501068,187.896072387695,85
1958,338.836977197525,300.083864258034,187.896072387695,85
1959,257.711164294291,298.743386094339,187.896072387695,85
1960,324.793547605216,298.252789834301,187.896072387695,85
1961,299.068817784862,296.584090537417,187.896072387695,85
1962,327.278956196363,298.444461936389,192.889114379883,85
1963,311.781485087648,300.03449135662,192.889114379883,85
1964,343.544764027852,303.786376316394,192.889114379883,85
1965,281.257135848318,303.894049482108,192.889114379883,85
1966,288.697595928666,301.96844855275,192.889114379883,85
1967,298.277096819831,301.709961887576,192.889114379883,85
1968,338.195739736246,304.26161352525,192.889114379883,85
1969,324.45528337905,305.470737125865,192.889114379883,85
1970,316.791881442984,306.871254573092,192.889114379883,85
1971,319.596111723618,307.997253208506,192.889114379883,85
1972,331.234764028355,308.254657885714,192.889114379883,85
1973,337.321615152911,308.782033363989,192.889114379883,85
1974,299.648073208589,308.395543867949,192.889114379883,85
1975,291.903767054252,308.822017483439,192.889114379883,85
1976,328.878296090563,310.859753836695,192.889114379883,85
1977,275.684601776905,309.785096663793,192.889114379883,85
1978,324.100331411623,311.927899187847,192.889114379883,85
1979,326.52955244158,312.098333129929,192.889114379883,85
1980,320.895902295088,312.609775871615,192.889114379883,85
1981,263.514548382763,310.634410217453,192.889114379883,85
1982,269.273383649287,309.570855702575,192.889114379883,85
1983,312.376889681295,308.512452201926,192.889114379883,85
1984,265.012386827624,308.80450110326,192.889114379883,85
1985,275.156097916947,306.819003115729,192.889114379883,85
1986,290.397299854344,306.472142398508,196.227813720703,85
1987,245.278828720273,303.192137299464,196.227813720703,85
1988,333.941729350178,304.078547069966,196.227813720703,85
1989,300.158506791227,302.343096780501,196.227813720703,85
1990,226.816487846219,300.165470860417,196.227813720703,85
1991,315.204433517652,301.225744363976,196.227813720703,85
1992,325.427126212295,302.311745539675,196.227813720703,85
1993,312.089404128206,301.267492115353,196.227813720703,85
1994,319.389985296312,301.064880192044,196.227813720703,85
1995,306.587606949121,300.656709212289,196.227813720703,85
1996,263.603219402981,298.416993519464,196.227813720703,85
1997,275.198080895737,296.175526194159,196.227813720703,85
1998,297.992902436292,294.602377685494,196.227813720703,85
1999,322.291563534725,295.50811729854,196.227813720703,85
2000,279.230988242057,295.001206146052,196.227813720703,85
2001,337.551415397562,295.348130918332,196.227813720703,85
2002,249.372446857945,294.295644721573,196.227813720703,85
2003,248.426657449138,291.268697763074,196.227813720703,85
2004,281.718838732662,289.476269214717,196.227813720703,85
2005,295.214142710232,288.448998831323,196.227813720703,85
2006,278.940510187795,289.066037303524,196.227813720703,85
2007,322.315816723935,291.18773462651,196.227813720703,85
2008,328.837734916365,291.846168435913,196.227813720703,85
2009,330.404540015049,294.46185456341,196.227813720703,85
2010,344.899284985297,297.251582046144,194.059478759766,85
2011,328.455853873765,298.773924206921,194.059478759766,85
2012,307.098284238008,301.24670242763,194.059478759766,85
2013,316.771609396332,300.559897629476,194.059478759766,85
2014,301.616082046172,300.618200639674,194.059478759766,85
2015,342.878755534688,305.260691347213,194.059478759766,85
2016,287.204137836551,304.140679519969,194.059478759766,85
2017,282.865742170329,302.43822415829,194.059478759766,85
2018,306.679896281662,302.221843844428,194.059478759766,85
2019,269.585887160692,300.229679919004,194.059478759766,85
2020,255.657492627824,298.192475346152,194.059478759766,85
2021,253.114399406756,297.772922546303,194.059478759766,85
2022,301.730718944125,298.834228068238,194.059478759766,85
2023,308.15542368144,299.240728918044,194.059478759766,85
2024,292.052611395754,298.031170832485,194.059478759766,85
2025,253.523250428081,297.002861319926,194.059478759766,85
2026,279.591764614366,294.684475288598,194.059478759766,85
2027,286.390023034007,296.165178335641,194.059478759766,85
2028,247.740381326684,296.137727290743,194.059478759766,85
2029,296.360239135379,296.723383306851,194.059478759766,85
2030,299.263499205066,296.885357566645,194.059478759766,85
2031,306.801505701823,297.999797387206,194.059478759766,85
2032,336.337777388521,298.560675813789,194.059478759766,85
2033,310.323700497477,297.820114437034,194.059478759766,85
2034,314.039973165082,297.165531763035,190.813705444336,85
2035,323.287846907566,296.301074239926,190.813705444336,85
2036,335.390404880834,296.578456280209,190.813705444336,85
2037,337.788801705003,297.806076978889,190.813705444336,85
2038,302.119588657973,297.219996149354,190.813705444336,85
2039,321.774236364671,298.026322322094,190.813705444336,85
2040,336.11617947176,297.755819279577,190.813705444336,85
2041,346.077523951152,300.110754724161,190.813705444336,85
2042,295.455411560199,300.614341499756,190.813705444336,85
2043,308.739589151361,300.696729214544,190.813705444336,85
2044,334.291431581912,303.284950991393,190.813705444336,85
2045,329.433858941185,306.236005643927,190.813705444336,85
2046,307.972787728482,308.430341176796,190.813705444336,85
2047,321.120325431041,309.205925436273,190.813705444336,85
2048,317.531555077697,309.580970692123,190.813705444336,85
2049,309.66133320324,310.285319564422,190.813705444336,85
2050,291.228691639932,311.793537212897,190.813705444336,85
2051,332.545666044372,313.911693270097,190.813705444336,85
2052,330.539830124397,315.677685553712,190.813705444336,85
2053,314.7482137602,318.357998851053,190.813705444336,85
2054,339.95696614093,320.101867931275,190.813705444336,85
2055,310.801866424697,320.56340262006,190.813705444336,85
2056,300.998007231406,320.331262681244,190.813705444336,85
2057,330.903460174238,320.113889992672,190.813705444336,85
2058,312.421586623245,320.197805437703,195.083557128906,85
2059,307.932072198895,319.953489399056,195.083557128906,85
2060,322.098034429852,319.905896899947,195.083557128906,85
2061,338.579883881697,320.033476059981,195.083557128906,85
2062,293.053730664351,318.244073218355,195.083557128906,85
2063,346.468616686188,320.018034339484,195.083557128906,85
2064,332.788158535485,320.458591226317,195.083557128906,85
2065,326.16424626361,320.060513897991,195.083557128906,85
2066,291.382172166178,317.872699826592,195.083557128906,85
2067,278.438967190458,317.192042051802,195.083557128906,85
2068,324.373067045125,317.817381167552,195.083557128906,85
2069,343.295470871848,318.17754273915,195.083557128906,85
2070,314.255408515946,317.57040472214,195.083557128906,85
2071,318.404030371711,317.98765442787,195.083557128906,85
2072,318.388812608163,317.878393914954,195.083557128906,85
2073,299.2627356092,317.147641136214,195.083557128906,85
2074,314.49382758247,317.340940911384,195.083557128906,85
2075,312.026886808237,318.172868718116,195.083557128906,85
2076,288.097103643118,316.394926222066,195.083557128906,85
2077,277.440788681393,314.270964564346,195.083557128906,85
2078,285.211529314984,313.089497186537,195.083557128906,85
2079,297.974389409767,311.41019411729,195.083557128906,85
2080,297.448960129799,310.876077865494,195.083557128906,85
2081,328.947002159381,311.994037662613,195.083557128906,85
2082,320.876435491182,311.592956675291,199.974029541016,85
2083,322.657031971247,312.002374489211,199.974029541016,85
2084,329.683172035679,312.872418482683,199.974029541016,85
2085,344.6396861545,313.774084551669,199.974029541016,85
2086,343.040521569342,313.952510059174,199.974029541016,85
2087,335.78009693086,315.661564709835,199.974029541016,85
2088,315.908441721038,314.439157711229,199.974029541016,85
2089,328.364982417212,314.262230666498,199.974029541016,85
2090,329.074853317133,314.378654948639,199.974029541016,85
2091,300.42512998255,314.740373261294,199.974029541016,85
2092,336.598466088486,317.066753217215,199.974029541016,85
2093,293.008841779637,315.812184206595,199.974029541016,85
2094,335.125656701117,315.485391639766,199.974029541016,85
2095,335.664769569021,316.341766081889,199.974029541016,85
2096,289.010551731098,315.166026936265,199.974029541016,85
2097,314.328891571388,315.003630094794,199.974029541016,85
2098,329.926272988558,316.230171589968,199.974029541016,85
2099,336.635209912712,317.115826883178,199.974029541016,85
2100,268.670652173891,315.381577497804,199.974029541016,85
2101,321.798556146538,316.729635597941,199.974029541016,85
2102,326.880332485391,318.7072173501,199.974029541016,85
2103,330.053298426482,320.50088811456,199.974029541016,85
2104,337.43951661597,322.079493202808,199.974029541016,85
2105,349.189155293062,324.149101009339,199.974029541016,85
2106,292.856451709568,322.705478991346,203.523071289062,85
2107,306.825406678874,322.143437838854,203.523071289062,85
2108,337.865418234966,322.751773289403,203.523071289062,85
2109,305.245219794341,321.774255199749,203.523071289062,85
2110,339.159849399798,321.555061729561,203.523071289062,85
2111,323.304503608775,320.765621011139,203.523071289062,85
2112,317.077043193124,320.017498861629,203.523071289062,85
2113,275.194520361773,318.388942007258,203.523071289062,85
2114,337.631536468112,318.759604169295,203.523071289062,85
2115,335.295543644738,319.008431782399,203.523071289062,85
2116,294.47691460692,318.770503167374,203.523071289062,85
2117,351.370060373931,319.361366938791,203.523071289062,85
2118,326.305006154228,320.693213513775,203.523071289062,85
2119,314.873161175888,319.883113692766,203.523071289062,85
2120,329.755050712475,319.646724938504,203.523071289062,85
2121,308.2548349091,320.416496265624,203.523071289062,85
2122,332.229399980079,321.132516601972,203.523071289062,85
2123,278.081290380618,319.058717297654,203.523071289062,85
2124,321.320570328335,318.446131714279,203.523071289062,85
2125,318.182527836676,320.426606740791,203.523071289062,85
2126,321.38817342481,320.410191431921,203.523071289062,85
2127,343.400025151928,321.070979138583,203.523071289062,85
2128,334.968985841782,321.267606635195,203.523071289062,85
2129,337.297953664234,321.261944117125,203.523071289062,85
2130,273.326605294902,318.227442117199,206.635635375977,85
2131,321.346359899113,319.367038444781,206.635635375977,85
2132,336.502673252775,320.554129107737,206.635635375977,85
2133,339.655878183839,320.625747505692,206.635635375977,85
2134,336.588489587398,321.879478297414,206.635635375977,85
2135,316.715709523157,320.981712702348,206.635635375977,85
2136,321.082671209581,320.892839406381,206.635635375977,85
2137,331.914086732125,321.486321147941,206.635635375977,85
2138,321.950337985224,323.356553852879,206.635635375977,85
2139,338.829289366224,323.404463968803,206.635635375977,85
2140,338.807992743716,323.544961932762,206.635635375977,85
2141,323.195169561447,324.693692130943,206.635635375977,85
2142,338.074653750006,324.161875865986,206.635635375977,85
2143,266.740058953316,321.77927797795,206.635635375977,85
2144,314.604614320299,321.768536103726,206.635635375977,85
2145,355.077417521682,322.781430776095,206.635635375977,85
2146,315.466789193991,323.06990894749,206.635635375977,85
2147,317.555833539689,322.482966289875,206.635635375977,85
2148,342.957351987307,325.078008754142,206.635635375977,85
2149,342.514204332793,325.92575411432,206.635635375977,85
2150,307.807349460949,325.510746979291,206.635635375977,85
2151,313.948871844864,325.213174916094,206.635635375977,85
2152,359.998307951586,325.87710622808,206.635635375977,85
2153,333.367493477769,325.813046533519,206.635635375977,85
2154,320.84752641439,325.155029443526,208.949630737305,85
2155,362.079193405348,328.705132967943,208.949630737305,85
2156,330.465388061197,329.069894094427,208.949630737305,85
2157,315.61790121808,328.234503213039,208.949630737305,85
2158,342.725819763943,328.357300876243,208.949630737305,85
2159,339.081818236912,328.457034022224,208.949630737305,85
2160,332.032381560401,329.069700903714,208.949630737305,85
2161,344.019473362742,329.98717298984,208.949630737305,85
2162,313.684085699929,329.257972948552,208.949630737305,85
2163,341.392216395144,330.035648084949,208.949630737305,85
2164,328.60047671068,329.626495578727,208.949630737305,85
2165,324.290685219696,329.045803277766,208.949630737305,85
2166,360.803416337798,330.55013314882,208.949630737305,85
2167,291.752938368147,328.697264533546,208.949630737305,85
2168,352.427526664721,332.124763242002,208.949630737305,85
2169,302.94279577953,331.658290500371,208.949630737305,85
2170,328.668418741698,330.601930549172,208.949630737305,85
2171,345.34567638756,331.797086036915,208.949630737305,85
2172,323.696456274002,332.042710946287,208.949630737305,85
2173,330.848823816408,331.558369819452,208.949630737305,85
2174,337.677606331516,331.3649058994,208.949630737305,85
2175,329.132149146071,332.217897886805,208.949630737305,85
2176,340.739273650586,333.289513959034,208.949630737305,85
2177,333.444665201513,332.227368249031,208.949630737305,85
2178,346.709828441705,332.761061647589,211.245513916016,85
2179,308.208193960859,332.255488349447,211.245513916016,85
2180,336.898757416182,331.248270909881,211.245513916016,85
2181,299.219084769023,329.998418778194,211.245513916016,85
2182,328.660754534419,330.520132910847,211.245513916016,85
2183,309.293045016656,329.182821920956,211.245513916016,85
2184,349.810035234896,329.611950600875,211.245513916016,85
2185,286.418245930548,327.787385175681,211.245513916016,85
2186,340.15470182513,327.632794314177,211.245513916016,85
2187,324.881240812825,328.080680518693,211.245513916016,85
2188,343.517291702477,328.165683530986,211.245513916016,85
2189,354.50217323785,329.201751392073,211.245513916016,85
2190,346.779603816896,330.101308135961,211.245513916016,85
2191,318.710298078861,328.417583405603,211.245513916016,85
2192,333.922426402175,330.104362926964,211.245513916016,85
2193,321.705651120913,328.875487905212,211.245513916016,85
2194,328.362681136835,329.892283319504,211.245513916016,85
2195,348.807270185304,330.697837377248,211.245513916016,85
2196,341.373845321866,330.538964134621,211.245513916016,85
2197,276.279008296918,328.642266215537,211.245513916016,85
2198,339.89000992296,329.003913659799,211.245513916016,85
2199,360.337854881061,329.910323601781,211.245513916016,85
2200,331.106214475296,329.98928621495,211.245513916016,85
2201,329.570889636019,329.542550854368,211.245513916016,85
2202,350.557067949354,330.227046964281,213.77685546875,85
2203,333.921480451541,329.715513044675,213.77685546875,85
2204,339.136114929202,330.952629883408,213.77685546875,85
2205,315.873452450253,330.111617684771,213.77685546875,85
2206,350.230861649843,332.152088760004,213.77685546875,85
2207,350.942496094087,333.043358422391,213.77685546875,85
2208,324.493156148241,333.651362867654,213.77685546875,85
2209,295.532078697872,331.480244606173,213.77685546875,85
2210,318.639346326592,332.769088622015,213.77685546875,85
2211,327.48764570708,332.262406377293,213.77685546875,85
2212,349.731844650595,333.256430530804,213.77685546875,85
2213,333.079542218393,332.83892055144,213.77685546875,85
2214,282.249625427743,329.948818639036,213.77685546875,85
2215,340.51091416148,329.698071052819,213.77685546875,85
2216,316.178021121439,329.596779974523,213.77685546875,85
2217,337.232749203738,329.729192886585,213.77685546875,85
2218,337.734206030377,330.370335082964,213.77685546875,85
2219,358.984920953099,331.595224675614,213.77685546875,85
2220,329.080877337349,330.806168961696,213.77685546875,85
2221,329.002297807695,330.311307061129,213.77685546875,85
2222,339.335715714076,332.833575357815,213.77685546875,85
2223,335.218901535661,332.646731022324,213.77685546875,85
2224,336.115216975912,331.677825506118,213.77685546875,85
2225,338.540079185928,331.975180094543,213.77685546875,85
2226,356.319493038081,333.045124230625,213.316543579102,85
2227,348.610373457051,332.967256450933,213.316543579102,85
2228,344.016545066677,333.371059035539,213.316543579102,85
2229,348.115089027577,333.730217999474,213.316543579102,85
2230,321.008500674276,333.935619928434,213.316543579102,85
2231,334.430222565386,333.303594365056,213.316543579102,85
2232,352.391801455848,333.361566579527,213.316543579102,85
2233,274.290062742923,331.353442843314,213.316543579102,85
2234,308.087881465011,331.855674953999,213.316543579102,85
2235,347.489693274915,333.009688831932,213.316543579102,85
2236,351.775260075285,333.981193406661,213.316543579102,85
2237,343.2886249827,333.723464619945,213.316543579102,85
2238,331.289856774125,333.651877202174,213.316543579102,85
2239,330.673009216301,335.588812553716,213.316543579102,85
2240,347.727822893736,335.877488903007,213.316543579102,85
2241,333.1171824124,336.555055354645,213.316543579102,85
2242,358.631477034168,337.411004467862,213.316543579102,85
2243,329.753453413313,337.09177436318,213.316543579102,85
2244,340.998130672023,336.372302751937,213.316543579102,85
2245,340.193350053085,336.816801660566,213.316543579102,85
2246,334.20491662419,337.024906413226,213.316543579102,85
2247,345.197880516101,337.259393005307,213.316543579102,85
2248,335.685099665995,337.27804093052,213.316543579102,85
2249,342.991233907406,337.55308160778,213.316543579102,85
2250,330.103668263523,337.215625170884,213.961181640625,85
2251,344.723904217074,336.751801618044,213.961181640625,85
2252,343.130232013542,336.532595960303,213.961181640625,85
2253,339.38595210004,336.347372241638,213.961181640625,85
2254,331.553275393703,335.684899696283,213.961181640625,85
2255,328.919157763323,336.001325979845,213.961181640625,85
2256,337.721792913533,336.132988793771,213.961181640625,85
2257,344.128044651068,335.802438521579,213.961181640625,85
2258,357.106352992655,339.115090131569,213.961181640625,85
2259,318.812334296583,339.544068244832,213.961181640625,85
2260,293.581037914655,337.387722030421,213.961181640625,85
2261,349.170660727827,337.283538056523,213.961181640625,85
2262,325.716514022642,336.58065361812,213.961181640625,85
2263,341.920850904458,337.005893383334,213.961181640625,85
2264,349.227235607441,337.748062438979,213.961181640625,85
2265,347.014783700273,337.719540871241,213.961181640625,85
2266,332.895406435856,337.710669832179,213.961181640625,85
2267,318.65052860822,336.111431895141,213.961181640625,85
2268,357.736484638816,337.230753144161,213.961181640625,85
2269,339.89299045425,337.18654753545,213.961181640625,85
2270,327.280270257684,336.670024343634,213.961181640625,85
2271,359.402770753856,337.677938508821,213.961181640625,85
2272,335.894765996484,337.305813928036,213.961181640625,85
2273,354.49741699983,338.05830662139,213.961181640625,85
2274,348.172750657869,338.265567291408,216.447998046875,85
2275,348.879268067615,339.016591283572,216.447998046875,85
2276,291.104309359134,336.871807489254,216.447998046875,85
2277,357.789095493722,337.458162028461,216.447998046875,85
2278,342.466095478256,337.58136776359,216.447998046875,85
2279,339.246264633433,337.889087333179,216.447998046875,85
2280,328.5693210656,337.87509386527,216.447998046875,85
2281,363.196053141565,338.894064274392,216.447998046875,85
2282,340.98363504065,338.768287889975,216.447998046875,85
2283,343.980462190346,338.243252257882,216.447998046875,85
2284,329.867356322094,338.685453138903,216.447998046875,85
2285,339.70096905503,340.530250384518,216.447998046875,85
2286,352.676621770316,340.670488826217,216.447998046875,85
2287,326.135766427071,340.687258922395,216.447998046875,85
2288,320.718769640689,339.839175671844,216.447998046875,85
2289,354.31882635494,340.042839301744,216.447998046875,85
2290,332.035884665345,339.443683340347,216.447998046875,85
2291,361.486055656663,340.587309309179,216.447998046875,85
2292,337.401159341319,341.337334538503,216.447998046875,85
2293,349.706918088236,341.01615187648,216.447998046875,85
2294,357.467608724978,341.719136607309,216.447998046875,85
2295,348.418750594655,342.564675820788,216.447998046875,85
2296,358.596711877505,342.532433465734,216.447998046875,85
2297,335.039995160466,342.498242632293,216.447998046875,85
2298,309.944408762763,340.71612230281,219.053009033203,85
2299,308.646136043713,339.135057718244,219.053009033203,85
2300,345.165508616909,338.986507340216,219.053009033203,85
2301,335.005898984783,340.742570925242,219.053009033203,85
2302,342.090346130246,340.114620950703,219.053009033203,85
2303,282.361505832791,337.710437364884,219.053009033203,85
2304,339.385947479165,337.716024678713,219.053009033203,85
2305,341.407361137679,338.229546281597,219.053009033203,85
2306,348.793435914334,337.653441592507,219.053009033203,85
2307,352.062169299001,338.096582962841,219.053009033203,85
2308,353.058633945773,338.459709833059,219.053009033203,85
2309,346.845289927964,339.138827177293,219.053009033203,85
2310,347.045232795741,339.432597726922,219.053009033203,85
2311,349.271172957656,339.296379774415,219.053009033203,85
2312,348.825302415821,340.203961213965,219.053009033203,85
2313,314.330733228072,339.948439757461,219.053009033203,85
2314,358.544177333222,340.117453796592,219.053009033203,85
2315,344.906856353152,340.632292664104,219.053009033203,85
2316,331.688947075798,339.44040832087,219.053009033203,85
2317,353.582578134716,340.087665072606,219.053009033203,85
2318,352.764970952515,340.209987187177,219.053009033203,85
2319,350.844500544754,339.945062859968,219.053009033203,85
2320,283.382387207087,337.343608324465,219.053009033203,85
2321,332.304857770297,336.291934160177,219.053009033203,85
2322,352.878535931785,337.00547579103,219.934143066406,85
2323,346.658794301338,338.474051212573,219.934143066406,85
2324,355.800482889642,340.36022508641,219.934143066406,85
2325,343.758626785,340.303949813133,219.934143066406,85
2326,348.274188939449,340.83468141132,219.934143066406,85
2327,343.935378865767,340.908482720741,219.934143066406,85
2328,358.257844456397,343.944336265685,219.934143066406,85
2329,337.655907498937,343.875134666476,219.934143066406,85
2330,277.912393471531,341.33533595983,219.934143066406,85
2331,338.205815761303,340.911831153709,219.934143066406,85
2332,328.647543904867,339.975246137943,219.934143066406,85
2333,345.934763146244,339.690291305962,219.934143066406,85
2334,350.85809730142,339.8508036009,219.934143066406,85
2335,353.63470129771,340.114382340979,219.934143066406,85
2336,327.747228700423,339.25342457069,219.934143066406,85
2337,314.3710408925,337.875254109757,219.934143066406,85
2338,341.325199079024,338.955032743795,219.934143066406,85
2339,319.317277434792,337.385956747858,219.934143066406,85
2340,354.774626310187,337.780667546139,219.934143066406,85
2341,358.90499346917,338.869309401874,219.934143066406,85
2342,342.990132409345,338.445611572859,219.934143066406,85
2343,327.710731111678,337.443441979226,219.934143066406,85
2344,314.108222514359,335.97399085801,219.934143066406,85
2345,335.465921468279,338.057332228458,219.934143066406,85
2346,349.597452510571,338.749036018069,221.996398925781,85
2347,325.942331849653,337.671587854783,221.996398925781,85
2348,288.128583367962,335.330379417448,221.996398925781,85
2349,318.386174647482,333.833807087762,221.996398925781,85
2350,330.736513985084,333.312922575765,221.996398925781,85
2351,338.84547382211,332.935773971072,221.996398925781,85
2352,333.287710771397,332.509867247297,221.996398925781,85
2353,345.379733347652,331.994742802947,221.996398925781,85
2354,328.237714918948,331.618015099748,221.996398925781,85
2355,342.231321170971,334.190772207725,221.996398925781,85
2356,345.882054740568,334.497821766896,221.996398925781,85
2357,300.009266093823,333.352290654454,221.996398925781,85
2358,329.173473937538,332.681839086106,221.996398925781,85
2359,365.191373035168,333.255170115456,221.996398925781,85
2360,351.400911307841,333.165818515861,221.996398925781,85
2361,345.812166625845,333.888416032878,221.996398925781,85
2362,308.152299863287,333.639666391709,221.996398925781,85
2363,346.444511408357,333.844438884883,221.996398925781,85
2364,341.664466687023,334.738326454972,221.996398925781,85
2365,336.512895124918,334.007857207561,221.996398925781,85
2366,364.176733463842,334.218726807348,221.996398925781,85
2367,349.228105424306,334.468245727947,221.996398925781,85
2368,361.714671170372,335.828403330294,221.996398925781,85
2369,343.356403345305,336.998330563532,221.996398925781,85
2370,325.408367794559,336.596028416583,221.960479736328,85
2371,360.338920535375,337.025687137576,221.960479736328,85
2372,343.447961747349,337.725912333483,221.960479736328,85
2373,308.539216867564,338.542337673467,221.960479736328,85
2374,339.493603322735,339.386634820477,221.960479736328,85
2375,315.821353035428,338.790028382491,221.960479736328,85
2376,344.962654067114,339.034715592291,221.960479736328,85
2377,323.96592760865,338.661844265782,221.960479736328,85
2378,321.419260201832,337.703425339949,221.960479736328,85
2379,344.705826790955,338.362149814829,221.960479736328,85
2380,326.217852316955,337.721611060668,221.960479736328,85
2381,353.568486265463,338.029068321664,221.960479736328,85
2382,323.530277935675,338.969908795338,221.960479736328,85
2383,349.970465108909,339.801788442193,221.960479736328,85
2384,359.659560936351,339.58051595824,221.960479736328,85
2385,352.579034872023,339.627640900808,221.960479736328,85
2386,268.545191861601,336.536961910238,221.960479736328,85
2387,362.262845284176,338.701383727074,221.960479736328,85
2388,343.033944521567,338.564961051602,221.960479736328,85
2389,306.941649421368,337.176048360976,221.960479736328,85
2390,353.933476298796,337.872871607931,221.960479736328,85
2391,320.098201221554,336.109730318239,221.960479736328,85
2392,316.195818869924,334.788438856064,221.960479736328,85
2393,332.509780981845,333.620243248523,221.960479736328,85
2394,310.589453347878,332.309565248626,221.111358642578,85
2395,325.01986109469,332.294024980631,221.111358642578,85
2396,333.300578989415,331.212491318793,221.111358642578,85
2397,361.992511330687,331.954273302126,221.111358642578,85
2398,306.769911899358,331.883501103398,221.111358642578,85
2399,346.942280305651,332.181448182715,221.111358642578,85
2400,360.734899739404,333.977990050874,221.111358642578,85
2401,358.917765406655,334.536194504455,221.111358642578,85
2402,360.397739842429,335.993466993806,221.111358642578,85
2403,356.135006176326,337.382096832786,221.111358642578,85
2404,350.059614121389,337.596248326004,221.111358642578,85
2405,366.153867916549,339.193688949987,221.111358642578,85
2406,340.001028808984,338.650990651728,221.111358642578,85
2407,346.583838304006,339.573133066461,221.111358642578,85
2408,345.342301250748,339.388006512135,221.111358642578,85
2409,337.456185521604,338.499871495545,221.111358642578,85
2410,314.363477787138,336.97124921215,221.111358642578,85
2411,361.130891996099,340.67467721753,221.111358642578,85
2412,316.944415978202,338.861940045291,221.111358642578,85
2413,269.3067670134,335.912852944964,221.111358642578,85
2414,347.759612329626,337.545571461294,221.111358642578,85
2415,358.476261984154,337.727282888709,221.111358642578,85
2416,340.678085040448,338.550478241464,221.111358642578,85
2417,314.496177933645,338.482492604013,221.111358642578,85
2418,348.123831085247,339.107054608149,220.023376464844,85
2419,350.046084927016,340.685319871315,220.023376464844,85
2420,334.446266468555,341.062376086269,220.023376464844,85
2421,351.918777687206,341.807104034181,220.023376464844,85
2422,293.939341824221,339.084977253922,220.023376464844,85
2423,296.045406527327,338.655997039041,220.023376464844,85
2424,340.134701343178,338.383693880542,220.023376464844,85
2425,325.016599802558,336.954961883068,220.023376464844,85
2426,355.278060690562,336.809373694425,220.023376464844,85
2427,343.061670726916,336.115930929804,220.023376464844,85
2428,327.700950479439,334.978568701929,220.023376464844,85
2429,354.749757403613,335.166174433218,220.023376464844,85
2430,335.215570242707,333.928642526264,220.023376464844,85
2431,347.896113941041,334.244445931546,220.023376464844,85
2432,315.493721199924,333.000841247383,220.023376464844,85
2433,316.734291632888,331.856520862669,220.023376464844,85
2434,347.389390741377,332.253849071459,220.023376464844,85
2435,348.941717345214,333.636978653782,220.023376464844,85
2436,330.101531833672,332.395804247285,220.023376464844,85
2437,358.33218627077,334.051315058988,220.023376464844,85
2438,345.61466215102,337.103630864493,220.023376464844,85
2439,319.861792541734,335.987718072977,220.023376464844,85
2440,361.473492030725,336.10760727484,220.023376464844,85
2441,334.163801326992,335.847035926302,220.023376464844,85
2442,324.55362624979,336.249333858948,219.884429931641,85
2443,345.38926925179,336.139951385609,219.884429931641,85
2444,351.277576088403,336.189211032065,219.884429931641,85
2445,354.535653809009,336.992786525683,219.884429931641,85
2446,343.436204255092,336.653483588399,219.884429931641,85
2447,322.044775442751,337.77770093314,219.884429931641,85
2448,350.236808687572,339.945357019549,219.884429931641,85
2449,344.455114158714,340.118173532171,219.884429931641,85
2450,362.75565549301,341.627735759789,219.884429931641,85
2451,303.221587883809,339.545476847519,219.884429931641,85
2452,348.810886057594,339.775445460746,219.884429931641,85
2453,363.274578091695,341.198390565236,219.884429931641,85
2454,357.983241029992,341.327729910291,219.884429931641,85
2455,354.157961015195,342.085425541191,219.884429931641,85
2456,362.420602088169,342.666405067076,219.884429931641,85
2457,348.852307673835,344.000748526032,219.884429931641,85
2458,328.850355267588,344.485391071421,219.884429931641,85
2459,363.633099310556,345.135139414188,219.884429931641,85
2460,340.314807217834,344.790063009092,219.884429931641,85
2461,352.033402418497,345.667337832485,219.884429931641,85
2462,338.66163783397,344.880515895013,219.884429931641,85
2463,354.473127737335,345.234854518466,219.884429931641,85
2464,331.757390028581,345.71067841794,219.884429931641,85
2465,349.371634188258,345.226604104241,219.884429931641,85
2466,351.021236444992,345.900901508961,222.642105102539,85
2467,345.97185974825,346.7576308489,222.642105102539,85
2468,348.828285932016,346.895191516109,222.642105102539,85
2469,275.646160847926,343.86993490649,222.642105102539,85
2470,319.818643635464,342.481254499548,222.642105102539,85
2471,324.729098411617,341.732970265809,222.642105102539,85
2472,328.411785584802,341.987650671491,222.642105102539,85
2473,356.790532365721,342.249799618617,222.642105102539,85
2474,355.760556058235,342.702017294598,222.642105102539,85
2475,353.10507900934,342.315994235251,222.642105102539,85
2476,346.554931884362,344.049327995273,222.642105102539,85
2477,335.204007749922,343.505052862966,222.642105102539,85
2478,346.464361871803,342.83264421417,222.642105102539,85
2479,353.894999702299,342.669114561063,222.642105102539,85
2480,355.756269433707,342.733046897803,222.642105102539,85
2481,350.90814482889,342.272548607432,222.642105102539,85
2482,361.084422143809,342.761833186231,222.642105102539,85
2483,357.356604917518,343.902083172228,222.642105102539,85
2484,359.496471935535,343.736618077227,222.642105102539,85
2485,362.323851093057,344.616979832236,222.642105102539,85
2486,358.612193113135,344.880131460022,222.642105102539,85
2487,362.645297060066,345.839477829066,222.642105102539,85
2488,352.834816648336,345.773945385506,222.642105102539,85
2489,345.970092996595,346.342453504226,222.642105102539,85
2490,354.248449826775,346.537526129767,222.827239990234,85
2491,344.626868129375,346.281751397142,222.827239990234,85
2492,335.701177068356,345.870924089946,222.827239990234,85
2493,363.963397870843,346.4763285675,222.827239990234,85
2494,336.170209429709,348.897290510771,222.827239990234,85
2495,352.661418685797,350.211001512784,222.827239990234,85
2496,360.393575631854,351.637580601594,222.827239990234,85
2497,359.784923251627,352.892506108267,222.827239990234,85
2498,333.360446249635,351.955302663623,222.827239990234,85
2499,348.379803141649,351.66007254696,222.827239990234,85
2500,343.416531194407,351.272530634362,222.827239990234,85
2501,351.537268504392,351.471824099164,222.827239990234,85
2502,338.93371635557,351.62101244339,222.827239990234,85
2503,341.901967072886,351.438516651433,222.827239990234,85
2504,349.766448804044,351.273374615503,222.827239990234,85
2505,347.2868930671,350.934599560838,222.827239990234,85
2506,341.712542095383,350.566775451498,222.827239990234,85
2507,361.970332398952,350.602211861704,222.827239990234,85
2508,347.549978281204,350.209946796251,222.827239990234,85
2509,354.286519730393,350.001548708046,222.827239990234,85
2510,343.704939881405,349.25679225958,222.827239990234,85
2511,347.079721038167,348.795493376581,222.827239990234,85
2512,351.197574326338,348.337584467232,222.827239990234,85
2513,366.189262723895,348.871762310254,222.827239990234,85
2514,353.282346217644,349.164252439096,225.065628051758,85
2515,340.259761226286,348.604704895077,225.065628051758,85
2516,354.278922350719,348.99078706393,225.065628051758,85
2517,359.802086220518,349.954823430017,225.065628051758,85
2518,358.872802712487,349.751199623682,225.065628051758,85
2519,358.441514995295,350.642051846306,225.065628051758,85
2520,363.842613064948,351.089299621472,225.065628051758,85
2521,331.35669724926,349.927824486168,225.065628051758,85
2522,353.395447962872,349.672245474618,225.065628051758,85
2523,319.547046640327,349.119709490246,225.065628051758,85
2524,354.782144271897,349.375803135455,225.065628051758,85
2525,358.437705663525,349.97665011422,225.065628051758,85
2526,342.041644199944,349.596825142042,225.065628051758,85
2527,353.871742746728,350.194346197689,225.065628051758,85
2528,337.760128130146,350.028672639979,225.065628051758,85
2529,347.430654726148,349.935240876863,225.065628051758,85
2530,356.61210331199,350.308249286659,225.065628051758,85
2531,365.658356535053,351.266081864246,225.065628051758,85
2532,354.060568625709,350.949691313316,225.065628051758,85
2533,355.374466939422,351.262670859645,225.065628051758,85
2534,357.045780486895,351.373041289905,225.065628051758,85
2535,361.47269636219,352.083751549136,225.065628051758,85
2536,365.577861575345,352.823677170623,225.065628051758,85
2537,355.627891437443,353.000889855067,225.065628051758,85
2538,350.563821696855,352.375872213986,225.851776123047,85
2539,358.173985738296,352.571537794812,225.851776123047,85
2540,356.759568280553,353.231530076983,225.851776123047,85
2541,356.754550073024,353.330555185875,225.851776123047,85
2542,350.834230500974,352.971840957093,225.851776123047,85
2543,360.160022997491,353.023329768493,225.851776123047,85
2544,346.802550658639,352.557771195027,225.851776123047,85
2545,348.258099415887,351.934390649064,225.851776123047,85
2546,338.320527010204,352.212943839502,225.851776123047,85
2547,356.647596227092,352.343029770071,225.851776123047,85
2548,356.725229338925,353.830157078015,225.851776123047,85
2549,291.498425343956,351.298808320897,225.851776123047,85
2550,368.044745770742,351.683089925186,225.851776123047,85
2551,279.385105462185,349.176828375676,225.851776123047,85
2552,355.864624347805,349.256543639719,225.851776123047,85
2553,323.06601849467,348.6687792543,225.851776123047,85
2554,329.165158657298,347.938159411546,225.851776123047,85
2555,358.277144576849,348.00476106214,225.851776123047,85
2556,349.644549443035,347.364208778459,225.851776123047,85
2557,366.69534763941,347.869599939007,225.851776123047,85
2558,348.127712883178,347.579729776758,225.851776123047,85
2559,358.816275318241,347.650549570011,225.851776123047,85
2560,347.915629692063,347.108266903206,225.851776123047,85
2561,364.01925356689,347.045922582868,225.851776123047,85
2562,304.360371350123,344.995221779375,228.096160888672,85
2563,347.461382010776,344.871124191932,228.096160888672,85
2564,358.27117406137,344.875011724855,228.096160888672,85
2565,359.574247677258,344.987598900723,228.096160888672,85
2566,362.973161559527,345.236343360184,228.096160888672,85
2567,358.2612940927,345.533425903853,228.096160888672,85
2568,368.367122805425,345.86170989617,228.096160888672,85
2569,358.260067285059,346.320010561227,228.096160888672,85
2570,355.625823333027,346.614719517912,228.096160888672,85
2571,344.739246929711,346.871468314693,228.096160888672,85
2572,340.315928167756,346.218201592319,228.096160888672,85
2573,369.237066116849,346.718675063436,228.096160888672,85
2574,352.829204543269,349.171906231409,228.096160888672,85
2575,360.687551022995,348.877618441499,228.096160888672,85
2576,360.939267007102,352.139784903295,228.096160888672,85
2577,359.852756880151,352.299310204589,228.096160888672,85
2578,326.950772398759,352.454700360753,228.096160888672,85
2579,339.889317863598,352.883666729005,228.096160888672,85
2580,341.540610614729,352.21420537052,228.096160888672,85
2581,355.887997177646,352.463943279904,228.096160888672,85
2582,353.229969690751,351.925328161958,228.096160888672,85
2583,359.168362584616,352.366954150016,228.096160888672,85
2584,357.394566091495,352.310085780946,228.096160888672,85
2585,341.820601810661,352.06628466569,228.096160888672,85
2586,345.896018397162,351.341355258901,228.989227294922,85
2587,362.974603266759,353.685924535566,228.989227294922,85
2588,365.445057116996,354.405271539815,228.989227294922,85
2589,354.764426470467,354.265001636179,228.989227294922,85
2590,347.525176144735,353.783038774878,228.989227294922,85
2591,333.238814283866,352.593664883851,228.989227294922,85
2592,345.051073890651,352.065256075769,228.989227294922,85
2593,332.799118349862,350.642535897547,228.989227294922,85
2594,354.89204108951,350.507814849725,228.989227294922,85
2595,364.051724037999,350.844850877924,228.989227294922,85
2596,356.897896150876,351.33119684677,228.989227294922,85
2597,307.867700198023,350.033267727981,228.989227294922,85
2598,356.36312448891,349.518310062864,228.989227294922,85
2599,356.47314317313,349.664067608058,228.989227294922,85
2600,356.6117838702,349.501036921946,228.989227294922,85
2601,363.166416919706,349.59012291845,228.989227294922,85
2602,344.56425021402,348.978582651805,228.989227294922,85
2603,368.46388466205,350.639107142337,228.989227294922,85
2604,359.452398518228,351.421630368522,228.989227294922,85
2605,353.903999198394,351.916165911868,228.989227294922,85
2606,357.104231985144,351.964815304168,228.989227294922,85
2607,349.975058229703,351.834618845726,228.989227294922,85
2608,362.590370468655,351.971499161088,228.989227294922,85
2609,367.490682194012,352.375343805189,228.989227294922,85
2610,297.794962492628,350.614318232467,231.035659790039,85
2611,361.732237217281,351.247766985272,231.035659790039,85
2612,351.809601047223,350.801166896491,231.035659790039,85
2613,361.606199196854,350.647612579685,231.035659790039,85
2614,353.644075819549,350.602798553648,231.035659790039,85
2615,355.748936038847,350.931748949413,231.035659790039,85
2616,350.369995971903,351.616996216934,231.035659790039,85
2617,367.109286865968,352.499324735947,231.035659790039,85
2618,366.979322569506,353.866532904733,231.035659790039,85
2619,357.211098202579,353.959295189255,231.035659790039,85
2620,365.792960065577,354.028944630359,231.035659790039,85
2621,350.674239661779,353.779998370795,231.035659790039,85
2622,346.27768298031,355.316397682086,231.035659790039,85
2623,361.933210993446,355.539201142268,231.035659790039,85
2624,353.858955836762,355.434633648813,231.035659790039,85
2625,347.388289066858,355.065693856679,231.035659790039,85
2626,360.913498172146,354.975577106777,231.035659790039,85
2627,358.096684667254,355.516874484906,231.035659790039,85
2628,353.508308682434,354.918651445722,231.035659790039,85
2629,353.745925584806,354.690392528385,231.035659790039,85
2630,363.71380786398,355.082784875008,231.035659790039,85
2631,359.922460241385,355.195514005258,231.035659790039,85
2632,357.745939823467,355.506349269008,231.035659790039,85
2633,338.886328783506,354.558187601602,231.035659790039,85
2634,358.883700748273,354.213908343773,231.251800537109,85
2635,351.71381741723,356.370662540757,231.251800537109,85
2636,366.10445906172,356.545551414535,231.251800537109,85
2637,338.302899867223,356.005283367335,231.251800537109,85
2638,366.705662944593,356.209261917244,231.251800537109,85
2639,344.966476297708,355.862157936371,231.251800537109,85
2640,342.169286156135,355.318971941062,231.251800537109,85
2641,357.167787575706,355.590883605214,231.251800537109,85
2642,351.988711208296,354.986060578907,231.251800537109,85
2643,359.776004509378,354.697927856502,231.251800537109,85
2644,348.696183968978,354.357331287158,231.251800537109,85
2645,354.307422211653,353.897909773001,231.251800537109,85
2646,363.011572741434,354.391403096187,231.251800537109,85
2647,364.734946093742,355.129693620725,231.251800537109,85
2648,354.673503231412,354.839305310243,231.251800537109,85
2649,349.291896925881,354.656622953808,231.251800537109,85
2650,369.447003178993,355.538971518293,231.251800537109,85
2651,361.892966714761,355.578150259998,231.251800537109,85
2652,361.951794376431,355.732354648365,231.251800537109,85
2653,359.116278613974,355.956673445627,231.251800537109,85
2654,369.716824005269,356.595509382445,231.251800537109,85
2655,365.609141693233,356.671322735615,231.251800537109,85
2656,354.802751719913,356.466534394756,231.251800537109,85
2657,361.316544819082,356.609358594581,231.251800537109,85
2658,359.824885805652,357.446900875467,232.919189453125,85
2659,347.227140862384,356.980638480031,232.919189453125,85
2660,363.359539235856,357.446467352776,232.919189453125,85
2661,365.703653343275,357.430435124038,232.919189453125,85
2662,322.568520906269,356.8010599656,232.919189453125,85
2663,354.610187335368,356.317240941231,232.919189453125,85
2664,339.030069611283,356.079784673774,232.919189453125,85
2665,358.1298730143,356.718208148101,232.919189453125,85
2666,343.951592986751,356.189560364543,232.919189453125,85
2667,351.765899952288,356.180647914302,232.919189453125,85
2668,360.87766973818,356.224714523454,232.919189453125,85
2669,346.295535295886,356.128688576531,232.919189453125,85
2670,344.992956438774,355.756109945616,232.919189453125,85
2671,364.46315515614,355.814173242204,232.919189453125,85
2672,348.52786230872,355.165889890803,232.919189453125,85
2673,366.478263909251,355.638080317916,232.919189453125,85
2674,354.570901526894,355.849240501957,232.919189453125,85
2675,371.646515323512,355.937220987738,232.919189453125,85
2676,347.470576601123,355.360325383192,232.919189453125,85
2677,356.476869191379,355.14132837579,232.919189453125,85
2678,361.240664616056,355.226303815873,232.919189453125,85
2679,356.612480265474,354.702130066282,232.919189453125,85
2680,357.851476269262,354.391823449323,232.919189453125,85
2681,367.312900846416,354.892229414383,232.919189453125,85
2682,369.007757393703,355.199877917368,232.959747314453,85
2683,364.564129106002,355.389447649382,232.959747314453,85
2684,364.217158861498,356.069048369346,232.959747314453,85
2685,357.815051985491,355.847268879332,232.959747314453,85
2686,360.540942244022,355.640760435362,232.959747314453,85
2687,351.51779750735,356.798731499405,232.959747314453,85
2688,349.27015647644,356.585130265048,232.959747314453,85
2689,358.472912460151,357.362843979002,232.959747314453,85
2690,349.39363169304,357.013394326152,232.959747314453,85
2691,365.889795155623,357.890922412907,232.959747314453,85
2692,361.677752519952,358.287396515613,232.959747314453,85
2693,371.724614618858,358.721274310841,232.959747314453,85
2694,353.341455760483,359.003111129424,232.959747314453,85
2695,350.544929040305,359.225190033486,232.959747314453,85
2696,370.296292425784,359.458515524271,232.959747314453,85
2697,356.522515127121,359.778301637008,232.959747314453,85
2698,368.903006719718,359.875291349426,232.959747314453,85
2699,361.485245235904,360.151865097787,232.959747314453,85
2700,359.5267830806,359.66707580807,232.959747314453,85
2701,354.408253202151,359.944582872111,232.959747314453,85
2702,361.04645887871,360.127366459605,232.959747314453,85
2703,361.194459423291,360.125518251894,232.959747314453,85
2704,368.891225628628,360.61666806642,232.959747314453,85
2705,366.712746992071,360.971118895332,232.959747314453,85
2706,364.166546872764,360.845264736386,234.246856689453,85
2707,357.183760050409,360.372304842655,234.246856689453,85
2708,351.815633671978,359.862365025294,234.246856689453,85
2709,346.767792217274,359.164390359525,234.246856689453,85
2710,358.34291896148,359.185505038564,234.246856689453,85
2711,354.297132109289,358.935752633175,234.246856689453,85
2712,371.262858351799,359.725555066953,234.246856689453,85
2713,366.681335383941,360.422002223253,234.246856689453,85
2714,356.90637114245,360.359340570545,234.246856689453,85
2715,340.732270814278,360.012886135395,234.246856689453,85
2716,362.473700552183,359.876242351257,234.246856689453,85
2717,360.095978477229,359.812971389548,234.246856689453,85
2718,364.528139738549,359.525112394336,234.246856689453,85
2719,369.12871481424,360.156602756486,234.246856689453,85
2720,362.799399359316,360.646781569246,234.246856689453,85
2721,361.384023468777,360.290290810966,234.246856689453,85
2722,357.619022085948,360.334151089319,234.246856689453,85
2723,356.90368250559,359.854178120754,234.246856689453,85
2724,370.312895710086,360.207284139721,234.246856689453,85
2725,373.109835783753,360.750606247847,234.246856689453,85
2726,359.045332139077,360.936089405324,234.246856689453,85
2727,360.23076671302,360.903461718697,234.246856689453,85
2728,357.155292964579,360.741895060348,234.246856689453,85
2729,357.022281846351,360.267137309057,234.246856689453,85
2730,368.75166184562,360.348693903199,235.915481567383,85
2731,354.507619979715,359.962336827477,235.915481567383,85
2732,365.139020532894,360.280547246777,235.915481567383,85
2733,362.500856109245,360.707956144267,235.915481567383,85
2734,356.517543760262,361.097946205987,235.915481567383,85
2735,363.241557966758,361.293891766198,235.915481567383,85
2736,359.281135479231,361.493251900996,235.915481567383,85
2737,366.184570923015,361.290120403844,235.915481567383,85
2738,361.78144063373,361.094124613836,235.915481567383,85
2739,365.297921352102,361.429786622222,235.915481567383,85
2740,301.634729402106,359.865884965735,235.915481567383,85
2741,365.79303223205,359.99865823293,235.915481567383,85
2742,366.471909667244,360.25369548053,235.915481567383,85
2743,319.600665497961,358.456596510907,235.915481567383,85
2744,352.076458214244,357.774506246907,235.915481567383,85
2745,358.372857393136,357.59744456826,235.915481567383,85
2746,345.563922487086,356.964640528992,235.915481567383,85
2747,333.655342896255,356.006093361404,235.915481567383,85
2748,370.075545891836,356.532967896854,235.915481567383,85
2749,342.0455717923,355.402274940143,235.915481567383,85
2750,365.214827498111,355.086474608717,235.915481567383,85
2751,367.849207418475,355.438629619893,235.915481567383,85
2752,348.770853445378,354.980233089187,235.915481567383,85
2753,347.098559446852,354.577963748478,235.915481567383,85
2754,365.227765206323,354.906183082877,237.348220825195,85
2755,358.967708579703,354.514824952241,237.348220825195,85
2756,321.200905712171,353.182556381539,237.348220825195,85
2757,365.031575430335,353.178258577436,237.348220825195,85
2758,354.858817712095,352.87257704155,237.348220825195,85
2759,368.300439566562,353.343892873802,237.348220825195,85
2760,336.670006327069,352.281030808215,237.348220825195,85
2761,368.934683375807,352.667172724078,237.348220825195,85
2762,360.313897022856,352.432345768071,237.348220825195,85
2763,348.888708377529,351.916636477823,237.348220825195,85
2764,349.246016441874,351.274560281414,237.348220825195,85
2765,371.100426248807,354.053188155282,237.348220825195,85
2766,361.626601170511,353.886530912821,237.348220825195,85
2767,367.249279487025,353.917625705612,237.348220825195,85
2768,335.433905144337,354.550955291467,237.348220825195,85
2769,361.089616066546,354.911481605559,237.348220825195,85
2770,360.670070490594,355.003370129457,237.348220825195,85
2771,369.792834024516,355.972526590955,237.348220825195,85
2772,357.342634186158,356.920018242551,237.348220825195,85
2773,367.509308935267,356.817368764288,237.348220825195,85
2774,369.760028379008,357.925947027756,237.348220825195,85
2775,300.577046844449,355.34043580161,237.348220825195,85
2776,358.027447822767,354.947565417782,237.348220825195,85
2777,324.075883462156,353.959766618453,237.348220825195,85
2778,362.115185429804,354.560431657771,238.684371948242,85
2779,357.685540537791,354.258742671029,238.684371948242,85
2780,363.785295926562,354.451446164904,238.684371948242,85
2781,358.710924843052,355.951846930139,238.684371948242,85
2782,369.863116156595,356.145108559189,238.684371948242,85
2783,370.347002516315,356.764635951358,238.684371948242,85
2784,371.07394054342,356.875575990433,238.684371948242,85
2785,366.511146610373,358.069221601765,238.684371948242,85
2786,371.922516794057,358.188734938495,238.684371948242,85
2787,343.236840471177,357.505652676428,238.684371948242,85
2788,372.121333965111,358.434957699931,238.684371948242,85
2789,358.518618599588,358.805861786239,238.684371948242,85
2790,329.788845464208,357.153398554856,238.684371948242,85
2791,365.533664303412,357.309681080172,238.684371948242,85
2792,372.1330891217,357.505033465559,238.684371948242,85
2793,350.503909895508,358.107833655605,238.684371948242,85
2794,358.851067125375,358.018291697959,238.684371948242,85
2795,358.648604282927,357.937433049652,238.684371948242,85
2796,344.755342702661,356.935933396778,238.684371948242,85
2797,365.63099871625,357.267467977981,238.684371948242,85
2798,370.31802983714,357.379816814056,238.684371948242,85
2799,364.234421047963,357.158792520814,238.684371948242,85
2800,359.783278185709,359.527041774465,238.684371948242,85
2801,368.683490305374,359.953283473769,238.684371948242,85
2802,348.481109949283,360.929492533254,240.239349365234,85
2803,349.812748744672,360.437395065849,240.239349365234,85
2804,361.126169762376,360.575020234832,240.239349365234,85
2805,367.393975608659,360.719367422116,240.239349365234,85
2806,366.154991667065,361.017130095077,240.239349365234,85
2807,373.651733790973,361.168674800452,240.239349365234,85
2808,354.326025486854,360.527835719273,240.239349365234,85
2809,338.102762571162,359.208988600383,240.239349365234,85
2810,370.636533084487,359.374004059348,240.239349365234,85
2811,374.782331618777,359.488396652336,240.239349365234,85
2812,366.212179443429,360.407410211227,240.239349365234,85
2813,359.133140269308,359.887882463394,240.239349365234,85
2814,368.159435601233,360.27351514346,240.239349365234,85
2815,353.553997380122,361.224121220097,240.239349365234,85
2816,344.995805489606,360.402606867544,240.239349365234,85
2817,361.209152077556,359.965649385779,240.239349365234,85
2818,369.27422358976,360.716461933549,240.239349365234,85
2819,366.960479347705,361.040838422442,240.239349365234,85
2820,371.890585863923,361.570517685682,240.239349365234,85
2821,370.790869711844,362.611938766049,240.239349365234,85
2822,370.403229393195,362.802827993127,240.239349365234,85
2823,359.827687782258,362.383214310932,240.239349365234,85
2824,347.528465442579,361.714976086716,240.239349365234,85
2825,352.814941228281,361.436242608419,240.239349365234,85
2826,367.866860217182,361.403577404892,242.102264404297,85
2827,369.730436279947,362.253550458118,242.102264404297,85
2828,370.242842465992,363.070754206971,242.102264404297,85
2829,367.089482678652,363.309286723622,242.102264404297,85
2830,358.97380170636,362.97247976753,242.102264404297,85
2831,366.256232293356,362.976529392582,242.102264404297,85
2832,365.885727139203,362.665889126511,242.102264404297,85
2833,365.371471348036,363.107706960958,242.102264404297,85
2834,370.455611543155,364.401820919838,242.102264404297,85
2835,369.708869771916,364.364714387335,242.102264404297,85
2836,366.444527576217,364.031202225633,242.102264404297,85
2837,367.658553204275,364.089057176066,242.102264404297,85
2838,377.134765076028,364.809122168335,242.102264404297,85
2839,369.146174855603,364.84859173851,242.102264404297,85
2840,379.714930624301,365.895029068277,242.102264404297,85
2841,365.06342923683,366.697734018166,242.102264404297,85
2842,368.389485699883,366.984947363059,242.102264404297,85
2843,369.129972422282,366.97917731636,242.102264404297,85
2844,367.886185105539,367.016205546674,242.102264404297,85
2845,371.507319832817,367.000874905429,242.102264404297,85
2846,375.454842347966,367.187433810874,242.102264404297,85
2847,366.983416875868,367.050641310181,242.102264404297,85
2848,362.937133884092,367.175019154254,242.102264404297,85
2849,360.693455700654,367.701618764577,242.102264404297,85
2850,371.973736328799,368.467970568598,246.473770141602,85
2851,366.795979464809,368.425135338503,246.473770141602,85
2852,376.399314969415,368.691890486082,246.473770141602,85
2853,378.694203708397,369.029944935778,246.473770141602,85
2854,367.911084285314,369.062809000045,246.473770141602,85
2855,322.031405077641,367.585113134896,246.473770141602,85
2856,365.452821352305,367.552976697254,246.473770141602,85
2857,352.463364527182,367.016082192773,246.473770141602,85
2858,360.867314443042,366.835915916573,246.473770141602,85
2859,371.691519735952,366.885352244285,246.473770141602,85
2860,373.791147948346,367.048643371342,246.473770141602,85
2861,350.611942754277,366.415339978465,246.473770141602,85
2862,374.804014471429,366.701158429151,246.473770141602,85
2863,371.063593518378,366.458311566845,246.473770141602,85
2864,361.487585545209,366.151967994429,246.473770141602,85
2865,377.682066323387,366.070653422393,246.473770141602,85
2866,367.942488539137,366.185815794485,246.473770141602,85
2867,365.491052057552,366.069878448792,246.473770141602,85
2868,369.514537998467,366.085261071839,246.473770141602,85
2869,357.257253975895,365.660103826653,246.473770141602,85
2870,367.319122032705,365.492575914649,246.473770141602,85
2871,372.128775374008,365.35953323569,246.473770141602,85
2872,370.421192116714,365.497044245324,246.473770141602,85
2873,370.35638511317,365.793814294487,246.473770141602,85
2874,369.347185141908,366.139963472138,248.779403686523,85
2875,363.764809335046,365.811606392387,248.779403686523,85
2876,368.946274156471,365.897618180054,248.779403686523,85
2877,370.004201894631,365.641813657063,248.779403686523,85
2878,372.875689698785,365.409073096678,248.779403686523,85
2879,373.181307646727,365.619882031135,248.779403686523,85
2880,366.610256218055,367.403036076751,248.779403686523,85
2881,352.466531976572,366.883584501722,248.779403686523,85
2882,365.191911381229,367.392726375884,248.779403686523,85
2883,365.439732773003,367.575623109082,248.779403686523,85
2884,362.825135070561,367.220967722466,248.779403686523,85
2885,372.113157289714,367.153848096121,248.779403686523,85
2886,371.487282069763,367.988861668741,248.779403686523,85
2887,363.541021732576,367.538341959186,248.779403686523,85
2888,358.883597384526,367.051142113832,248.779403686523,85
2889,365.117986235753,367.196358141454,248.779403686523,85
2890,366.896559753197,366.764937878647,248.779403686523,85
2891,369.781464966983,366.83849693576,248.779403686523,85
2892,364.637423904379,366.804351809634,248.779403686523,85
2893,372.801025512217,366.935811310184,248.779403686523,85
2894,381.131441864378,367.890778825723,248.779403686523,85
2895,372.472640955652,368.096919582641,248.779403686523,85
2896,365.262011865832,367.822249042314,248.779403686523,85
2897,363.007834233604,367.525714726989,248.779403686523,85
2898,376.116700840163,367.756127356069,250.800048828125,85
2899,366.01063332551,367.622665283413,250.800048828125,85
2900,355.031041973191,367.273314588939,250.800048828125,85
2901,350.544356474318,366.537237881653,250.800048828125,85
2902,377.362294051557,366.83156156793,250.800048828125,85
2903,369.846319748775,366.710386769929,250.800048828125,85
2904,331.601891664614,365.047210130645,250.800048828125,85
2905,373.161229077191,365.30924904501,250.800048828125,85
2906,344.677253988695,364.997677925495,250.800048828125,85
2907,369.822218043818,365.182890191999,250.800048828125,85
2908,363.430518104911,365.102521605275,250.800048828125,85
2909,367.854216465026,365.303684861054,250.800048828125,85
2910,363.394717374908,364.954947264461,250.800048828125,85
2911,376.140109045604,365.141060343495,250.800048828125,85
2912,378.396451564244,365.735277536762,250.800048828125,85
2913,369.973962275923,366.178892132418,250.800048828125,85
2914,337.633060786042,365.079495114429,250.800048828125,85
2915,379.890182258176,365.599240014628,250.800048828125,85
2916,364.649201557333,365.393949478242,250.800048828125,85
2917,363.992001692043,365.368132589749,250.800048828125,85
2918,366.188451930529,365.103629646481,250.800048828125,85
2919,371.682285654435,364.725663398084,250.800048828125,85
2920,354.726306734749,364.015810029248,250.800048828125,85
2921,373.06508515175,364.327932960684,250.800048828125,85
2922,353.783415959455,363.958956229718,252.599517822266,85
2923,377.618800323749,364.019040209062,252.599517822266,85
2924,352.489886453122,363.478210334166,252.599517822266,85
2925,385.587783230822,364.700479984472,252.599517822266,85
2926,375.639131447026,365.70427098338,252.599517822266,85
2927,373.741277090985,365.559430304957,252.599517822266,85
2928,361.791424616393,365.237234499662,252.599517822266,85
2929,338.056636555845,365.495424295311,252.599517822266,85
2930,377.450307428811,365.666987429376,252.599517822266,85
2931,370.747462395376,366.709795765643,252.599517822266,85
2932,362.084696916253,366.40029492054,252.599517822266,85
2933,363.155860342117,366.389308610029,252.599517822266,85
2934,372.536830889011,366.576613186988,252.599517822266,85
2935,374.625805957978,367.025856730311,252.599517822266,85
2936,368.207387323347,366.708547861421,252.599517822266,85
2937,377.068876527905,366.655444859967,252.599517822266,85
2938,366.286678598203,366.507953512858,252.599517822266,85
2939,366.964643495262,367.681216821227,252.599517822266,85
2940,368.320908004522,367.218445851081,252.599517822266,85
2941,348.9423088106,366.590170141212,252.599517822266,85
2942,369.999593053105,366.830473795654,252.599517822266,85
2943,363.207034515874,366.711217099068,252.599517822266,85
2944,364.176041567229,366.410967335579,252.599517822266,85
2945,357.558875726522,366.524270095251,252.599517822266,85
2946,368.960643970695,366.360092448008,254.364044189453,85
2947,374.463492237437,367.187295499128,254.364044189453,85
2948,374.545627419181,367.064368582945,254.364044189453,85
2949,364.770132640794,367.555578430452,254.364044189453,85
2950,362.055942698421,366.614304809156,254.364044189453,85
2951,374.313753475002,366.561289690275,254.364044189453,85
2952,368.081190243033,366.334886216357,254.364044189453,85
2953,374.666589630388,366.849892816917,254.364044189453,85
2954,367.768717055167,368.038376036889,254.364044189453,85
2955,365.88303788654,367.575685255199,254.364044189453,85
2956,371.998189263244,367.625714329913,254.364044189453,85
2957,374.832231839129,368.135615726828,254.364044189453,85
2958,366.193858636876,368.257135658619,254.364044189453,85
2959,366.289919675408,368.007259210074,254.364044189453,85
2960,366.238553710642,367.671769120181,254.364044189453,85
2961,368.895374494659,367.699288607033,254.364044189453,85
2962,375.933272964432,367.653864464495,254.364044189453,85
2963,367.039906673732,367.683993587516,254.364044189453,85
2964,383.005357646827,368.325622153578,254.364044189453,85
2965,339.284023269837,367.164146764191,254.364044189453,85
2966,366.999024182028,367.886415379048,254.364044189453,85
2967,374.37805770412,368.061553965089,254.364044189453,85
2968,379.838715958334,368.726821222787,254.364044189453,85
2969,376.00846377156,369.20011811096,254.364044189453,85
2970,373.954688879649,369.855950637085,255.632553100586,85
2971,368.418954423049,369.83428305518,255.632553100586,85
2972,369.389848552897,369.631337307798,255.632553100586,85
2973,378.545651008099,369.791338251355,255.632553100586,85
2974,379.280963107708,370.371771470031,255.632553100586,85
2975,366.820644595811,370.562359545927,255.632553100586,85
2976,359.549025552952,369.971770429045,255.632553100586,85
2977,365.334147460141,369.861888717729,255.632553100586,85
2978,369.692487459464,369.662924630892,255.632553100586,85
2979,370.383025613132,369.767496973211,255.632553100586,85
2980,369.726799026932,369.921247418826,255.632553100586,85
2981,370.06859077568,369.844063479324,255.632553100586,85
2982,381.591651314438,370.114440258336,255.632553100586,85
2983,366.598172832185,370.130612826149,255.632553100586,85
2984,377.577081653925,370.582099305289,255.632553100586,85
2985,379.130819101074,371.097789920907,255.632553100586,85
2986,370.187172445911,371.149461838957,255.632553100586,85
2987,375.698027117516,371.14005200508,255.632553100586,85
2988,370.945185244419,371.296263147907,255.632553100586,85
2989,370.279161226828,370.787215291107,255.632553100586,85
2990,376.434130084062,372.273219563676,255.632553100586,85
2991,373.838676707361,372.54680566469,255.632553100586,85
2992,368.324516967891,372.304664035241,255.632553100586,85
2993,372.256004417968,372.001355573626,255.632553100586,85
2994,370.880318970074,371.796229781567,257.547698974609,85
2995,356.245442682876,371.087859933696,257.547698974609,85
2996,380.063010362611,371.553622171278,257.547698974609,85
2997,370.261930072507,371.588505432062,257.547698974609,85
2998,372.405213088651,371.342887915285,257.547698974609,85
2999,371.972387841204,371.050544904624,257.547698974609,85
3000,374.050598175079,371.339743047795,257.547698974609,85
3001,374.750901771278,371.947818096528,257.547698974609,85
3002,379.976247096142,372.533502081968,257.547698974609,85
3003,372.369507975239,372.640582902599,257.547698974609,85
3004,375.273566577456,372.836204541172,257.547698974609,85
3005,326.760007106239,371.117532864344,257.547698974609,85
3006,370.030053620962,371.115991378156,257.547698974609,85
3007,370.410987542728,370.668764827287,257.547698974609,85
3008,372.625736577058,370.909867377082,257.547698974609,85
3009,361.772098829269,370.277668064096,257.547698974609,85
3010,351.065813771989,369.155067850933,257.547698974609,85
3011,360.804931357348,368.77977820739,257.547698974609,85
3012,371.542755652838,368.613567348803,257.547698974609,85
3013,380.290103991355,368.98736409868,257.547698974609,85
3014,377.780078156059,369.28740077585,257.547698974609,85
3015,374.751055539915,369.220077794084,257.547698974609,85
3016,371.304588211401,369.118714254245,257.547698974609,85
3017,372.438640970767,369.28327921436,257.547698974609,85
3018,376.944081287128,369.470802289127,258.345153808594,85
3019,375.210819957003,369.644022328604,258.345153808594,85
3020,376.997524656184,370.474105607536,258.345153808594,85
3021,373.652315531832,370.217677814305,258.345153808594,85
3022,379.998227163479,370.607129697944,258.345153808594,85
3023,371.490837868901,370.570554689154,258.345153808594,85
3024,376.948968152466,370.769617901605,258.345153808594,85
3025,367.743282050285,370.517325256613,258.345153808594,85
3026,381.257432830099,370.777586498966,258.345153808594,85
3027,373.639529970148,370.524117813926,258.345153808594,85
3028,369.881329557667,370.424590677223,258.345153808594,85
3029,378.892072481379,370.56933091338,258.345153808594,85
3030,374.373631234648,372.473875878516,258.345153808594,85
3031,382.849053634194,372.986635879046,258.345153808594,85
3032,380.46159572779,373.388660206448,258.345153808594,85
3033,373.131263494728,373.408881283155,258.345153808594,85
3034,367.186263823852,373.625447882938,258.345153808594,85
3035,366.587715842776,374.24632396577,258.345153808594,85
3036,379.478235174808,374.993256118468,258.345153808594,85
3037,379.220316632226,375.300358557644,258.345153808594,85
3038,366.242900004164,374.738470398156,258.345153808594,85
3039,375.891096674604,374.662911138898,258.345153808594,85
3040,375.38693475892,374.688346307658,258.345153808594,85
3041,367.19010846124,374.523767117651,258.345153808594,85
3042,330.205684579491,372.834448862,260.274963378906,85
3043,368.146844796822,372.482559402388,260.274963378906,85
3044,366.363224476463,372.128655583167,260.274963378906,85
3045,374.094730375578,372.012543811942,260.274963378906,85
3046,363.490576596915,371.606074254546,260.274963378906,85
3047,374.98194009794,371.405422771924,260.274963378906,85
3048,357.401227165362,370.841838343783,260.274963378906,85
3049,378.239743954427,370.893469375861,260.274963378906,85
3050,375.258827893536,371.194091209591,260.274963378906,85
3051,366.978974247265,370.622952866278,260.274963378906,85
3052,374.683175448311,370.664698685404,260.274963378906,85
3053,357.23664590055,370.15891133912,260.274963378906,85
3054,369.028795256656,369.764380250131,260.274963378906,85
3055,378.243778239272,369.919186130315,260.274963378906,85
3056,371.714114965704,369.473788583576,260.274963378906,85
3057,373.894601195079,369.211108802268,260.274963378906,85
3058,359.015648887111,368.646484217963,260.274963378906,85
3059,373.02031181908,368.879846137772,260.274963378906,85
3060,356.25979448303,368.466729283382,260.274963378906,85
3061,370.480401721366,368.106815945244,260.274963378906,85
3062,376.611044972008,368.002445078836,260.274963378906,85
3063,374.292208651397,368.324417424725,260.274963378906,85
3064,368.352995122777,368.022893362652,260.274963378906,85
3065,373.805304915396,367.959628168911,260.274963378906,85
3066,383.670340041554,368.618837432124,261.442199707031,85
3067,375.486428787239,370.430067200434,261.442199707031,85
3068,374.249073539379,370.674156350136,261.442199707031,85
3069,375.910316186866,371.056040018552,261.442199707031,85
3070,373.547840181202,371.034164410777,261.442199707031,85
3071,378.934742098126,371.651931030825,261.442199707031,85
3072,381.322397186353,371.905549314362,261.442199707031,85
3073,371.518549971015,372.470242226588,261.442199707031,85
3074,378.429049236833,372.477814437884,261.442199707031,85
3075,382.422060455086,372.764343740346,261.442199707031,85
3076,368.161408092671,372.811641094162,261.442199707031,85
3077,385.994834814768,373.264107468821,261.442199707031,85
3078,374.361601016345,373.949105673452,261.442199707031,85
3079,381.460644006028,374.446379623427,261.442199707031,85
3080,375.050794535357,374.318660275271,261.442199707031,85
3081,343.425242969645,373.187105395428,261.442199707031,85
3082,373.601970478151,373.175400166751,261.442199707031,85
3083,370.24988247942,373.624769510444,261.442199707031,85
3084,374.987538481274,373.703458576931,261.442199707031,85
3085,380.073843631763,374.656020542881,261.442199707031,85
3086,372.520264808518,374.737615066367,261.442199707031,85
3087,375.672025752404,374.700054297583,261.442199707031,85
3088,367.07362923442,374.411311120904,261.442199707031,85
3089,377.2805760334,374.768414357329,261.442199707031,85
3090,376.630504112108,374.881422325197,262.558441162109,85
3091,367.416793951683,374.231280481602,262.558441162109,85
3092,379.995782423641,374.411654627058,262.558441162109,85
3093,371.414836998448,374.298285165421,262.558441162109,85
3094,372.454941900334,374.16007019396,262.558441162109,85
3095,381.076864857927,374.461231181029,262.558441162109,85
3096,373.764036887815,374.254402972616,262.558441162109,85
3097,378.275491702536,374.132526753264,262.558441162109,85
3098,380.643653061551,374.497530876885,262.558441162109,85
3099,374.840948575975,374.354006850451,262.558441162109,85
3100,381.572703054386,374.320032554423,262.558441162109,85
3101,357.661604109302,373.900040395088,262.558441162109,85
3102,369.104090444616,373.224410620282,262.558441162109,85
3103,373.450745616968,373.187976404307,262.558441162109,85
3104,378.467355585601,373.06824486749,262.558441162109,85
3105,380.079337973141,373.269386605001,262.558441162109,85
3106,377.762079548669,374.642860068162,262.558441162109,85
3107,371.370432344903,374.553598542832,262.558441162109,85
3108,372.927737216201,374.660712732303,262.558441162109,85
3109,369.445079112424,374.439014357549,262.558441162109,85
3110,374.51901379689,374.216821164155,262.558441162109,85
3111,389.517132797007,374.896695883694,262.558441162109,85
3112,377.976048303891,374.988856785754,262.558441162109,85
3113,362.326791840238,374.798983289986,262.558441162109,85
3114,369.910628106777,374.504185372921,263.364959716797,85
3115,374.587308414307,374.422457545009,263.364959716797,85
3116,386.216861503497,375.174460247082,263.364959716797,85
3117,374.474050250065,374.953590960139,263.364959716797,85
3118,373.341797841586,375.030669393864,263.364959716797,85
3119,379.161526184722,375.29893276524,263.364959716797,85
3120,369.151239295738,374.821907742752,263.364959716797,85
3121,386.180881043227,375.318581508969,263.364959716797,85
3122,379.873378818551,375.382496993609,263.364959716797,85
3123,365.998927777325,374.79670798224,263.364959716797,85
3124,375.259669055452,374.813456801419,263.364959716797,85
3125,378.381307048786,374.685800961195,263.364959716797,85
3126,332.428650502493,373.676482816923,263.364959716797,85
3127,378.32756013131,374.045421604391,263.364959716797,85
3128,366.789631998521,373.778977059653,263.364959716797,85
3129,380.063702993497,373.842830955969,263.364959716797,85
3130,350.428085917219,372.656780873732,263.364959716797,85
3131,377.41637027844,372.642952502923,263.364959716797,85
3132,374.559026712524,372.770496277628,263.364959716797,85
3133,376.366604169409,372.908050955756,263.364959716797,85
3134,384.243727181114,373.499996878503,263.364959716797,85
3135,381.499868320543,373.77923105945,263.364959716797,85
3136,384.303533352285,373.570687081661,263.364959716797,85
3137,366.351499233984,373.105705118864,263.364959716797,85
3138,369.324469590778,373.385612228886,264.307800292969,85
3139,366.855752553255,373.263417206745,264.307800292969,85
3140,376.499062447777,373.339887368084,264.307800292969,85
3141,378.013063563208,373.011735450472,264.307800292969,85
3142,383.864712148392,373.387361926406,264.307800292969,85
3143,352.746221216278,372.563538861393,264.307800292969,85
3144,371.272352190067,372.247971901607,264.307800292969,85
3145,384.69294357297,372.869640072696,264.307800292969,85
3146,370.146040500913,372.228246451004,264.307800292969,85
3147,375.523574491128,372.054254277907,264.307800292969,85
3148,381.574703652981,372.677285312933,264.307800292969,85
3149,377.50454260016,372.767080254721,264.307800292969,85
3150,383.717082803076,372.980511284893,264.307800292969,85
3151,382.394316648809,374.979137930746,264.307800292969,85
3152,374.186922080866,374.813512408728,264.307800292969,85
3153,380.136391827461,375.347382801885,264.307800292969,85
3154,385.970399715754,375.583650670776,264.307800292969,85
3155,390.119179668153,377.171294420813,264.307800292969,85
3156,372.227544009506,376.963741370056,264.307800292969,85
3157,376.461480862557,377.039839536057,264.307800292969,85
3158,381.483129391939,377.244500544958,264.307800292969,85
3159,387.936218584035,377.392200201075,264.307800292969,85
3160,379.472388911581,377.311101024717,264.307800292969,85
3161,376.256108472372,376.98920402952,264.307800292969,85
3162,369.327033831275,377.108225413412,266.488433837891,85
3163,376.520681557155,377.396073892067,266.488433837891,85
3164,378.43843698386,377.859381269291,266.488433837891,85
3165,375.405343478578,377.815632510523,266.488433837891,85
3166,369.746618930016,377.484974725195,266.488433837891,85
3167,374.728444654835,377.119524025453,266.488433837891,85
3168,376.939275570234,378.087246199611,266.488433837891,85
3169,373.356017829567,378.170592825191,266.488433837891,85
3170,373.566013145157,377.725515608079,266.488433837891,85
3171,375.300746819603,377.931703860826,266.488433837891,85
3172,375.914991765314,377.947360551794,266.488433837891,85
3173,371.752320802646,377.55446523778,266.488433837891,85
3174,365.678552003712,377.081425613922,266.488433837891,85
3175,378.7072514203,376.881032358611,266.488433837891,85
3176,380.474986963266,376.80425917119,266.488433837891,85
3177,377.240229092419,376.926391451652,266.488433837891,85
3178,374.289570580196,376.692518601761,266.488433837891,85
3179,387.131391509055,376.738958273493,266.488433837891,85
3180,372.377359935802,376.029285484199,266.488433837891,85
3181,378.324485055338,376.273163126032,266.488433837891,85
3182,359.080362416249,375.57791838818,266.488433837891,85
3183,379.721457216752,375.507451501173,266.488433837891,85
3184,382.05857295915,375.272345676177,266.488433837891,85
3185,377.001928429214,375.173527256883,266.488433837891,85
3186,386.610089687852,375.587686505502,267.628784179688,85
3187,374.542586196883,375.796308600126,267.628784179688,85
3188,387.22994058078,376.224678961071,267.628784179688,85
3189,379.573165117207,376.270068086405,267.628784179688,85
3190,371.727829623512,376.122967532202,267.628784179688,85
3191,360.835781796554,375.766534046864,267.628784179688,85
3192,374.706470927487,375.76565509777,267.628784179688,85
3193,367.648429070935,375.394021237798,267.628784179688,85
3194,345.160471680626,374.26619939184,267.628784179688,85
3195,377.022497762394,374.40445877653,267.628784179688,85
3196,335.277628744569,372.803534053529,267.628784179688,85
3197,384.428082830841,373.14405769615,267.628784179688,85
3198,384.90314575706,373.670090694326,267.628784179688,85
3199,377.130778310272,374.128179746589,267.628784179688,85
3200,372.116294868829,373.86454148453,267.628784179688,85
3201,363.594873606399,373.189336950255,267.628784179688,85
3202,379.319684777201,373.272515177646,267.628784179688,85
3203,384.57000374754,373.68373250434,267.628784179688,85
3204,369.830994927762,372.991716641088,267.628784179688,85
3205,383.517171755744,373.437309113886,267.628784179688,85
3206,382.246429015588,373.594186872296,267.628784179688,85
3207,374.125644259878,374.195998146041,267.628784179688,85
3208,382.589626442529,374.310724915072,267.628784179688,85
3209,378.191129318792,374.156027169458,267.628784179688,85
3210,375.089902142494,374.079546117989,267.756378173828,85
3211,378.529364341197,373.756317104123,267.756378173828,85
3212,375.282312326816,373.78590614932,267.756378173828,85
3213,383.24009519904,373.626312334051,267.756378173828,85
3214,384.273795202876,373.814337537477,267.756378173828,85
3215,380.418244229051,374.161954121699,267.756378173828,85
3216,352.704567953402,373.836705567973,267.756378173828,85
3217,379.393143398896,374.024172466829,267.756378173828,85
3218,375.748138984796,374.348160863384,267.756378173828,85
3219,379.853209799226,375.735870388128,267.756378173828,85
3220,380.812963125536,375.887489002653,267.756378173828,85
3221,377.180349668476,377.56359783961,267.756378173828,85
3222,377.291595410327,377.278138342789,267.756378173828,85
3223,383.070778912418,377.204843669003,267.756378173828,85
3224,369.12038666466,376.884428003179,267.756378173828,85
3225,380.861228623186,377.234225353353,267.756378173828,85
3226,377.549088310249,377.792393941507,267.756378173828,85
3227,385.602270775336,378.043697381433,267.756378173828,85
3228,381.911324901151,377.937350227577,267.756378173828,85
3229,377.5737154127,378.247059046975,267.756378173828,85
3230,372.464615293195,377.804956788473,267.756378173828,85
3231,378.325113693659,377.648104175595,267.756378173828,85
3232,379.189570972107,377.850661244085,267.756378173828,85
3233,374.342909088466,377.520792549922,267.756378173828,85
3234,374.932601777446,377.390451448268,267.824005126953,85
3235,377.337559553912,377.480357744725,267.824005126953,85
3236,381.003475411125,377.579322187522,267.824005126953,85
3237,377.100203290194,377.652037826057,267.824005126953,85
3238,383.534937341606,377.66383151176,267.824005126953,85
3239,362.384336677493,376.788253170744,267.824005126953,85
3240,356.103836469273,375.815676860353,267.824005126953,85
3241,369.144209861358,376.473262536672,267.824005126953,85
3242,377.761053668551,376.407978947458,267.824005126953,85
3243,374.679222405411,376.365222284282,267.824005126953,85
3244,377.024677442669,376.25208099002,267.824005126953,85
3245,382.085801215303,376.302994513611,267.824005126953,85
3246,369.045093304856,375.977584259066,267.824005126953,85
3247,371.191605560009,375.733584665053,267.824005126953,85
3248,376.86300004097,375.485273510195,267.824005126953,85
3249,374.139233010674,375.686027364036,267.824005126953,85
3250,372.594641787781,375.35536389062,267.824005126953,85
3251,373.963609907915,375.211944754526,267.824005126953,85
3252,382.644251890559,375.093623999135,267.824005126953,85
3253,382.156854025763,375.10344516412,267.824005126953,85
3254,385.068842045925,375.403250229449,267.824005126953,85
3255,382.706891181305,375.812941264973,267.824005126953,85
3256,373.911072160224,375.636379603636,267.824005126953,85
3257,384.291850283882,375.840470776107,267.824005126953,85
3258,386.116621847323,376.311419286461,268.204650878906,85
3259,384.386768626839,376.689585960437,268.204650878906,85
3260,379.072634594478,376.75898896206,268.204650878906,85
3261,386.981455342871,376.998108159329,268.204650878906,85
3262,377.316597945072,377.006763945524,268.204650878906,85
3263,385.14694727823,377.071244342989,268.204650878906,85
3264,387.469731781389,378.074660147145,268.204650878906,85
3265,379.180672545008,378.997733590175,268.204650878906,85
3266,385.596833653181,379.655838541847,268.204650878906,85
3267,377.241073911887,379.635039351581,268.204650878906,85
3268,362.748225190802,379.157799462997,268.204650878906,85
3269,379.795258184935,379.268622692687,268.204650878906,85
3270,385.62300819859,379.410110972019,268.204650878906,85
3271,384.300444851443,380.020325033882,268.204650878906,85
3272,375.783670089154,380.204007615048,268.204650878906,85
3273,373.446296848533,380.067339487351,268.204650878906,85
3274,379.795004914762,380.293570363514,268.204650878906,85
3275,382.111455123648,380.674242896949,268.204650878906,85
3276,386.634911628701,381.18109496578,268.204650878906,85
3277,383.037208448087,381.196813228081,268.204650878906,85
3278,381.502320448511,381.170631884991,268.204650878906,85
3279,373.344994816937,380.701677995832,268.204650878906,85
3280,381.624788320918,380.658393881416,268.204650878906,85
3281,375.023961486011,380.702909454448,268.204650878906,85
3282,384.586542756678,380.71469715336,268.603149414062,85
3283,381.440736972352,380.527661758361,268.603149414062,85
3284,378.277176455003,380.283278071487,268.603149414062,85
3285,385.657557599744,380.546674991698,268.603149414062,85
3286,378.948969531965,380.225375559262,268.603149414062,85
3287,372.075419487945,380.015728420977,268.603149414062,85
3288,386.360939517548,380.064288110549,268.603149414062,85
3289,371.477319571379,379.424591622149,268.603149414062,85
3290,375.358778011758,379.271715840819,268.603149414062,85
3291,379.681597046667,379.035106376558,268.603149414062,85
3292,384.50262029922,379.325568232052,268.603149414062,85
3293,379.269076841424,379.986402298076,268.603149414062,85
3294,381.276732805484,380.045661282898,268.603149414062,85
3295,382.984105966283,379.940105193606,268.603149414062,85
3296,374.692742288009,379.555797091069,268.603149414062,85
3297,371.541192027111,379.386097968587,268.603149414062,85
3298,381.783252258227,379.719576184975,268.603149414062,85
3299,383.268709622639,379.85852437329,268.603149414062,85
3300,381.737680707571,379.843573396647,268.603149414062,85
3301,382.089839092477,379.661770495198,268.603149414062,85
3302,384.068779644341,379.703033343048,268.603149414062,85
3303,384.962006893971,379.841420800866,268.603149414062,85
3304,375.789291289196,379.939192659757,268.603149414062,85
3305,380.165379281261,379.880816298171,268.603149414062,85
3306,373.078087878453,379.802981353868,270.392272949219,85
3307,366.099141265856,379.063485294235,270.392272949219,85
3308,378.343197810928,378.939583727778,270.392272949219,85
3309,378.528651389972,378.949642725177,270.392272949219,85
3310,386.993423283069,379.00307735251,270.392272949219,85
3311,374.220263179964,378.81392909843,270.392272949219,85
3312,362.932467458429,378.448211017249,270.392272949219,85
3313,379.277809822461,378.164885829446,270.392272949219,85
3314,378.229941085218,378.434990689999,270.392272949219,85
3315,379.07520982001,378.58364796233,270.392272949219,85
3316,384.774943474386,378.787381819438,270.392272949219,85
3317,376.490064567546,378.466879590171,270.392272949219,85
3318,378.190482562034,378.423735818996,270.392272949219,85
3319,380.22726903213,378.381757268062,270.392272949219,85
3320,380.027492801225,378.263492741459,270.392272949219,85
3321,361.427462660767,377.73288155637,270.392272949219,85
3322,386.015502451818,378.311853973358,270.392272949219,85
3323,376.722554535969,378.109426064468,270.392272949219,85
3324,385.872333711421,378.213571028019,270.392272949219,85
3325,384.066862155646,378.306738285942,270.392272949219,85
3326,384.656113493699,378.409389261991,270.392272949219,85
3327,363.805594551847,377.598861858291,270.392272949219,85
3328,384.835323954273,377.593794540703,270.392272949219,85
3329,380.230082420833,377.771426185969,270.392272949219,85
3330,371.950951978079,377.442849093841,270.534240722656,85
3331,372.709013157302,377.428086104995,270.534240722656,85
3332,384.007474040902,378.144419415997,270.534240722656,85
3333,389.364761254639,378.585281953745,270.534240722656,85
3334,384.904335596007,378.840309321987,270.534240722656,85
3335,381.193282579681,378.608303693851,270.534240722656,85
3336,370.054884910765,378.441688563083,270.534240722656,85
3337,383.040141337765,379.245995518257,270.534240722656,85
3338,372.067497533931,378.957583026716,270.534240722656,85
3339,387.480453562008,379.327603525787,270.534240722656,85
3340,382.450585917453,379.462618569685,270.534240722656,85
3341,369.427858849412,378.848735184686,270.534240722656,85
3342,382.936895805041,379.106608434186,270.534240722656,85
3343,365.703407504147,378.60712543187,270.534240722656,85
3344,390.699575422162,379.026017687472,270.534240722656,85
3345,379.342046725078,378.998599844426,270.534240722656,85
3346,387.816826399007,380.054174393955,270.534240722656,85
3347,387.592925195434,380.1172713037,270.534240722656,85
3348,384.970038787067,380.447170673744,270.534240722656,85
3349,368.706622283959,379.760542216645,270.534240722656,85
3350,378.029444305086,379.519045502623,270.534240722656,85
3351,384.082840047201,379.496114564763,270.534240722656,85
3352,386.039298602827,380.385462726802,270.534240722656,85
3353,387.147165448541,380.477936386573,270.534240722656,85
3354,379.438952758546,380.446291200082,271.982299804688,85
3355,385.091405671468,380.971909347817,271.982299804688,85
3356,386.976812982214,381.542621340814,271.982299804688,85
3357,350.905850298763,380.218556391128,271.982299804688,85
3358,379.959407716603,379.842342249607,271.982299804688,85
3359,381.384832407699,379.701562122074,271.982299804688,85
3360,340.776073725372,378.084873767902,271.982299804688,85
3361,367.382828454729,377.977991509661,271.982299804688,85
3362,364.157729898872,377.222695052105,271.982299804688,85
3363,372.450257334141,377.238005444113,271.982299804688,85
3364,378.306884176074,376.871062668676,271.982299804688,85
3365,382.67213835301,376.879924766098,271.982299804688,85
3366,387.854202204006,377.616978500282,271.982299804688,85
3367,382.982703532431,377.618810809377,271.982299804688,85
3368,383.120523063831,378.315495431765,271.982299804688,85
3369,385.707968739809,378.115831164471,271.982299804688,85
3370,382.395277047313,378.23796037736,271.982299804688,85
3371,380.059907992397,377.927683641096,271.982299804688,85
3372,376.198183013342,377.471893953812,271.982299804688,85
3373,381.201720439172,377.321161219896,271.982299804688,85
3374,378.313017602099,377.705417032622,271.982299804688,85
3375,387.010100095102,378.064643264222,271.982299804688,85
3376,375.81024506013,377.73373946474,271.982299804688,85
3377,385.908908312053,377.728523853109,271.982299804688,85
3378,380.206378072101,377.450892358051,272.356872558594,85
3379,379.630255488738,377.458544467259,272.356872558594,85
3380,343.396654202769,375.790754408511,272.356872558594,85
3381,381.636972827233,375.577160802312,272.356872558594,85
3382,380.151321252998,376.746979640481,272.356872558594,85
3383,381.882503167651,376.823903458523,272.356872558594,85
3384,386.083107715213,377.011834470823,272.356872558594,85
3385,383.435005211749,378.718191730278,272.356872558594,85
3386,353.498799255578,378.162830562312,272.356872558594,85
3387,373.710258573919,378.544931709314,272.356872558594,85
3388,382.761450037073,378.957379417432,272.356872558594,85
3389,380.046651537593,379.026970111892,272.356872558594,85
3390,382.678292747284,379.027216287663,272.356872558594,85
3391,375.959817975937,378.551440918541,272.356872558594,85
3392,379.404898038744,378.408328698793,272.356872558594,85
3393,377.671344000297,378.190361536252,272.356872558594,85
3394,378.732485702592,377.911342214763,272.356872558594,85
3395,381.793958429178,377.887289470038,272.356872558594,85
3396,380.496340096375,377.904746754197,272.356872558594,85
3397,388.53405547226,378.398181652554,272.356872558594,85
3398,383.967528676708,378.508813982055,272.356872558594,85
3399,385.384739304761,378.791682850161,272.356872558594,85
3400,380.452311326148,378.529371299403,272.356872558594,85
3401,388.364756919306,379.03155177377,272.356872558594,85
3402,387.501199923996,379.095243438248,272.018981933594,85
3403,381.717784891267,379.155699711015,272.018981933594,85
3404,377.456461575015,379.068747954466,272.018981933594,85
3405,378.309626825699,380.465266859383,272.018981933594,85
3406,374.402628771332,380.175893097147,272.018981933594,85
3407,390.12506106211,380.574842689511,272.018981933594,85
3408,367.109008195042,379.983902890607,272.018981933594,85
3409,380.247496914243,379.750478458568,272.018981933594,85
3410,385.871579436361,379.847941427553,272.018981933594,85
3411,385.008762021427,381.108339938187,272.018981933594,85
3412,382.166758940629,381.446599952855,272.018981933594,85
3413,376.43887565785,381.193696977686,272.018981933594,85
3414,382.362580737522,381.286334145683,272.018981933594,85
3415,380.317496863513,381.191902310332,272.018981933594,85
3416,385.266173515507,381.564156531915,272.018981933594,85
3417,384.426505930352,381.76502084758,272.018981933594,85
3418,378.679245189909,381.805336895164,272.018981933594,85
3419,384.437963389399,382.033556002636,272.018981933594,85
3420,382.545725210707,382.063626673897,272.018981933594,85
3421,353.887166222943,380.99925971896,272.018981933594,85
3422,380.076947572099,380.660975402954,272.018981933594,85
3423,380.386707844138,380.517742569651,272.018981933594,85
3424,359.322331161333,379.475246243914,272.018981933594,85
3425,348.85877338756,378.21150472637,272.018981933594,85
3426,390.268851985131,378.287668529003,272.642913818359,85
3427,388.08430443798,378.310992709563,272.642913818359,85
3428,378.535167221236,378.183688002761,272.642913818359,85
3429,387.430536492707,378.582650999469,272.642913818359,85
3430,383.994976812078,378.810064998924,272.642913818359,85
3431,380.307607230047,379.046264137273,272.642913818359,85
3432,374.606739455914,378.425531273025,272.642913818359,85
3433,386.391503236584,379.196831074687,272.642913818359,85
3434,389.730815562563,379.576163820619,272.642913818359,85
3435,387.550463490826,379.643319182798,272.642913818359,85
3436,368.820718217796,378.995797430653,272.642913818359,85
3437,383.236814214643,379.038599641613,272.642913818359,85
3438,388.01462804878,379.501629737251,272.642913818359,85
3439,364.486320511375,378.786579328205,272.642913818359,85
3440,386.662983223069,379.040398782587,272.642913818359,85
3441,386.343211402928,379.083480298084,272.642913818359,85
3442,368.61888393732,378.451175418362,272.642913818359,85
3443,361.488198687343,377.76353355826,272.642913818359,85
3444,384.208909108368,377.754371387019,272.642913818359,85
3445,379.786868083295,377.644017101922,272.642913818359,85
3446,378.27272876813,378.61943960373,272.642913818359,85
3447,379.592668838707,378.600068454394,272.642913818359,85
3448,375.112058058639,378.389082462974,272.642913818359,85
3449,378.891798177963,379.171861143639,272.642913818359,85
3450,373.68116568367,380.164756835484,272.615966796875,85
3451,374.380773400042,379.52923369208,272.615966796875,85
3452,384.266241227253,379.376511163651,272.615966796875,85
3453,385.051536191793,379.637165922473,272.615966796875,85
3454,376.724968355042,379.208943196967,272.615966796875,85
3455,378.167020990458,378.975824964102,272.615966796875,85
3456,380.59503353498,378.987322016299,272.615966796875,85
3457,381.714925072848,379.271649440977,272.615966796875,85
3458,378.686149432075,378.963435288796,272.615966796875,85
3459,381.824439317708,378.647180239002,272.615966796875,85
3460,381.859752592178,378.419551803056,272.615966796875,85
3461,376.458301379407,378.725055129521,272.615966796875,85
3462,381.871647647545,378.670448466837,272.615966796875,85
3463,376.368291338829,378.204594998439,272.615966796875,85
3464,373.108834605612,378.549495562208,272.615966796875,85
3465,375.965469038821,378.121594994838,272.615966796875,85
3466,373.505176830199,377.608073611929,272.615966796875,85
3467,384.19393165497,378.231075520635,272.615966796875,85
3468,377.462261372537,378.870038028043,272.615966796875,85
3469,391.936324608501,379.179134648048,272.615966796875,85
3470,384.599013376623,379.371620459781,272.615966796875,85
3471,384.449410483168,379.618687728383,272.615966796875,85
3472,381.717675409831,379.703687991228,272.615966796875,85
3473,382.78644284466,380.010663382669,272.615966796875,85
3474,387.252144422949,380.345077232468,273.565826416016,85
3475,379.460459732691,380.576248994429,273.565826416016,85
3476,382.749736540365,380.911007520042,273.565826416016,85
3477,386.604353136017,381.004531996392,273.565826416016,85
3478,382.522956224182,380.903388797688,273.565826416016,85
3479,383.927714016753,381.191498624156,273.565826416016,85
3480,383.160617125132,381.391242469543,273.565826416016,85
3481,380.303942300022,381.379598820145,273.565826416016,85
3482,385.692573891977,381.53870477291,273.565826416016,85
3483,343.200450173016,380.119276802548,273.565826416016,85
3484,377.284123741868,379.937664179514,273.565826416016,85
3485,385.759900358342,380.093670090161,273.565826416016,85
3486,389.305015992015,380.607538674665,273.565826416016,85
3487,387.066174265382,380.815319739378,273.565826416016,85
3488,387.963963006814,381.279146606098,273.565826416016,85
3489,384.090191235907,381.71840087131,273.565826416016,85
3490,388.322113650262,382.212666655767,273.565826416016,85
3491,381.834718772099,382.545848333443,273.565826416016,85
3492,388.591267851772,382.721741781315,273.565826416016,85
3493,393.370278949096,383.358062484378,273.565826416016,85
3494,385.746004097596,383.110449663942,273.565826416016,85
3495,382.118077623053,383.011212233799,273.565826416016,85
3496,388.043522789461,383.154976726051,273.565826416016,85
3497,390.265121696319,383.49687457751,273.565826416016,85
3498,388.064462845309,383.707995377536,274.918975830078,85
3499,388.410936697622,383.754347068523,274.918975830078,85
3500,387.954941270128,384.09412633002,274.918975830078,85
3501,386.375424000671,384.239153828433,274.918975830078,85
3502,381.56279212443,384.037491387969,274.918975830078,85
3503,385.922177873836,384.173460253955,274.918975830078,85
3504,352.112568351898,382.900854427361,274.918975830078,85
3505,377.668260607536,382.681160166657,274.918975830078,85
3506,373.86647465841,382.423661460993,274.918975830078,85
3507,386.357000185526,382.450238512735,274.918975830078,85
3508,383.893284476483,384.077951884873,274.918975830078,85
3509,390.416175410134,384.603233951604,274.918975830078,85
3510,388.062091149235,384.69532158324,274.918975830078,85
3511,386.337604055008,384.576625105759,274.918975830078,85
3512,378.097806062893,384.21789037766,274.918975830078,85
3513,383.019273695659,384.020102805214,274.918975830078,85
3514,379.209953574265,383.824893298748,274.918975830078,85
3515,390.024490433738,383.892988370087,274.918975830078,85
3516,381.548454390048,383.881537794805,274.918975830078,85
3517,379.273946058473,383.508844923073,274.918975830078,85
3518,378.221856149173,382.902908011076,274.918975830078,85
3519,374.659200273275,382.459435858103,274.918975830078,85
3520,383.635631170327,382.520137999994,274.918975830078,85
3521,378.955996895143,382.156636964222,274.918975830078,85
3522,372.231720412052,381.435300912851,275.270324707031,85
3523,374.535435675319,380.894139826051,275.270324707031,85
3524,383.367403593241,380.692398501876,275.270324707031,85
3525,390.52376166908,380.795151317834,275.270324707031,85
3526,378.420148065184,380.476940280415,275.270324707031,85
3527,384.272680535203,380.585335816846,275.270324707031,85
3528,373.188218164125,380.075977428457,275.270324707031,85
3529,391.87506166303,381.666477160902,275.270324707031,85
3530,385.29911695673,381.97171141487,275.270324707031,85
3531,365.503618361613,381.637197162998,275.270324707031,85
3532,383.619758898234,381.527707511507,275.270324707031,85
3533,367.773441595946,380.882913796285,275.270324707031,85
3534,371.749420109436,380.136243584257,275.270324707031,85
3535,385.12745473701,380.018858127768,275.270324707031,85
3536,381.605171826216,379.829560838617,275.270324707031,85
3537,380.891870826294,379.941323429153,275.270324707031,85
3538,371.292973484718,379.472271420715,275.270324707031,85
3539,379.138341236622,379.469406927209,275.270324707031,85
3540,388.223113042759,379.39735183157,275.270324707031,85
3541,390.809341827867,379.767787329083,275.270324707031,85
3542,392.135637395919,380.282254982581,275.270324707031,85
3543,387.166942670071,380.640058443416,275.270324707031,85
3544,394.010319137484,381.414103197985,275.270324707031,85
3545,384.576515536278,381.451738572623,275.270324707031,85
3546,392.462087131413,381.991982182074,275.605651855469,85
3547,381.488395281693,382.362249176859,275.605651855469,85
3548,373.3580241268,382.315152714919,275.605651855469,85
3549,381.249402486883,382.230432670664,275.605651855469,85
3550,390.455112326249,382.227686696951,275.605651855469,85
3551,381.501879020734,382.350955935173,275.605651855469,85
3552,387.674036380941,382.487010169003,275.605651855469,85
3553,389.419976939856,383.136280520032,275.605651855469,85
3554,385.307018480857,382.873558792745,275.605651855469,85
3555,381.43644020704,382.719051722757,275.605651855469,85
3556,384.106983955905,383.463186346529,275.605651855469,85
3557,385.77537069161,383.549410818264,275.605651855469,85
3558,386.561768776243,384.300943905476,275.605651855469,85
3559,384.078480600643,384.794106325124,275.605651855469,85
3560,385.931188488778,384.826255675195,275.605651855469,85
3561,384.987491873384,384.961548477082,275.605651855469,85
3562,388.069480001901,385.248652844106,275.605651855469,85
3563,390.018912953183,385.997690422845,275.605651855469,85
3564,381.51262335274,386.092661707489,275.605651855469,85
3565,388.247537064604,386.093638668363,275.605651855469,85
3566,386.32217851252,385.914152135749,275.605651855469,85
3567,389.183872656529,385.796081546174,275.605651855469,85
3568,383.391375476533,385.645058858432,275.605651855469,85
3569,383.158111045749,385.210970534763,275.605651855469,85
3570,383.668634661623,385.174655299776,276.025268554688,85
3571,380.724003947755,384.70513197243,276.025268554688,85
3572,384.898011532997,384.841516622482,276.025268554688,85
3573,387.161497236312,385.393655546863,276.025268554688,85
3574,381.994017159981,385.423440133787,276.025268554688,85
3575,392.260282979134,385.495646959902,276.025268554688,85
3576,389.814861836973,385.828166272552,276.025268554688,85
3577,389.171027552014,385.888045919395,276.025268554688,85
3578,391.347798767768,385.965158792511,276.025268554688,85
3579,384.850273915454,385.946889009895,276.025268554688,85
3580,382.578248363429,385.992561336151,276.025268554688,85
3581,382.657462954954,385.934580496112,276.025268554688,85
3582,387.519649428166,386.004351645575,276.025268554688,85
3583,391.671649549344,386.208746876499,276.025268554688,85
3584,388.306331354004,386.377860906633,276.025268554688,85
3585,356.434114392117,385.197977942767,276.025268554688,85
3586,381.084168542857,385.041845009546,276.025268554688,85
3587,389.6597722971,385.105456701354,276.025268554688,85
3588,390.071888111539,385.107575707688,276.025268554688,85
3589,390.969150971037,385.48583681242,276.025268554688,85
3590,387.564643690617,385.45852107746,276.025268554688,85
3591,388.128046388717,385.530755792508,276.025268554688,85
3592,388.686914929414,385.510877483424,276.025268554688,85
3593,385.942463965607,385.612921022987,276.025268554688,85
3594,384.501392141283,385.666652266808,276.955413818359,85
3595,389.982859397106,385.919221256227,276.955413818359,85
3596,392.637196710368,386.395748966732,276.955413818359,85
3597,385.896898642459,386.43570445111,276.955413818359,85
3598,379.401593557038,386.125308303939,276.955413818359,85
3599,388.552776318512,386.387658670281,276.955413818359,85
3600,383.740686336681,386.046874804582,276.955413818359,85
3601,388.988767385836,386.013831026537,276.955413818359,85
3602,385.805290483677,385.879201543803,276.955413818359,85
3603,381.934670382465,385.502676408391,276.955413818359,85
3604,376.253245698705,385.158795279721,276.955413818359,85
3605,389.104330146708,385.419838551052,276.955413818359,85
3606,383.808076867769,385.465863107565,276.955413818359,85
3607,386.493353880943,385.424811285676,276.955413818359,85
3608,385.990562322322,385.197567796595,276.955413818359,85
3609,388.722177642006,385.214201648115,276.955413818359,85
3610,384.295590576833,386.328660695504,276.955413818359,85
3611,383.10169665867,386.409361820136,276.955413818359,85
3612,362.513004680321,385.323491115465,276.955413818359,85
3613,385.449100509175,385.138579611371,276.955413818359,85
3614,364.464129182331,384.078378739822,276.955413818359,85
3615,355.479873513593,382.794987932741,276.955413818359,85
3616,387.141766050514,382.755536719213,276.955413818359,85
3617,395.900993376917,383.044099857113,276.955413818359,85
3618,390.450340270174,383.224414909296,278.243835449219,85
3619,393.344063755222,383.578121773854,278.243835449219,85
3620,380.351245504592,383.192857218153,278.243835449219,85
3621,391.463952456225,383.145927447988,278.243835449219,85
3622,386.696206703818,383.177899770442,278.243835449219,85
3623,391.973452210347,383.680774116574,278.243835449219,85
3624,387.060563800506,383.621085615854,278.243835449219,85
3625,392.928623847838,383.9886031163,278.243835449219,85
3626,387.062199969281,383.911540419638,278.243835449219,85
3627,387.166381342338,383.965984053985,278.243835449219,85
3628,383.537013985891,384.030077798122,278.243835449219,85
3629,360.003890265628,383.380103580798,278.243835449219,85
3630,388.123553725282,383.340872523941,278.243835449219,85
3631,357.217350188151,382.277243456757,278.243835449219,85
3632,381.834310677144,382.090881728605,278.243835449219,85
3633,386.104174778791,382.095426226864,278.243835449219,85
3634,391.120608497069,382.191363461066,278.243835449219,85
3635,390.562765350607,382.442050452017,278.243835449219,85
3636,363.505309995549,381.658194985492,278.243835449219,85
3637,392.733212530637,382.867003299505,278.243835449219,85
3638,377.434807587943,382.546431582655,278.243835449219,85
3639,394.021673364262,383.728733349933,278.243835449219,85
3640,390.615436626164,385.134155874436,278.243835449219,85
3641,390.763366922703,385.279019909323,278.243835449219,85
3642,387.000164629148,384.922986759412,278.785797119141,85
3643,386.563047322957,384.767495041524,278.785797119141,85
3644,384.127749519807,384.398842472107,278.785797119141,85
3645,342.999462762207,382.904771162412,278.785797119141,85
3646,387.411410769886,382.742669494958,278.785797119141,85
3647,386.081109950959,382.718065624844,278.785797119141,85
3648,390.961646999285,382.677593416401,278.785797119141,85
3649,383.031228170283,382.516419991192,278.785797119141,85
3650,385.808893086651,382.231630760745,278.785797119141,85
3651,392.471566559291,382.448005424345,278.785797119141,85
3652,387.38717331715,382.456837103338,278.785797119141,85
3653,386.374401483183,382.57033260323,278.785797119141,85
3654,392.863258323468,383.884707325543,278.785797119141,85
3655,390.890971976346,383.995404055586,278.785797119141,85
3656,378.138671423539,384.832256905001,278.785797119141,85
3657,382.357233797877,384.853173829831,278.785797119141,85
3658,387.153521439594,384.895147696263,278.785797119141,85
3659,389.163282856121,384.816854670625,278.785797119141,85
3660,387.127314429162,384.679436633767,278.785797119141,85
3661,380.176974370549,385.346303208767,278.785797119141,85
3662,389.418170141776,385.213701513213,278.785797119141,85
3663,369.101514412773,384.880369786206,278.785797119141,85
3664,386.380494722525,384.574722640536,278.785797119141,85
3665,381.819610737773,384.222889605001,278.785797119141,85
3666,387.964000027553,384.110914929195,277.244812011719,85
3667,394.348490199553,384.404847952011,277.244812011719,85
3668,393.93126353168,384.69957660036,277.244812011719,85
3669,388.068019826033,384.857187412609,277.244812011719,85
3670,383.385210076587,386.472617305184,277.244812011719,85
3671,388.113737311742,386.500710366858,277.244812011719,85
3672,385.478743293766,386.47661570057,277.244812011719,85
3673,391.805467497672,386.510368520506,277.244812011719,85
3674,379.956917396025,386.387396089536,277.244812011719,85
3675,390.998604679825,386.594984553262,277.244812011719,85
3676,386.868502454446,386.370861989069,277.244812011719,85
3677,375.635114054779,385.900779618574,277.244812011719,85
3678,384.121501731549,385.810663628509,277.244812011719,85
3679,384.972444643749,385.49503108132,277.244812011719,85
3680,388.627023998388,385.404473162201,277.244812011719,85
3681,385.001688979651,385.678993864446,277.244812011719,85
3682,372.809360889063,385.297078948093,277.244812011719,85
3683,388.804980993431,385.363137330247,277.244812011719,85
3684,390.394621443464,385.41239087374,277.244812011719,85
3685,382.511119514227,385.227743077143,277.244812011719,85
3686,366.922016675162,384.697544769328,277.244812011719,85
3687,391.291634637217,384.772483349145,277.244812011719,85
3688,390.700777284538,385.636453864016,277.244812011719,85
3689,389.134213999664,385.746602635101,277.244812011719,85
3690,359.379118236709,384.848982935059,277.288421630859,85
3691,390.372786618714,384.945334398705,277.288421630859,85
3692,389.973003696711,384.770314938592,277.288421630859,85
3693,393.976947535096,384.772142298728,277.288421630859,85
3694,392.588144601478,384.952947289746,277.288421630859,85
3695,393.370036168476,385.352340333422,277.288421630859,85
3696,383.88250536242,385.183091055449,277.288421630859,85
3697,390.841300859146,385.397593358064,277.288421630859,85
3698,390.2068023352,385.333646751565,277.288421630859,85
3699,392.664655594272,385.841956279495,277.288421630859,85
3700,389.424782237634,385.779003381808,277.288421630859,85
3701,387.846788809633,385.818134836015,277.288421630859,85
3702,387.705212348444,386.300938767762,277.288421630859,85
3703,386.63807386983,386.401601653293,277.288421630859,85
3704,386.910121328905,386.479108720699,277.288421630859,85
3705,384.670040708622,386.320829389108,277.288421630859,85
3706,377.628091899045,386.025885505884,277.288421630859,85
3707,393.463652931349,386.852057187576,277.288421630859,85
3708,382.094226629197,386.583627013006,277.288421630859,85
3709,389.454339059221,386.546015717637,277.288421630859,85
3710,382.217113702684,386.534255485175,277.288421630859,85
3711,386.717173501986,387.326061758248,277.288421630859,85
3712,390.553652320574,387.296542465582,277.288421630859,85
3713,385.780569429309,387.099734151373,277.288421630859,85
3714,387.376025707118,387.029406619671,278.802062988281,85
3715,387.97687034082,388.173316703835,278.802062988281,85
3716,392.781111174941,388.269649686085,278.802062988281,85
3717,390.536543529158,388.292191279382,278.802062988281,85
3718,392.78560361413,388.244537522544,278.802062988281,85
3719,386.662201906537,388.007499814746,278.802062988281,85
3720,386.084710601998,387.716086792087,278.802062988281,85
3721,394.568326095689,388.143519621418,278.802062988281,85
3722,386.388741392516,387.965417242752,278.802062988281,85
3723,365.238264687524,386.966675736845,278.802062988281,85
3724,390.127012255895,386.86517000331,278.802062988281,85
3725,387.881840430368,386.80345233102,278.802062988281,85
3726,389.232620793165,386.858885610361,278.802062988281,85
3727,388.294233227558,386.882446445526,278.802062988281,85
3728,381.481219832203,386.67617228402,278.802062988281,85
3729,388.39176416572,386.735437997493,278.802062988281,85
3730,384.749180704955,386.738603597346,278.802062988281,85
3731,395.675017705578,387.460480629608,278.802062988281,85
3732,382.265470868428,387.012553347091,278.802062988281,85
3733,388.801394801719,387.280840073992,278.802062988281,85
3734,392.687556153592,387.410168757767,278.802062988281,85
3735,388.504962787453,387.661682721157,278.802062988281,85
3736,386.650856980829,387.659030060311,278.802062988281,85
3737,386.210245721575,387.485293796351,278.802062988281,85
3738,389.979577701442,387.653254127236,280.147277832031,85
3739,386.868847732797,387.632967008264,280.147277832031,85
3740,387.979484339594,387.633071568215,280.147277832031,85
3741,391.323923730832,387.57478407045,280.147277832031,85
3742,389.082147758041,387.516608239606,280.147277832031,85
3743,392.665972527821,387.511822996153,280.147277832031,85
3744,391.213430157288,387.693872126183,280.147277832031,85
3745,390.962002816151,387.888963814749,280.147277832031,85
3746,383.692586077323,387.453934214015,280.147277832031,85
3747,382.699715248738,387.306373168264,280.147277832031,85
3748,378.401976800485,387.832921652782,280.147277832031,85
3749,386.627567476228,387.692943861595,280.147277832031,85
3750,387.007093337343,387.657953977874,280.147277832031,85
3751,386.970345188005,387.567462953668,280.147277832031,85
3752,380.036906822739,387.237169897475,280.147277832031,85
3753,381.650450341946,387.243939117865,280.147277832031,85
3754,395.190930832666,387.515905784543,280.147277832031,85
3755,390.618735726858,387.750687985419,280.147277832031,85
3756,391.464547634584,387.582269182579,280.147277832031,85
3757,393.155282175254,388.017861634852,280.147277832031,85
3758,396.187654693097,388.313312030507,280.147277832031,85
3759,397.394057531668,388.50157208563,280.147277832031,85
3760,391.265497372073,388.611993469015,280.147277832031,85
3761,391.661040219936,388.812400798579,280.147277832031,85
3762,394.240076918663,389.133594046463,280.898254394531,85
3763,389.684451914648,389.121789014991,280.898254394531,85
3764,397.460746416218,389.545464962328,280.898254394531,85
3765,391.607865241207,389.690600198392,280.898254394531,85
3766,394.934427791201,389.835020360807,280.898254394531,85
3767,390.203591403302,389.879878106618,280.898254394531,85
3768,388.211499459386,389.70169918388,280.898254394531,85
3769,391.057653134203,389.695468102957,280.898254394531,85
3770,392.199024414035,389.744948966872,280.898254394531,85
3771,389.795279996451,389.989056723637,280.898254394531,85
3772,392.637573898363,390.386571069622,280.898254394531,85
3773,392.163213243288,390.937020527334,280.898254394531,85
3774,392.56286373007,391.174432377488,280.898254394531,85
3775,394.761012397774,391.484589139905,280.898254394531,85
3776,390.624399596976,391.630751316264,280.898254394531,85
3777,395.384796536192,392.244666904802,280.898254394531,85
3778,392.880936995847,392.693886370958,280.898254394531,85
3779,389.420073860103,392.463052092056,280.898254394531,85
3780,391.978298243759,392.517434592732,280.898254394531,85
3781,391.559691831062,392.521240360591,280.898254394531,85
3782,394.615770307856,392.579659885895,280.898254394531,85
3783,374.465203359842,391.710761832565,280.898254394531,85
3784,392.380529294261,391.510220703069,280.898254394531,85
3785,389.604862661556,391.443795314648,280.898254394531,85
3786,369.254786313331,390.547545158384,281.568511962891,85
3787,373.587528242956,389.721443211356,281.568511962891,85
3788,393.799681353426,389.886052388907,281.568511962891,85
3789,390.832514972942,389.620923131176,281.568511962891,85
3790,374.455033883424,388.934809876864,281.568511962891,85
3791,393.777202233929,388.888520854573,281.568511962891,85
3792,395.353461321199,389.094515651289,281.568511962891,85
3793,389.569065667164,389.1488182996,281.568511962891,85
3794,395.506321424628,389.326765031217,281.568511962891,85
3795,390.652246902491,389.264893930756,281.568511962891,85
3796,390.089946152251,389.276680576988,281.568511962891,85
3797,392.611329329146,389.275630794219,281.568511962891,85
3798,391.864481764354,389.263681535062,281.568511962891,85
3799,377.966509597116,388.679827369743,281.568511962891,85
3800,392.911240090194,388.60583647744,281.568511962891,85
3801,391.481683516282,388.640127834212,281.568511962891,85
3802,386.129380683603,388.269911200109,281.568511962891,85
3803,392.961807934322,388.273146037648,281.568511962891,85
3804,344.352755611441,386.470453307701,281.568511962891,85
3805,392.939207793826,386.508889689704,281.568511962891,85
3806,384.759753534204,386.23689215783,281.568511962891,85
3807,393.098304652409,386.176193531612,281.568511962891,85
3808,388.35961487217,386.731969992105,281.568511962891,85
3809,392.929256918307,386.753919097067,281.568511962891,85
3810,392.134187102544,386.855092074706,282.320159912109,85
3811,392.086054652791,387.768342808285,282.320159912109,85
3812,389.512321508325,388.405334538899,282.320159912109,85
3813,384.17438775367,388.020322794909,282.320159912109,85
3814,387.395257356985,387.882832490271,282.320159912109,85
3815,386.543434029817,388.366368496127,282.320159912109,85
3816,388.107546999862,388.139582286764,282.320159912109,85
3817,395.601696591942,388.149511697594,282.320159912109,85
3818,392.192149985489,388.254435070327,282.320159912109,85
3819,391.157984491588,388.080501593005,282.320159912109,85
3820,389.115727888625,388.019040832451,282.320159912109,85
3821,389.900161783286,388.011449457692,282.320159912109,85
3822,387.465148367763,387.805602219237,282.320159912109,85
3823,389.497613977774,387.710927507773,282.320159912109,85
3824,390.605189081781,388.21647468716,282.320159912109,85
3825,388.789907765569,388.051621394175,282.320159912109,85
3826,387.073854719365,387.875308242298,282.320159912109,85
3827,390.586033334128,388.053574348319,282.320159912109,85
3828,380.657311632291,387.561394496238,282.320159912109,85
3829,383.967616108101,389.145988916104,282.320159912109,85
3830,389.711283041844,389.016871926025,282.320159912109,85
3831,390.999797365162,389.266473679264,282.320159912109,85
3832,382.0397333548,388.824130827359,282.320159912109,85
3833,398.140158470038,389.215352571274,282.320159912109,85
3834,393.581909863445,389.241458689079,282.580291748047,85
3835,395.454426988043,389.374268284499,282.580291748047,85
3836,396.104167781979,389.534992809667,282.580291748047,85
3837,393.434599784335,389.691883940707,282.580291748047,85
3838,394.024787752084,390.085899940644,282.580291748047,85
3839,395.015439582734,390.390707229674,282.580291748047,85
3840,390.60407570254,390.553132896583,282.580291748047,85
3841,392.175355592204,390.715845240276,282.580291748047,85
3842,379.167447433974,390.058475273958,282.580291748047,85
3843,390.288702929557,389.98233739172,282.580291748047,85
3844,391.195702523914,389.983846113013,282.580291748047,85
3845,392.276237724477,390.110266506447,282.580291748047,85
3846,388.578216886984,390.057388710595,282.580291748047,85
3847,395.096579295997,390.362645947725,282.580291748047,85
3848,356.296559246563,389.034603758476,282.580291748047,85
3849,391.082302599944,389.053688299203,282.580291748047,85
3850,373.910846757496,388.45852585888,282.580291748047,85
3851,382.000518965142,388.255592428711,282.580291748047,85
3852,395.057874364661,388.434466069932,282.580291748047,85
3853,389.158198937465,388.774501562139,282.580291748047,85
3854,390.398529250887,389.031738087851,282.580291748047,85
3855,391.798823645115,389.115239711982,282.580291748047,85
3856,395.180347989194,389.282461736943,282.580291748047,85
3857,398.694532263466,389.948653693289,282.580291748047,85
3858,387.922843565403,389.539961097104,283.312255859375,85
3859,393.662862776309,389.543199213619,283.312255859375,85
3860,376.494304285912,388.784794305533,283.312255859375,85
3861,395.055297560406,388.74283949667,283.312255859375,85
3862,386.524732997282,388.466444825188,283.312255859375,85
3863,395.730098751878,388.53465726518,283.312255859375,85
3864,389.39184139941,388.309713337847,283.312255859375,85
3865,390.051672086942,388.287617193223,283.312255859375,85
3866,388.074043726892,388.123564718611,283.312255859375,85
3867,389.714282119046,388.545438106014,283.312255859375,85
3868,393.40891860798,388.67024673315,283.312255859375,85
3869,390.829794823549,388.655610425136,283.312255859375,85
3870,394.470135450684,388.743366334184,283.312255859375,85
3871,388.285609804608,388.731662050889,283.312255859375,85
3872,383.511814607066,388.268271463332,283.312255859375,85
3873,384.132785699185,389.381720521437,283.312255859375,85
3874,379.943644420839,388.936174194273,283.312255859375,85
3875,388.656308188402,389.525992651509,283.312255859375,85
3876,392.317824910815,389.938684889336,283.312255859375,85
3877,386.859971334839,389.610768768143,283.312255859375,85
3878,387.619294395067,389.549212586447,283.312255859375,85
3879,392.169105889912,389.620035652008,283.312255859375,85
3880,388.120682722454,389.472910015102,283.312255859375,85
3881,390.428358553684,389.282830437681,283.312255859375,85
3882,389.665221195697,388.92165799497,284.074584960938,85
3883,388.731971086863,388.954023095829,284.074584960938,85
3884,387.988179533693,388.727035766124,284.074584960938,85
3885,386.476111858253,389.126308069018,284.074584960938,85
3886,390.043510289842,388.925836578195,284.074584960938,85
3887,391.05328502474,389.106978659294,284.074584960938,85
3888,375.209359423019,388.286149086139,284.074584960938,85
3889,389.773374395148,388.301410405969,284.074584960938,85
3890,387.59202936767,388.203024697198,284.074584960938,85
3891,393.477780256916,388.419174158399,284.074584960938,85
3892,384.791722801194,388.222271785685,284.074584960938,85
3893,388.747850399008,388.035829057326,284.074584960938,85
3894,392.22093237604,388.091474559425,284.074584960938,85
3895,389.320328293532,387.885482273139,284.074584960938,85
3896,392.389245668981,388.049627707714,284.074584960938,85
3897,389.770002779024,388.299955234593,284.074584960938,85
3898,393.178489467546,388.661783385327,284.074584960938,85
3899,393.864020981812,389.218598447766,284.074584960938,85
3900,395.590679807023,389.495973312511,284.074584960938,85
3901,341.288829398323,387.454813492011,284.074584960938,85
3902,393.051765328532,387.702485251759,284.074584960938,85
3903,389.766709350699,387.788381849984,284.074584960938,85
3904,391.101551849057,387.74567968835,284.074584960938,85
3905,395.197915153,388.028768985572,284.074584960938,85
3906,394.917411709665,388.208331111811,283.778259277344,85
3907,387.329258129118,388.114892589148,283.778259277344,85
3908,394.686485729183,388.353073174841,283.778259277344,85
3909,395.052089475186,388.6356295725,283.778259277344,85
3910,386.815383215046,388.649200426772,283.778259277344,85
3911,392.967213865087,388.766148569782,283.778259277344,85
3912,393.350678198116,388.858044296717,283.778259277344,85
3913,384.111782334973,389.214141213195,283.778259277344,85
3914,395.402770200788,389.439317045421,283.778259277344,85
3915,393.205087496181,389.663839370561,283.778259277344,85
3916,391.340604037033,389.578352321766,283.778259277344,85
3917,390.403775983121,389.802834449043,283.778259277344,85
3918,384.667001859236,389.639600507452,283.778259277344,85
3919,386.001440525263,389.390820833421,283.778259277344,85
3920,392.880771408592,389.533238558023,283.778259277344,85
3921,375.091024223763,388.841309700215,283.778259277344,85
3922,369.517292913887,388.031201305609,283.778259277344,85
3923,379.484242862748,387.483431441417,283.778259277344,85
3924,388.825155065571,387.281876804768,283.778259277344,85
3925,392.515493157179,387.158869338774,283.778259277344,85
3926,394.210376878336,389.275731237974,283.778259277344,85
3927,394.873947653734,389.348618530982,283.778259277344,85
3928,392.327381273465,389.451045407893,283.778259277344,85
3929,395.661902743164,389.633459443657,283.778259277344,85
3930,389.900999312667,389.421582810044,283.404418945312,85
3931,389.751024253377,389.214927311793,283.404418945312,85
3932,391.296246681358,389.373606853882,283.404418945312,85
3933,363.656624062572,388.132412387218,283.404418945312,85
3934,393.310769600174,388.062759592217,283.404418945312,85
3935,391.955774102851,388.26837522773,283.404418945312,85
3936,393.22866699424,388.278833352896,283.404418945312,85
3937,374.806836188121,387.537079672496,283.404418945312,85
3938,389.286765053429,387.744078981234,283.404418945312,85
3939,392.320803870474,387.620800328022,283.404418945312,85
3940,392.82181395189,387.60546938625,283.404418945312,85
3941,397.439501226522,387.849425273829,283.404418945312,85
3942,388.633385953196,387.778609672632,283.404418945312,85
3943,393.378621238829,388.127074447816,283.404418945312,85
3944,389.943784431205,388.284768204054,283.404418945312,85
3945,387.55162003626,388.07160214916,283.404418945312,85
3946,385.004572444366,388.468144077985,283.404418945312,85
3947,379.821636927706,388.880317838537,283.404418945312,85
3948,389.088929391717,389.264505299696,283.404418945312,85
3949,394.940951270356,389.509137147888,283.404418945312,85
3950,392.273221036055,389.499446263043,283.404418945312,85
3951,389.592369157975,389.314725954228,283.404418945312,85
3952,391.741516713642,389.189428716624,283.404418945312,85
3953,392.125860675207,389.181367892694,283.404418945312,85
3954,388.518233347593,388.895621116871,283.519470214844,85
3955,395.560377679178,389.121996251532,283.519470214844,85
3956,393.518681359472,389.272702535776,283.519470214844,85
3957,393.500493007302,389.360872388813,283.519470214844,85
3958,390.50610975429,390.434851816482,283.519470214844,85
3959,392.434009067706,390.399781395183,283.519470214844,85
3960,387.955545049034,390.239772233031,283.519470214844,85
3961,387.848547349219,390.02456744723,283.519470214844,85
3962,388.491715457852,390.571962618019,283.519470214844,85
3963,388.690113201493,390.548096543941,283.519470214844,85
3964,389.033276034426,390.4165954305,283.519470214844,85
3965,386.967115793773,390.182407504175,283.519470214844,85
3966,388.446952774506,389.822705566094,283.519470214844,85
3967,390.808637989443,389.909715647544,283.519470214844,85
3968,383.477063011324,389.513653318444,283.519470214844,85
3969,386.864354659864,389.39047612759,283.519470214844,85
3970,385.605953483727,389.312649465489,283.519470214844,85
3971,395.485314876211,389.731879162763,283.519470214844,85
3972,395.722386162147,390.36790913214,283.519470214844,85
3973,395.250623368884,390.614376891227,283.519470214844,85
3974,391.184106031023,390.464103081654,283.519470214844,85
3975,359.09979682282,389.137166113124,283.519470214844,85
3976,394.668101220523,389.340195395626,283.519470214844,85
3977,398.782508050402,389.621835049097,283.519470214844,85
3978,398.584821107397,389.880193466384,284.352294921875,85
3979,391.877395064891,390.014559935076,284.352294921875,85
3980,395.450120522643,390.010149648815,284.352294921875,85
3981,391.954173215362,389.94756932305,284.352294921875,85
3982,396.533586410168,390.068893059165,284.352294921875,85
3983,393.596602155378,390.192512755209,284.352294921875,85
3984,399.238900493327,390.464708412233,284.352294921875,85
3985,392.63337152896,390.65182147143,284.352294921875,85
3986,392.930997107835,390.855119461775,284.352294921875,85
3987,383.2617728398,390.645921757053,284.352294921875,85
3988,391.456634768032,390.756582619715,284.352294921875,85
3989,399.49343397312,391.174988937262,284.352294921875,85
3990,388.191032016154,391.223945586158,284.352294921875,85
3991,396.306446821849,391.538325348051,284.352294921875,85
3992,389.098787507998,391.469931328794,284.352294921875,85
3993,391.023351026841,391.771782849414,284.352294921875,85
3994,392.191481684769,391.98486793041,284.352294921875,85
3995,385.884740008087,391.996019391385,284.352294921875,85
3996,390.482582926092,391.79591011338,284.352294921875,85
3997,394.514400304096,391.747590679058,284.352294921875,85
3998,383.065456020176,391.26018398511,284.352294921875,85
3999,393.117746913325,391.337529620402,284.352294921875,85
4000,393.384172387197,392.708904642977,284.352294921875,85
